year,province_name,pathway,annual_generation_mwh,baseline_emissions_mt,abatement_mt,captured_mt,province_generation_mwh,generation_share
2030,Anhui,ammonia,0.0,0.0,0.0,0.0,374118791.50000006,0.0
2030,Anhui,beccs,0.0,0.0,0.0,0.0,374118791.50000006,0.0
2030,Anhui,biomass,0.0,0.0,0.0,0.0,374118791.50000006,0.0
2030,Anhui,ccs,0.0,0.0,0.0,0.0,374118791.50000006,0.0
2030,Anhui,retire,0.0,0.0,0.0,0.0,374118791.50000006,0.0
2030,Anhui,unabated,374118791.50000006,306.77740903,0.0,0.0,374118791.50000006,1.0
2030,Chongqing,ammonia,0.0,0.0,0.0,0.0,61624646.8,0.0
2030,Chongqing,beccs,0.0,0.0,0.0,0.0,61624646.8,0.0
2030,Chongqing,biomass,0.0,0.0,0.0,0.0,61624646.8,0.0
2030,Chongqing,ccs,0.0,0.0,0.0,0.0,61624646.8,0.0
2030,Chongqing,retire,0.0,0.0,0.0,0.0,61624646.8,0.0
2030,Chongqing,unabated,61624646.8,50.532210375999995,0.0,0.0,61624646.8,1.0
2030,Fujian,ammonia,0.0,0.0,0.0,0.0,180062901.2,0.0
2030,Fujian,beccs,0.0,0.0,0.0,0.0,180062901.2,0.0
2030,Fujian,biomass,0.0,0.0,0.0,0.0,180062901.2,0.0
2030,Fujian,ccs,0.0,0.0,0.0,0.0,180062901.2,0.0
2030,Fujian,retire,0.0,0.0,0.0,0.0,180062901.2,0.0
2030,Fujian,unabated,180062901.2,147.65157898399997,0.0,0.0,180062901.2,1.0
2030,Gansu,ammonia,0.0,0.0,0.0,0.0,138382488.0,0.0
2030,Gansu,beccs,0.0,0.0,0.0,0.0,138382488.0,0.0
2030,Gansu,biomass,0.0,0.0,0.0,0.0,138382488.0,0.0
2030,Gansu,ccs,0.0,0.0,0.0,0.0,138382488.0,0.0
2030,Gansu,retire,0.0,0.0,0.0,0.0,138382488.0,0.0
2030,Gansu,unabated,138382488.0,113.47364016,0.0,0.0,138382488.0,1.0
2030,Guangdong,ammonia,0.0,0.0,0.0,0.0,456794716.04,0.0
2030,Guangdong,beccs,0.0,0.0,0.0,0.0,456794716.04,0.0
2030,Guangdong,biomass,0.0,0.0,0.0,0.0,456794716.04,0.0
2030,Guangdong,ccs,0.0,0.0,0.0,0.0,456794716.04,0.0
2030,Guangdong,retire,0.0,0.0,0.0,0.0,456794716.04,0.0
2030,Guangdong,unabated,456794716.04,374.5716671528,0.0,0.0,456794716.04,1.0
2030,Guangxi,ammonia,0.0,0.0,0.0,0.0,146555161.48000002,0.0
2030,Guangxi,beccs,0.0,0.0,0.0,0.0,146555161.48000002,0.0
2030,Guangxi,biomass,32563896.599295698,26.70239521142247,26.70239521142247,0.0,146555161.48000002,0.2221954946550252
2030,Guangxi,ccs,0.0,0.0,0.0,0.0,146555161.48000002,0.0
2030,Guangxi,retire,0.0,0.0,0.0,0.0,146555161.48000002,0.0
2030,Guangxi,unabated,113991264.88070431,93.47283720217753,0.0,0.0,146555161.48000002,0.7778045053449748
2030,Guizhou,ammonia,0.0,0.0,0.0,0.0,219600846.0,0.0
2030,Guizhou,beccs,0.0,0.0,0.0,0.0,219600846.0,0.0
2030,Guizhou,biomass,0.0,0.0,0.0,0.0,219600846.0,0.0
2030,Guizhou,ccs,0.0,0.0,0.0,0.0,219600846.0,0.0
2030,Guizhou,retire,0.0,0.0,0.0,0.0,219600846.0,0.0
2030,Guizhou,unabated,219600846.0,180.07269372,0.0,0.0,219600846.0,1.0
2030,Hainan,ammonia,0.0,0.0,0.0,0.0,15394554.0,0.0
2030,Hainan,beccs,0.0,0.0,0.0,0.0,15394554.0,0.0
2030,Hainan,biomass,0.0,0.0,0.0,0.0,15394554.0,0.0
2030,Hainan,ccs,0.0,0.0,0.0,0.0,15394554.0,0.0
2030,Hainan,retire,0.0,0.0,0.0,0.0,15394554.0,0.0
2030,Hainan,unabated,15394554.0,12.623534279999998,0.0,0.0,15394554.0,1.0
2030,Hebei,ammonia,0.0,0.0,0.0,0.0,288129137.40000004,0.0
2030,Hebei,beccs,0.0,0.0,0.0,0.0,288129137.40000004,0.0
2030,Hebei,biomass,0.0,0.0,0.0,0.0,288129137.40000004,0.0
2030,Hebei,ccs,0.0,0.0,0.0,0.0,288129137.40000004,0.0
2030,Hebei,retire,0.0,0.0,0.0,0.0,288129137.40000004,0.0
2030,Hebei,unabated,288129137.40000004,236.265892668,0.0,0.0,288129137.40000004,1.0
2030,Heilongjiang,ammonia,0.0,0.0,0.0,0.0,73260688.5,0.0
2030,Heilongjiang,beccs,0.0,0.0,0.0,0.0,73260688.5,0.0
2030,Heilongjiang,biomass,0.0,0.0,0.0,0.0,73260688.5,0.0
2030,Heilongjiang,ccs,0.0,0.0,0.0,0.0,73260688.5,0.0
2030,Heilongjiang,retire,0.0,0.0,0.0,0.0,73260688.5,0.0
2030,Heilongjiang,unabated,73260688.5,60.07376457,0.0,0.0,73260688.5,1.0
2030,Henan,ammonia,0.0,0.0,0.0,0.0,266334404.0,0.0
2030,Henan,beccs,0.0,0.0,0.0,0.0,266334404.0,0.0
2030,Henan,biomass,0.0,0.0,0.0,0.0,266334404.0,0.0
2030,Henan,ccs,0.0,0.0,0.0,0.0,266334404.0,0.0
2030,Henan,retire,0.0,0.0,0.0,0.0,266334404.0,0.0
2030,Henan,unabated,266334404.0,218.39421127999998,0.0,0.0,266334404.0,1.0
2030,Hubei,ammonia,0.0,0.0,0.0,0.0,177592304.79999998,0.0
2030,Hubei,beccs,0.0,0.0,0.0,0.0,177592304.79999998,0.0
2030,Hubei,biomass,4368635.797434421,3.5822813538962253,3.5822813538962253,0.0,177592304.79999998,0.024599240391379965
2030,Hubei,ccs,0.0,0.0,0.0,0.0,177592304.79999998,0.0
2030,Hubei,retire,0.0,0.0,0.0,0.0,177592304.79999998,0.0
2030,Hubei,unabated,173223669.00256556,142.04340858210375,0.0,0.0,177592304.79999998,0.97540075960862
2030,Hunan,ammonia,0.0,0.0,0.0,0.0,132385306.5,0.0
2030,Hunan,beccs,0.0,0.0,0.0,0.0,132385306.5,0.0
2030,Hunan,biomass,13596012.0,11.14872984,11.14872984,0.0,132385306.5,0.10270030987162461
2030,Hunan,ccs,0.0,0.0,0.0,0.0,132385306.5,0.0
2030,Hunan,retire,0.0,0.0,0.0,0.0,132385306.5,0.0
2030,Hunan,unabated,118789294.5,97.40722149,0.0,0.0,132385306.5,0.8972996901283754
2030,Inner Mongolia,ammonia,0.0,0.0,0.0,0.0,635538828.0,0.0
2030,Inner Mongolia,beccs,0.0,0.0,0.0,0.0,635538828.0,0.0
2030,Inner Mongolia,biomass,0.0,0.0,0.0,0.0,635538828.0,0.0
2030,Inner Mongolia,ccs,0.0,0.0,0.0,0.0,635538828.0,0.0
2030,Inner Mongolia,retire,0.0,0.0,0.0,0.0,635538828.0,0.0
2030,Inner Mongolia,unabated,635538828.0,521.14183896,0.0,0.0,635538828.0,1.0
2030,Jiangsu,ammonia,0.0,0.0,0.0,0.0,561048876.5,0.0
2030,Jiangsu,beccs,0.0,0.0,0.0,0.0,561048876.5,0.0
2030,Jiangsu,biomass,0.0,0.0,0.0,0.0,561048876.5,0.0
2030,Jiangsu,ccs,0.0,0.0,0.0,0.0,561048876.5,0.0
2030,Jiangsu,retire,0.0,0.0,0.0,0.0,561048876.5,0.0
2030,Jiangsu,unabated,561048876.5,460.06007873,0.0,0.0,561048876.5,1.0
2030,Jiangxi,ammonia,0.0,0.0,0.0,0.0,191814235.20000002,0.0
2030,Jiangxi,beccs,0.0,0.0,0.0,0.0,191814235.20000002,0.0
2030,Jiangxi,biomass,27273469.95769516,22.364245365310026,22.364245365310026,0.0,191814235.20000002,0.14218689206907809
2030,Jiangxi,ccs,0.0,0.0,0.0,0.0,191814235.20000002,0.0
2030,Jiangxi,retire,0.0,0.0,0.0,0.0,191814235.20000002,0.0
2030,Jiangxi,unabated,164540765.24230486,134.92342749869,0.0,0.0,191814235.20000002,0.8578131079309219
2030,Jilin,ammonia,0.0,0.0,0.0,0.0,61422565.400000006,0.0
2030,Jilin,beccs,0.0,0.0,0.0,0.0,61422565.400000006,0.0
2030,Jilin,biomass,0.0,0.0,0.0,0.0,61422565.400000006,0.0
2030,Jilin,ccs,0.0,0.0,0.0,0.0,61422565.400000006,0.0
2030,Jilin,retire,0.0,0.0,0.0,0.0,61422565.400000006,0.0
2030,Jilin,unabated,61422565.400000006,50.366503628,0.0,0.0,61422565.400000006,1.0
2030,Liaoning,ammonia,0.0,0.0,0.0,0.0,98865819.49999999,0.0
2030,Liaoning,beccs,0.0,0.0,0.0,0.0,98865819.49999999,0.0
2030,Liaoning,biomass,0.0,0.0,0.0,0.0,98865819.49999999,0.0
2030,Liaoning,ccs,0.0,0.0,0.0,0.0,98865819.49999999,0.0
2030,Liaoning,retire,0.0,0.0,0.0,0.0,98865819.49999999,0.0
2030,Liaoning,unabated,98865819.49999999,81.06997198999998,0.0,0.0,98865819.49999999,1.0
2030,Ningxia,ammonia,0.0,0.0,0.0,0.0,207982456.0,0.0
2030,Ningxia,beccs,0.0,0.0,0.0,0.0,207982456.0,0.0
2030,Ningxia,biomass,0.0,0.0,0.0,0.0,207982456.0,0.0
2030,Ningxia,ccs,0.0,0.0,0.0,0.0,207982456.0,0.0
2030,Ningxia,retire,0.0,0.0,0.0,0.0,207982456.0,0.0
2030,Ningxia,unabated,207982456.0,170.54561392,0.0,0.0,207982456.0,1.0
2030,Qinghai,ammonia,0.0,0.0,0.0,0.0,26466620.0,0.0
2030,Qinghai,beccs,0.0,0.0,0.0,0.0,26466620.0,0.0
2030,Qinghai,biomass,0.0,0.0,0.0,0.0,26466620.0,0.0
2030,Qinghai,ccs,0.0,0.0,0.0,0.0,26466620.0,0.0
2030,Qinghai,retire,0.0,0.0,0.0,0.0,26466620.0,0.0
2030,Qinghai,unabated,26466620.0,21.7026284,0.0,0.0,26466620.0,1.0
2030,Shaanxi,ammonia,0.0,0.0,0.0,0.0,351649620.0,0.0
2030,Shaanxi,beccs,0.0,0.0,0.0,0.0,351649620.0,0.0
2030,Shaanxi,biomass,0.0,0.0,0.0,0.0,351649620.0,0.0
2030,Shaanxi,ccs,0.0,0.0,0.0,0.0,351649620.0,0.0
2030,Shaanxi,retire,0.0,0.0,0.0,0.0,351649620.0,0.0
2030,Shaanxi,unabated,351649620.0,288.3526884,0.0,0.0,351649620.0,1.0
2030,Shandong,ammonia,0.0,0.0,0.0,0.0,534949970.4000001,0.0
2030,Shandong,beccs,0.0,0.0,0.0,0.0,534949970.4000001,0.0
2030,Shandong,biomass,0.0,0.0,0.0,0.0,534949970.4000001,0.0
2030,Shandong,ccs,0.0,0.0,0.0,0.0,534949970.4000001,0.0
2030,Shandong,retire,0.0,0.0,0.0,0.0,534949970.4000001,0.0
2030,Shandong,unabated,534949970.4000001,438.65897572800003,0.0,0.0,534949970.4000001,1.0
2030,Shanxi,ammonia,0.0,0.0,0.0,0.0,365647169.0,0.0
2030,Shanxi,beccs,0.0,0.0,0.0,0.0,365647169.0,0.0
2030,Shanxi,biomass,0.0,0.0,0.0,0.0,365647169.0,0.0
2030,Shanxi,ccs,0.0,0.0,0.0,0.0,365647169.0,0.0
2030,Shanxi,retire,0.0,0.0,0.0,0.0,365647169.0,0.0
2030,Shanxi,unabated,365647169.0,299.83067858,0.0,0.0,365647169.0,1.0
2030,Sichuan,ammonia,0.0,0.0,0.0,0.0,85313529.99999999,0.0
2030,Sichuan,beccs,0.0,0.0,0.0,0.0,85313529.99999999,0.0
2030,Sichuan,biomass,2224527.159998776,1.8241122711989959,1.8241122711989959,0.0,85313529.99999999,0.026074728826702826
2030,Sichuan,ccs,0.0,0.0,0.0,0.0,85313529.99999999,0.0
2030,Sichuan,retire,0.0,0.0,0.0,0.0,85313529.99999999,0.0
2030,Sichuan,unabated,83089002.84000121,68.13298232880099,0.0,0.0,85313529.99999999,0.9739252711732972
2030,Tianjin,ammonia,0.0,0.0,0.0,0.0,26537140.0,0.0
2030,Tianjin,beccs,0.0,0.0,0.0,0.0,26537140.0,0.0
2030,Tianjin,biomass,0.0,0.0,0.0,0.0,26537140.0,0.0
2030,Tianjin,ccs,0.0,0.0,0.0,0.0,26537140.0,0.0
2030,Tianjin,retire,0.0,0.0,0.0,0.0,26537140.0,0.0
2030,Tianjin,unabated,26537140.0,21.760454799999998,0.0,0.0,26537140.0,1.0
2030,Xinjiang,ammonia,0.0,0.0,0.0,0.0,493448921.99999994,0.0
2030,Xinjiang,beccs,0.0,0.0,0.0,0.0,493448921.99999994,0.0
2030,Xinjiang,biomass,0.0,0.0,0.0,0.0,493448921.99999994,0.0
2030,Xinjiang,ccs,0.0,0.0,0.0,0.0,493448921.99999994,0.0
2030,Xinjiang,retire,0.0,0.0,0.0,0.0,493448921.99999994,0.0
2030,Xinjiang,unabated,493448921.99999994,404.62811603999995,0.0,0.0,493448921.99999994,1.0
2030,Yunnan,ammonia,0.0,0.0,0.0,0.0,40429443.99999999,0.0
2030,Yunnan,beccs,0.0,0.0,0.0,0.0,40429443.99999999,0.0
2030,Yunnan,biomass,0.0,0.0,0.0,0.0,40429443.99999999,0.0
2030,Yunnan,ccs,0.0,0.0,0.0,0.0,40429443.99999999,0.0
2030,Yunnan,retire,0.0,0.0,0.0,0.0,40429443.99999999,0.0
2030,Yunnan,unabated,40429443.99999999,33.15214407999999,0.0,0.0,40429443.99999999,1.0
2030,Zhejiang,ammonia,0.0,0.0,0.0,0.0,364498397.94,0.0
2030,Zhejiang,beccs,0.0,0.0,0.0,0.0,364498397.94,0.0
2030,Zhejiang,biomass,0.0,0.0,0.0,0.0,364498397.94,0.0
2030,Zhejiang,ccs,0.0,0.0,0.0,0.0,364498397.94,0.0
2030,Zhejiang,retire,0.0,0.0,0.0,0.0,364498397.94,0.0
2030,Zhejiang,unabated,364498397.94,298.8886863108,0.0,0.0,364498397.94,1.0
2040,Anhui,ammonia,0.0,0.0,0.0,0.0,374118791.5000001,0.0
2040,Anhui,beccs,16260162.601626068,13.333333333333377,25.333333333333414,13.8,374118791.5000001,0.043462565824165675
2040,Anhui,biomass,154324926.03755033,126.54643935079126,126.54643935079126,0.0,374118791.5000001,0.41250247125731526
2040,Anhui,ccs,0.0,0.0,0.0,0.0,374118791.5000001,0.0
2040,Anhui,retire,0.0,0.0,0.0,0.0,374118791.5000001,0.0
2040,Anhui,unabated,203533702.86082375,166.89763634587547,0.0,0.0,374118791.5000001,0.5440349629185192
2040,Chongqing,ammonia,0.0,0.0,0.0,0.0,61624646.8,0.0
2040,Chongqing,beccs,31229418.8,25.608123415999998,48.6554344904,26.504407735560036,61624646.8,0.5067683211451689
2040,Chongqing,biomass,30395228.0,24.92408696,24.92408696,0.0,61624646.8,0.4932316788548312
2040,Chongqing,ccs,0.0,0.0,0.0,0.0,61624646.8,0.0
2040,Chongqing,retire,0.0,0.0,0.0,0.0,61624646.8,0.0
2040,Chongqing,unabated,0.0,0.0,0.0,0.0,61624646.8,0.0
2040,Fujian,ammonia,0.0,0.0,0.0,0.0,180062901.2,0.0
2040,Fujian,beccs,48931824.61412731,40.12409618358439,76.23578274881034,41.52843955000984,180062901.2,0.27174850726068
2040,Fujian,biomass,15686172.0,12.862661039999999,12.862661039999999,0.0,180062901.2,0.08711495758127884
2040,Fujian,ccs,0.0,0.0,0.0,0.0,180062901.2,0.0
2040,Fujian,retire,0.0,0.0,0.0,0.0,180062901.2,0.0
2040,Fujian,unabated,115444904.5858727,94.6648217604156,0.0,0.0,180062901.2,0.6411365351580413
2040,Gansu,ammonia,0.0,0.0,0.0,0.0,138382488.00000003,0.0
2040,Gansu,beccs,35707785.24141506,29.28038389796035,55.63272940612466,30.30519733438896,138382488.00000003,0.2580368784915549
2040,Gansu,biomass,2765136.0,2.26741152,2.26741152,0.0,138382488.00000003,0.01998183469573115
2040,Gansu,ccs,50303537.47214705,41.248900727160574,37.12401065444452,42.69261225261119,138382488.00000003,0.3635108618089526
2040,Gansu,retire,802777.1831251959,0.6582772901626607,0.6582772901626607,0.0,138382488.00000003,0.005801147202420553
2040,Gansu,unabated,48803252.10331272,40.01866672471643,0.0,0.0,138382488.00000003,0.35266927780134083
2040,Guangdong,ammonia,0.0,0.0,0.0,0.0,456794716.04,0.0
2040,Guangdong,beccs,153802832.52898335,126.11832267376634,231.99516881791448,130.17707310554803,456794716.04,0.33670011304490516
2040,Guangdong,biomass,2899020.0,2.3771964,2.3771964,0.0,456794716.04,0.006346439435928462
2040,Guangdong,ccs,23614792.472627215,19.364129827554315,17.427716844798887,20.041874371518677,456794716.04,0.0516967286253796
2040,Guangdong,retire,0.0,0.0,0.0,0.0,456794716.04,0.0
2040,Guangdong,unabated,276478071.03838944,226.71201825147935,0.0,0.0,456794716.04,0.6052567188937867
2040,Guangxi,ammonia,0.0,0.0,0.0,0.0,146555161.48000002,0.0
2040,Guangxi,beccs,63941956.81011626,52.432404584295334,99.62156871016113,54.267538744745664,146555161.48000002,0.436299589617949
2040,Guangxi,biomass,68232983.0,55.951046059999996,55.951046059999996,0.0,146555161.48000002,0.46557884629202617
2040,Guangxi,ccs,0.0,0.0,0.0,0.0,146555161.48000002,0.0
2040,Guangxi,retire,14380221.66988376,11.791781769304682,11.791781769304682,0.0,146555161.48000002,0.09812156409002483
2040,Guangxi,unabated,0.0,0.0,0.0,0.0,146555161.48000002,0.0
2040,Guizhou,ammonia,0.0,0.0,0.0,0.0,219600846.00000003,0.0
2040,Guizhou,beccs,0.0,0.0,0.0,0.0,219600846.00000003,0.0
2040,Guizhou,biomass,76467323.58835366,62.70320534245001,62.70320534245001,0.0,219600846.00000003,0.3482105145822328
2040,Guizhou,ccs,0.0,0.0,0.0,0.0,219600846.00000003,0.0
2040,Guizhou,retire,0.0,0.0,0.0,0.0,219600846.00000003,0.0
2040,Guizhou,unabated,143133522.41164637,117.36948837755001,0.0,0.0,219600846.00000003,0.6517894854177673
2040,Hainan,ammonia,0.0,0.0,0.0,0.0,15394554.00000001,0.0
2040,Hainan,beccs,14861473.071910644,12.186407918966726,23.154175046036784,12.612932196130563,15394554.00000001,0.9653721096376443
2040,Hainan,biomass,0.0,0.0,0.0,0.0,15394554.00000001,0.0
2040,Hainan,ccs,533080.9280893647,0.437126361033279,0.39341372492995114,0.45242578366944386,15394554.00000001,0.034627890362355696
2040,Hainan,retire,0.0,0.0,0.0,0.0,15394554.00000001,0.0
2040,Hainan,unabated,0.0,0.0,0.0,0.0,15394554.00000001,0.0
2040,Hebei,ammonia,0.0,0.0,0.0,0.0,288129137.4000001,0.0
2040,Hebei,beccs,46671284.673971966,38.27045343265701,72.7138615220483,39.6099193028,288129137.4000001,0.1619804407673625
2040,Hebei,biomass,70560171.1919096,57.85934037736587,57.85934037736587,0.0,288129137.4000001,0.24489078691806604
2040,Hebei,ccs,10028121.648882065,8.223059752083293,7.400753776874964,8.510866843406216,288129137.4000001,0.03480426082336948
2040,Hebei,retire,0.0,0.0,0.0,0.0,288129137.4000001,0.0
2040,Hebei,unabated,160869559.88523644,131.9130391058939,0.0,0.0,288129137.4000001,0.5583245114912019
2040,Heilongjiang,ammonia,0.0,0.0,0.0,0.0,73260688.5,0.0
2040,Heilongjiang,beccs,52861802.984800376,43.34667844753631,82.35868905031899,43.85907912255008,73260688.5,0.7215575510841722
2040,Heilongjiang,biomass,20398885.515199628,16.727086122463692,16.727086122463692,0.0,73260688.5,0.27844244891582787
2040,Heilongjiang,ccs,0.0,0.0,0.0,0.0,73260688.5,0.0
2040,Heilongjiang,retire,0.0,0.0,0.0,0.0,73260688.5,0.0
2040,Heilongjiang,unabated,0.0,0.0,0.0,0.0,73260688.5,0.0
2040,Henan,ammonia,0.0,0.0,0.0,0.0,266334404.0,0.0
2040,Henan,beccs,0.0,0.0,0.0,0.0,266334404.0,0.0
2040,Henan,biomass,186063322.15969482,152.57192417094973,152.57192417094973,0.0,266334404.0,0.6986079130794338
2040,Henan,ccs,0.0,0.0,0.0,0.0,266334404.0,0.0
2040,Henan,retire,0.0,0.0,0.0,0.0,266334404.0,0.0
2040,Henan,unabated,80271081.84030518,65.82228710905025,0.0,0.0,266334404.0,0.3013920869205661
2040,Hubei,ammonia,0.0,0.0,0.0,0.0,177592304.8,0.0
2040,Hubei,beccs,23807826.085071284,19.522417389758452,37.09259304054106,20.2057019984,177592304.8,0.1340588834177419
2040,Hubei,biomass,112822874.65820925,92.51475721973158,92.51475721973158,0.0,177592304.8,0.6352914603212539
2040,Hubei,ccs,0.0,0.0,0.0,0.0,177592304.8,0.0
2040,Hubei,retire,0.0,0.0,0.0,0.0,177592304.8,0.0
2040,Hubei,unabated,40961604.056719474,33.58851532650996,0.0,0.0,177592304.8,0.23064965626100412
2040,Hunan,ammonia,0.0,0.0,0.0,0.0,132385306.5,0.0
2040,Hunan,beccs,0.0,0.0,0.0,0.0,132385306.5,0.0
2040,Hunan,biomass,114315894.0,93.73903307999998,93.73903307999998,0.0,132385306.5,0.8635089272539471
2040,Hunan,ccs,0.0,0.0,0.0,0.0,132385306.5,0.0
2040,Hunan,retire,0.0,0.0,0.0,0.0,132385306.5,0.0
2040,Hunan,unabated,18069412.5,14.81691825,0.0,0.0,132385306.5,0.13649107274605282
2040,Inner Mongolia,ammonia,0.0,0.0,0.0,0.0,635538827.9999995,0.0
2040,Inner Mongolia,beccs,55091821.89247024,45.175293951825594,83.4252854597357,46.75642924013949,635538827.9999995,0.08668521806266459
2040,Inner Mongolia,biomass,444422.21718651004,0.36442621809293824,0.3307429890464691,0.0,635538827.9999995,0.0006992841312073388
2040,Inner Mongolia,ccs,35314505.73036061,28.9578946988957,26.06210522900613,29.971421013357038,635538827.9999995,0.0555662442238079
2040,Inner Mongolia,retire,0.0,0.0,0.0,0.0,635538827.9999995,0.0
2040,Inner Mongolia,unabated,544688078.1599822,446.64422409118544,0.0,0.0,635538827.9999995,0.8570492535823202
2040,Jiangsu,ammonia,0.0,0.0,0.0,0.0,561048876.5,0.0
2040,Jiangsu,beccs,96992259.06955796,79.53365243703752,151.1139396303713,82.31733027233376,561048876.5,0.17287666570981533
2040,Jiangsu,biomass,10264181.225075407,8.416628604561833,8.406618279858904,0.0,561048876.5,0.018294629318405572
2040,Jiangsu,ccs,0.0,0.0,0.0,0.0,561048876.5,0.0
2040,Jiangsu,retire,0.0,0.0,0.0,0.0,561048876.5,0.0
2040,Jiangsu,unabated,453792436.2053667,372.10979768840065,0.0,0.0,561048876.5,0.8088287049717792
2040,Jiangxi,ammonia,0.0,0.0,0.0,0.0,191814235.20000002,0.0
2040,Jiangxi,beccs,25095121.651509475,20.57799975423777,39.098199533051755,21.29822974563609,191814235.20000002,0.13083034022653953
2040,Jiangxi,biomass,141569281.88231513,116.08681114349838,116.08681114349838,0.0,191814235.20000002,0.7380540955925627
2040,Jiangxi,ccs,0.0,0.0,0.0,0.0,191814235.20000002,0.0
2040,Jiangxi,retire,0.0,0.0,0.0,0.0,191814235.20000002,0.0
2040,Jiangxi,unabated,25149831.666175436,20.622861966263855,0.0,0.0,191814235.20000002,0.13111556418089784
2040,Jilin,ammonia,0.0,0.0,0.0,0.0,61422565.400000006,0.0
2040,Jilin,beccs,48879872.853047095,40.081495739498614,76.15484190504736,41.062256537661064,61422565.400000006,0.7957966674743789
2040,Jilin,biomass,12542692.54695291,10.285007888501386,10.285007888501386,0.0,61422565.400000006,0.20420333252562112
2040,Jilin,ccs,0.0,0.0,0.0,0.0,61422565.400000006,0.0
2040,Jilin,retire,0.0,0.0,0.0,0.0,61422565.400000006,0.0
2040,Jilin,unabated,0.0,0.0,0.0,0.0,61422565.400000006,0.0
2040,Liaoning,ammonia,0.0,0.0,0.0,0.0,98865819.5,0.0
2040,Liaoning,beccs,6669023.211971236,5.468599033816413,10.390338164251183,5.659999999999988,98865819.5,0.0674552969438668
2040,Liaoning,biomass,77809548.28802876,63.803829596183576,63.803829596183576,0.0,98865819.5,0.78702172987125
2040,Liaoning,ccs,0.0,0.0,0.0,0.0,98865819.5,0.0
2040,Liaoning,retire,0.0,0.0,0.0,0.0,98865819.5,0.0
2040,Liaoning,unabated,14387248.0,11.797543359999999,0.0,0.0,98865819.5,0.14552297318488316
2040,Ningxia,ammonia,0.0,0.0,0.0,0.0,207982455.99999988,0.0
2040,Ningxia,beccs,13222594.0,10.84252708,20.600801452,11.2220155278,207982455.99999988,0.06357552581261953
2040,Ningxia,biomass,0.0,0.0,0.0,0.0,207982455.99999988,0.0
2040,Ningxia,ccs,0.0,0.0,0.0,0.0,207982455.99999988,0.0
2040,Ningxia,retire,8534590.990381937,6.998364612113188,6.998364612113188,0.0,207982455.99999988,0.04103514861071716
2040,Ningxia,unabated,186225271.00961795,152.70472222788672,0.0,0.0,207982455.99999988,0.8953893255766634
2040,Qinghai,ammonia,0.0,0.0,0.0,0.0,26466620.000000007,0.0
2040,Qinghai,beccs,1106190.0,0.9070757999999999,1.7234440199999996,0.9388234529999999,26466620.000000007,0.04179566563467491
2040,Qinghai,biomass,0.0,0.0,0.0,0.0,26466620.000000007,0.0
2040,Qinghai,ccs,10606151.04583469,8.697043857584447,7.827339471826002,9.001440392599902,26466620.000000007,0.4007368921998611
2040,Qinghai,retire,0.0,0.0,0.0,0.0,26466620.000000007,0.0
2040,Qinghai,unabated,14754278.954165319,12.09850874241556,0.0,0.0,26466620.000000007,0.5574674421654641
2040,Shaanxi,ammonia,0.0,0.0,0.0,0.0,351649620.00000006,0.0
2040,Shaanxi,beccs,54691654.53045833,44.847156714975824,85.20959775845407,46.416807199999994,351649620.00000006,0.15552883159793637
2040,Shaanxi,biomass,27631769.145184867,22.65805069905159,22.65805069905159,0.0,351649620.00000006,0.07857756008718242
2040,Shaanxi,ccs,13579358.538406488,11.135074001493319,10.021566601343988,11.524801591545584,351649620.00000006,0.03861616155992571
2040,Shaanxi,retire,79823420.0,65.4552044,65.4552044,0.0,351649620.00000006,0.2269970318750806
2040,Shaanxi,unabated,175923417.78595036,144.2572025844793,0.0,0.0,351649620.00000006,0.5002804148798748
2040,Shandong,ammonia,0.0,0.0,0.0,0.0,534949970.4,0.0
2040,Shandong,beccs,47130906.0916696,38.64734299516907,73.42995169082123,39.999999999999986,534949970.4,0.08810339040944005
2040,Shandong,biomass,213865567.32820034,175.36976520912427,175.36976520912427,0.0,534949970.4,0.39978610928473535
2040,Shandong,ccs,0.0,0.0,0.0,0.0,534949970.4,0.0
2040,Shandong,retire,64158.222886970434,0.052609742767315754,0.052609742767315754,0.0,534949970.4,0.00011993312727729883
2040,Shandong,unabated,273889338.75724304,224.5892577809393,0.0,0.0,534949970.4,0.5119905671785472
2040,Shanxi,ammonia,0.0,0.0,0.0,0.0,365647168.99999976,0.0
2040,Shanxi,beccs,50785615.0,41.6442043,79.12398816999999,43.1017514505,365647168.99999976,0.13889240586462748
2040,Shanxi,biomass,0.0,0.0,0.0,0.0,365647168.99999976,0.0
2040,Shanxi,ccs,5493988.401084027,4.505070488888902,4.054563440000012,4.662747956000014,365647168.99999976,0.015025382026365507
2040,Shanxi,retire,25830354.268027738,21.180890499782745,21.180890499782745,0.0,365647168.99999976,0.07064283948559097
2040,Shanxi,unabated,283537211.33088803,232.50051329132816,0.0,0.0,365647168.99999976,0.7754393726234161
2040,Sichuan,ammonia,0.0,0.0,0.0,0.0,85313530.0,0.0
2040,Sichuan,beccs,74242213.01555093,60.87861467275175,115.66936787822833,63.00936618629806,85313530.0,0.8702278878338633
2040,Sichuan,biomass,11071316.984449077,9.078479927248242,9.078479927248242,0.0,85313530.0,0.1297721121661368
2040,Sichuan,ccs,0.0,0.0,0.0,0.0,85313530.0,0.0
2040,Sichuan,retire,0.0,0.0,0.0,0.0,85313530.0,0.0
2040,Sichuan,unabated,0.0,0.0,0.0,0.0,85313530.0,0.0
2040,Tianjin,ammonia,0.0,0.0,0.0,0.0,26537140.00000001,0.0
2040,Tianjin,beccs,0.0,0.0,0.0,0.0,26537140.00000001,0.0
2040,Tianjin,biomass,20188436.642281197,16.55451804667058,16.55451804667058,0.0,26537140.00000001,0.7607615832859603
2040,Tianjin,ccs,0.0,0.0,0.0,0.0,26537140.00000001,0.0
2040,Tianjin,retire,0.0,0.0,0.0,0.0,26537140.00000001,0.0
2040,Tianjin,unabated,6348703.357718815,5.205936753329428,0.0,0.0,26537140.00000001,0.23923841671403973
2040,Xinjiang,ammonia,0.0,0.0,0.0,0.0,493448922.0,0.0
2040,Xinjiang,beccs,24329004.85928979,19.94978398461763,31.94301748981865,20.648026424079244,493448922.0,0.04930399839700084
2040,Xinjiang,biomass,1467379.389510541,1.2032510993986436,1.2032510993986436,0.0,493448922.0,0.0029737209346067657
2040,Xinjiang,ccs,191323926.54160088,156.8856197641127,141.19705778770145,162.37661645585663,493448922.0,0.3877279248400119
2040,Xinjiang,retire,0.0,0.0,0.0,0.0,493448922.0,0.0
2040,Xinjiang,unabated,276328611.2095988,226.589461191871,0.0,0.0,493448922.0,0.5599943558283805
2040,Yunnan,ammonia,0.0,0.0,0.0,0.0,40429444.0,0.0
2040,Yunnan,beccs,0.0,0.0,0.0,0.0,40429444.0,0.0
2040,Yunnan,biomass,35282166.94689559,28.93137689645438,28.93137689645438,0.0,40429444.0,0.8726849408786228
2040,Yunnan,ccs,0.0,0.0,0.0,0.0,40429444.0,0.0
2040,Yunnan,retire,0.0,0.0,0.0,0.0,40429444.0,0.0
2040,Yunnan,unabated,5147277.053104405,4.220767183545613,0.0,0.0,40429444.0,0.1273150591213771
2040,Zhejiang,ammonia,0.0,0.0,0.0,0.0,364498397.9400003,0.0
2040,Zhejiang,beccs,80989509.90513614,66.41139812221162,126.18165643220208,68.73579705648902,364498397.9400003,0.22219441940720885
2040,Zhejiang,biomass,0.0,0.0,0.0,0.0,364498397.9400003,0.0
2040,Zhejiang,ccs,36953643.87916904,30.301987980918614,27.27178918282675,31.36255756025076,364498397.9400003,0.10138218463514877
2040,Zhejiang,retire,0.0,0.0,0.0,0.0,364498397.9400003,0.0
2040,Zhejiang,unabated,246555244.15569508,202.17530020766995,0.0,0.0,364498397.9400003,0.6764233959576422
2050,Anhui,ammonia,0.0,0.0,0.0,0.0,374118791.50000006,0.0
2050,Anhui,beccs,16260162.60162604,13.333333333333353,25.33333333333337,13.8,374118791.50000006,0.043462565824165605
2050,Anhui,biomass,154549218.398374,126.73035908666665,126.73035908666665,0.0,374118791.50000006,0.41310199302932893
2050,Anhui,ccs,0.0,0.0,0.0,0.0,374118791.50000006,0.0
2050,Anhui,retire,203309410.50000003,166.71371661,166.71371661,0.0,374118791.50000006,0.5434354411465054
2050,Anhui,unabated,0.0,0.0,0.0,0.0,374118791.50000006,0.0
2050,Chongqing,ammonia,0.0,0.0,0.0,0.0,61624646.8,0.0
2050,Chongqing,beccs,33391603.0,27.38111446,52.02411747399999,26.45015656836,61624646.8,0.5418546755873658
2050,Chongqing,biomass,28233043.8,23.151095916,23.151095916,0.0,61624646.8,0.4581453244126342
2050,Chongqing,ccs,0.0,0.0,0.0,0.0,61624646.8,0.0
2050,Chongqing,retire,0.0,0.0,0.0,0.0,61624646.8,0.0
2050,Chongqing,unabated,0.0,0.0,0.0,0.0,61624646.8,0.0
2050,Fujian,ammonia,0.0,0.0,0.0,0.0,180062901.19999924,0.0
2050,Fujian,beccs,53897490.09166959,44.19594187516906,83.97228956282122,45.742799840799975,180062901.19999924,0.2993259007406786
2050,Fujian,biomass,18086206.083038952,14.83068898809194,14.83068898809194,0.0,180062901.19999924,0.10044382247818091
2050,Fujian,ccs,0.0,0.0,0.0,0.0,180062901.19999924,0.0
2050,Fujian,retire,107301704.05040973,87.98739732133598,87.98739732133598,0.0,180062901.19999924,0.5959123358299537
2050,Fujian,unabated,777500.974880961,0.637550799402388,0.0,0.0,180062901.19999924,0.004317940951186697
2050,Gansu,ammonia,0.0,0.0,0.0,0.0,138382487.99999958,0.0
2050,Gansu,beccs,35714376.9551865,29.28578910325293,55.64299929618056,28.497377826666778,138382487.99999958,0.25808451250845127
2050,Gansu,biomass,2765136.0,2.26741152,2.26741152,0.0,138382487.99999958,0.019981834695731213
2050,Gansu,ccs,9752742.890047014,7.997249169838551,7.197524252854697,8.2771528907829,138382487.99999958,0.07047671299309956
2050,Gansu,retire,90150232.15476605,73.92319036690816,73.92319036690816,0.0,138382487.99999958,0.6514569398027178
2050,Gansu,unabated,0.0,0.0,0.0,0.0,138382487.99999958,0.0
2050,Guangdong,ammonia,0.0,0.0,0.0,0.0,456794716.03999996,0.0
2050,Guangdong,beccs,157756579.07489738,129.36039484141585,245.7847501986901,132.01947286055523,456794716.03999996,0.3453555252182102
2050,Guangdong,biomass,2899020.0,2.3771964,2.3771964,0.0,456794716.03999996,0.006346439435928463
2050,Guangdong,ccs,18435501.760105476,15.117111443286488,13.60540029895784,15.646210343801492,456794716.03999996,0.04035839538584142
2050,Guangdong,retire,269366605.296667,220.88061634326692,220.88061634326692,0.0,456794716.03999996,0.5896885314957966
2050,Guangdong,unabated,8337009.908330172,6.8363481248307405,0.0,0.0,456794716.03999996,0.018251108464223408
2050,Guangxi,ammonia,0.0,0.0,0.0,0.0,146555161.47993568,0.0
2050,Guangxi,beccs,68101198.4401235,55.842982720901276,106.10166716971241,57.47249612253282,146555161.47993568,0.46467963156280223
2050,Guangxi,biomass,63680777.699287966,52.21823771341612,52.21823771341612,0.0,146555161.47993568,0.4345174680729772
2050,Guangxi,ccs,0.0,0.0,0.0,0.0,146555161.47993568,0.0
2050,Guangxi,retire,14773185.340524204,12.114011979229845,12.114011979229845,0.0,146555161.47993568,0.10080290036422052
2050,Guangxi,unabated,0.0,0.0,0.0,0.0,146555161.47993568,0.0
2050,Guizhou,ammonia,0.0,0.0,0.0,0.0,219600846.0,0.0
2050,Guizhou,beccs,0.0,0.0,0.0,0.0,219600846.0,0.0
2050,Guizhou,biomass,139051739.4400125,114.02242634081026,114.02242634081026,0.0,219600846.0,0.6332022028731734
2050,Guizhou,ccs,0.0,0.0,0.0,0.0,219600846.0,0.0
2050,Guizhou,retire,80549106.55998749,66.05026737918973,66.05026737918973,0.0,219600846.0,0.3667977971268266
2050,Guizhou,unabated,0.0,0.0,0.0,0.0,219600846.0,0.0
2050,Hainan,ammonia,0.0,0.0,0.0,0.0,15394554.0,0.0
2050,Hainan,beccs,14948659.43727703,12.257900738567162,23.29001140327761,12.413664875297014,15394554.0,0.9710355647378307
2050,Hainan,biomass,0.0,0.0,0.0,0.0,15394554.0,0.0
2050,Hainan,ccs,0.0,0.0,0.0,0.0,15394554.0,0.0
2050,Hainan,retire,0.0,0.0,0.0,0.0,15394554.0,0.0
2050,Hainan,unabated,445894.5627229693,0.3656335414328348,0.0,0.0,15394554.0,0.02896443526216929
2050,Hebei,ammonia,0.0,0.0,0.0,0.0,288129137.40000004,0.0
2050,Hebei,beccs,63675845.42267372,52.214193246592444,99.20696716852564,53.7392065406232,288129137.40000004,0.2209975915565758
2050,Hebei,biomass,109120737.00953417,89.47900434781802,89.47900434781802,0.0,288129137.40000004,0.3787216315372003
2050,Hebei,ccs,0.0,0.0,0.0,0.0,288129137.40000004,0.0
2050,Hebei,retire,112833554.6998413,92.52351485386986,92.52351485386986,0.0,288129137.40000004,0.3916075816490516
2050,Hebei,unabated,2499000.26795082,2.0491802197196725,0.0,0.0,288129137.40000004,0.008673195257172278
2050,Heilongjiang,ammonia,0.0,0.0,0.0,0.0,73260688.5,0.0
2050,Heilongjiang,beccs,53184986.340892166,43.61168879953158,82.86220871910999,42.4154518800275,73260688.5,0.7259689668476452
2050,Heilongjiang,biomass,20075702.15910784,16.46207577046843,16.46207577046843,0.0,73260688.5,0.27403103315235483
2050,Heilongjiang,ccs,0.0,0.0,0.0,0.0,73260688.5,0.0
2050,Heilongjiang,retire,0.0,0.0,0.0,0.0,73260688.5,0.0
2050,Heilongjiang,unabated,0.0,0.0,0.0,0.0,73260688.5,0.0
2050,Henan,ammonia,0.0,0.0,0.0,0.0,266334403.9999998,0.0
2050,Henan,beccs,0.0,0.0,0.0,0.0,266334403.9999998,0.0
2050,Henan,biomass,164620374.75138906,134.988707296139,134.988707296139,0.0,266334403.9999998,0.6180965443405095
2050,Henan,ccs,0.0,0.0,0.0,0.0,266334403.9999998,0.0
2050,Henan,retire,101714029.24861073,83.4055039838608,83.4055039838608,0.0,266334403.9999998,0.38190345565949047
2050,Henan,unabated,0.0,0.0,0.0,0.0,266334403.9999998,0.0
2050,Hubei,ammonia,0.0,0.0,0.0,0.0,177592304.79999998,0.0
2050,Hubei,beccs,24324582.80543355,19.94615790045551,37.89770001086547,20.205701998400023,177592304.79999998,0.13696867571389024
2050,Hubei,biomass,113709441.99456644,93.24174243554448,93.24174243554448,0.0,177592304.79999998,0.6402836098254548
2050,Hubei,ccs,0.0,0.0,0.0,0.0,177592304.79999998,0.0
2050,Hubei,retire,39558279.99999999,32.43778959999999,32.43778959999999,0.0,177592304.79999998,0.22274771446065492
2050,Hubei,unabated,0.0,0.0,0.0,0.0,177592304.79999998,0.0
2050,Hunan,ammonia,0.0,0.0,0.0,0.0,132385306.5,0.0
2050,Hunan,beccs,0.0,0.0,0.0,0.0,132385306.5,0.0
2050,Hunan,biomass,114315894.0,93.73903307999998,93.73903307999998,0.0,132385306.5,0.8635089272539471
2050,Hunan,ccs,0.0,0.0,0.0,0.0,132385306.5,0.0
2050,Hunan,retire,18069412.5,14.81691825,14.81691825,0.0,132385306.5,0.13649107274605282
2050,Hunan,unabated,0.0,0.0,0.0,0.0,132385306.5,0.0
2050,Inner Mongolia,ammonia,0.0,0.0,0.0,0.0,635538828.0,0.0
2050,Inner Mongolia,beccs,93940261.93887538,77.0310147898778,145.00887700394847,76.58604164145353,635538828.0,0.14781199479896354
2050,Inner Mongolia,biomass,22258651.17682732,18.252093964998398,18.252093964998398,0.0,635538828.0,0.035023275048156964
2050,Inner Mongolia,ccs,5687735.698501272,4.663943272771043,4.197548945493939,4.736726714682314,635538828.0,0.008949470036945205
2050,Inner Mongolia,retire,198593305.0,162.8465101,162.8465101,0.0,635538828.0,0.31248020773956553
2050,Inner Mongolia,unabated,315058874.1857961,258.3482768323528,0.0,0.0,635538828.0,0.4957350523763689
2050,Jiangsu,ammonia,0.0,0.0,0.0,0.0,561048876.5,0.0
2050,Jiangsu,beccs,124047573.0354661,101.7190098890822,193.26611878925618,103.18773881890007,561048876.5,0.22109940547303833
2050,Jiangsu,biomass,13569411.012404203,11.126917030171448,11.126917030171448,0.0,561048876.5,0.02418579125771443
2050,Jiangsu,ccs,0.0,0.0,0.0,0.0,561048876.5,0.0
2050,Jiangsu,retire,422256201.88973284,346.2500855495809,346.2500855495809,0.0,561048876.5,0.7526192807370016
2050,Jiangsu,unabated,1175690.5623968504,0.9640662611654174,0.0,0.0,561048876.5,0.0020955225322456385
2050,Jiangxi,ammonia,0.0,0.0,0.0,0.0,191814235.20000002,0.0
2050,Jiangxi,beccs,26156054.151509434,21.447964404237734,40.7511323680517,22.198643158386055,191814235.20000002,0.13636138175165757
2050,Jiangxi,biomass,142684133.04849058,117.00098909976226,117.00098909976226,0.0,191814235.20000002,0.7438662354736985
2050,Jiangxi,ccs,0.0,0.0,0.0,0.0,191814235.20000002,0.0
2050,Jiangxi,retire,22974048.0,18.83871936,18.83871936,0.0,191814235.20000002,0.11977238277464403
2050,Jiangxi,unabated,0.0,0.0,0.0,0.0,191814235.20000002,0.0
2050,Jilin,ammonia,0.0,0.0,0.0,0.0,61422565.400000006,0.0
2050,Jilin,beccs,51335161.69961668,42.09483259368567,79.98018192800278,40.68819614294035,61422565.400000006,0.8357703942404313
2050,Jilin,biomass,10087403.70038333,8.27167103431433,8.27167103431433,0.0,61422565.400000006,0.16422960575956877
2050,Jilin,ccs,0.0,0.0,0.0,0.0,61422565.400000006,0.0
2050,Jilin,retire,0.0,0.0,0.0,0.0,61422565.400000006,0.0
2050,Jilin,unabated,0.0,0.0,0.0,0.0,61422565.400000006,0.0
2050,Liaoning,ammonia,0.0,0.0,0.0,0.0,98865819.49999999,0.0
2050,Liaoning,beccs,7145382.012826361,5.859213250517615,11.132505175983468,5.660000000000016,98865819.49999999,0.07227353243985765
2050,Liaoning,biomass,77333189.48717363,63.413215379482374,63.413215379482374,0.0,98865819.49999999,0.7822034943752593
2050,Liaoning,ccs,0.0,0.0,0.0,0.0,98865819.49999999,0.0
2050,Liaoning,retire,14387248.0,11.797543359999999,11.797543359999999,0.0,98865819.49999999,0.1455229731848832
2050,Liaoning,unabated,0.0,0.0,0.0,0.0,98865819.49999999,0.0
2050,Ningxia,ammonia,0.0,0.0,0.0,0.0,207982456.00000113,0.0
2050,Ningxia,beccs,30677079.47923805,25.155205172975197,47.79488982865287,26.035637354029326,207982456.00000113,0.1474983999575324
2050,Ningxia,biomass,0.0,0.0,0.0,0.0,207982456.00000113,0.0
2050,Ningxia,ccs,0.0,0.0,0.0,0.0,207982456.00000113,0.0
2050,Ningxia,retire,36785958.55876298,30.164486018185645,30.164486018185645,0.0,207982456.00000113,0.17687048833947216
2050,Ningxia,unabated,140519417.9620001,115.22592272884008,0.0,0.0,207982456.00000113,0.6756311117029955
2050,Qinghai,ammonia,0.0,0.0,0.0,0.0,26466620.0,0.0
2050,Qinghai,beccs,1106190.0,0.9070757999999999,1.7234440199999996,0.8762352227999997,26466620.0,0.04179566563467492
2050,Qinghai,biomass,0.0,0.0,0.0,0.0,26466620.0,0.0
2050,Qinghai,ccs,5408039.999999999,4.434592799999999,3.991133519999999,4.589803547999999,26466620.0,0.20433436532507737
2050,Qinghai,retire,19952390.0,16.3609598,16.3609598,0.0,26466620.0,0.7538699690402477
2050,Qinghai,unabated,0.0,0.0,0.0,0.0,26466620.0,0.0
2050,Shaanxi,ammonia,0.0,0.0,0.0,0.0,351649620.0,0.0
2050,Shaanxi,beccs,86543162.40015675,70.96539316812853,134.8342470194442,72.63268500181303,351649620.0,0.246106230401036
2050,Shaanxi,biomass,18152000.0,14.884639999999997,14.884639999999997,0.0,351649620.0,0.051619563814685764
2050,Shaanxi,ccs,10319021.647633754,8.461597751059678,7.615437975953711,8.757753672346768,351649620.0,0.029344611968111195
2050,Shaanxi,retire,188490758.35236624,154.56242184894032,154.56242184894032,0.0,351649620.0,0.5360186607122346
2050,Shaanxi,unabated,48144677.59984326,39.47863563187148,0.0,0.0,351649620.0,0.13691093310393243
2050,Shandong,ammonia,0.0,0.0,0.0,0.0,534949970.3999999,0.0
2050,Shandong,beccs,47130906.09166959,38.64734299516906,73.42995169082121,39.99999999999998,534949970.3999999,0.08810339040944004
2050,Shandong,biomass,195957429.706751,160.68509235953582,160.68509235953582,0.0,534949970.3999999,0.36630982437521603
2050,Shandong,ccs,0.0,0.0,0.0,0.0,534949970.3999999,0.0
2050,Shandong,retire,291861634.60157937,239.3265403732951,239.3265403732951,0.0,534949970.3999999,0.545586785215344
2050,Shandong,unabated,0.0,0.0,0.0,0.0,534949970.3999999,0.0
2050,Shanxi,ammonia,0.0,0.0,0.0,0.0,365647169.0,0.0
2050,Shanxi,beccs,50785615.0,41.6442043,79.12398816999999,43.1017514505,365647169.0,0.1388924058646274
2050,Shanxi,biomass,2777700.0,2.277714,2.277714,0.0,365647169.0,0.007596667595148262
2050,Shanxi,ccs,0.0,0.0,0.0,0.0,365647169.0,0.0
2050,Shanxi,retire,312083854.0,255.90876027999997,255.90876027999997,0.0,365647169.0,0.8535109265402243
2050,Shanxi,unabated,0.0,0.0,0.0,0.0,365647169.0,0.0
2050,Sichuan,ammonia,0.0,0.0,0.0,0.0,85313530.0,0.0
2050,Sichuan,beccs,78899945.37379678,64.69795520651336,122.92611489237538,63.06361735349189,85313530.0,0.924823358895087
2050,Sichuan,biomass,6413584.626203218,5.259139393486638,5.259139393486638,0.0,85313530.0,0.07517664110491287
2050,Sichuan,ccs,0.0,0.0,0.0,0.0,85313530.0,0.0
2050,Sichuan,retire,0.0,0.0,0.0,0.0,85313530.0,0.0
2050,Sichuan,unabated,0.0,0.0,0.0,0.0,85313530.0,0.0
2050,Tianjin,ammonia,0.0,0.0,0.0,0.0,26537140.0,0.0
2050,Tianjin,beccs,0.0,0.0,0.0,0.0,26537140.0,0.0
2050,Tianjin,biomass,10639387.428193156,8.724297691118387,8.724297691118387,0.0,26537140.0,0.40092441868992496
2050,Tianjin,ccs,0.0,0.0,0.0,0.0,26537140.0,0.0
2050,Tianjin,retire,15897752.571806846,13.036157108881612,13.036157108881612,0.0,26537140.0,0.5990755813100751
2050,Tianjin,unabated,0.0,0.0,0.0,0.0,26537140.0,0.0
2050,Xinjiang,ammonia,0.0,0.0,0.0,0.0,493448922.0,0.0
2050,Xinjiang,beccs,47241358.00711973,38.73791356583818,73.1526531252612,40.09374054064251,493448922.0,0.09573707814710705
2050,Xinjiang,biomass,4845605.882571915,3.97339682370897,3.97339682370897,0.0,493448922.0,0.00981987327671559
2050,Xinjiang,ccs,229043509.60574105,187.81567787670767,169.0341100890369,192.48627883894488,493448922.0,0.46416862899893224
2050,Xinjiang,retire,45917188.35370162,37.65209445003533,37.65209445003533,0.0,493448922.0,0.0930535792186848
2050,Xinjiang,unabated,166401260.1508657,136.44903332370987,0.0,0.0,493448922.0,0.33722084035856037
2050,Yunnan,ammonia,0.0,0.0,0.0,0.0,40429443.99999999,0.0
2050,Yunnan,beccs,0.0,0.0,0.0,0.0,40429443.99999999,0.0
2050,Yunnan,biomass,40429443.99999999,33.15214407999999,33.15214407999999,0.0,40429443.99999999,1.0
2050,Yunnan,ccs,0.0,0.0,0.0,0.0,40429443.99999999,0.0
2050,Yunnan,retire,0.0,0.0,0.0,0.0,40429443.99999999,0.0
2050,Yunnan,unabated,0.0,0.0,0.0,0.0,40429443.99999999,0.0
2050,Zhejiang,ammonia,0.0,0.0,0.0,0.0,364498397.94000006,0.0
2050,Zhejiang,beccs,84479600.90124843,69.27327273902371,131.61921820414506,69.90484014123953,364498397.94000006,0.2317694710832572
2050,Zhejiang,biomass,0.0,0.0,0.0,0.0,364498397.94000006,0.0
2050,Zhejiang,ccs,5978713.135914467,4.902544771449863,4.412290294304876,5.074133838450607,364498397.94000006,0.016402577267016195
2050,Zhejiang,retire,273476407.98397964,224.25065454686327,224.25065454686327,0.0,364498397.94000006,0.7502815088613819
2050,Zhejiang,unabated,563675.9188575043,0.46221425346315353,0.0,0.0,364498397.94000006,0.001546442788344685
2060,Anhui,ammonia,0.0,0.0,0.0,0.0,374118791.50000006,0.0
2060,Anhui,beccs,17421602.78745632,14.285714285714182,27.142857142856943,13.8,374118791.50000006,0.046567034811605595
2060,Anhui,biomass,153387778.2125437,125.77797813428583,125.77797813428583,0.0,374118791.50000006,0.4099975240418889
2060,Anhui,ccs,0.0,0.0,0.0,0.0,374118791.50000006,0.0
2060,Anhui,retire,203309410.50000003,166.71371661,166.71371661,0.0,374118791.50000006,0.5434354411465054
2060,Anhui,unabated,0.0,0.0,0.0,0.0,374118791.50000006,0.0
2060,Chongqing,ammonia,0.0,0.0,0.0,0.0,61624646.8,0.0
2060,Chongqing,beccs,33391603.0,27.38111446,52.02411747399999,26.45015656836,61624646.8,0.5418546755873658
2060,Chongqing,biomass,28233043.8,23.151095916,23.151095916,0.0,61624646.8,0.4581453244126342
2060,Chongqing,ccs,0.0,0.0,0.0,0.0,61624646.8,0.0
2060,Chongqing,retire,0.0,0.0,0.0,0.0,61624646.8,0.0
2060,Chongqing,unabated,0.0,0.0,0.0,0.0,61624646.8,0.0
2060,Fujian,ammonia,0.0,0.0,0.0,0.0,180062901.20000002,0.0
2060,Fujian,beccs,57075025.14959031,46.80152062266405,88.9228891830617,45.210268921493466,180062901.20000002,0.31697270658877014
2060,Fujian,biomass,15686172.0,12.862661039999999,12.862661039999999,0.0,180062901.20000002,0.08711495758127881
2060,Fujian,ccs,0.0,0.0,0.0,0.0,180062901.20000002,0.0
2060,Fujian,retire,107301704.0504097,87.98739732133596,87.98739732133596,0.0,180062901.20000002,0.5959123358299511
2060,Fujian,unabated,0.0,0.0,0.0,0.0,180062901.20000002,0.0
2060,Gansu,ammonia,0.0,0.0,0.0,0.0,138382488.0,0.0
2060,Gansu,beccs,38531742.737718314,31.596029044929015,60.03245518536512,30.521764057401423,138382488.0,0.27844377778291074
2060,Gansu,biomass,0.0,0.0,0.0,0.0,138382488.0,0.0
2060,Gansu,ccs,79723.85644844787,0.06537356228772724,0.058836206058954524,0.0631508611699445,138382488.0,0.0005761123217299567
2060,Gansu,retire,99771021.40583324,81.81223755278326,81.81223755278326,0.0,138382488.0,0.7209801098953593
2060,Gansu,unabated,0.0,0.0,0.0,0.0,138382488.0,0.0
2060,Guangdong,ammonia,0.0,0.0,0.0,0.0,456794716.04,0.0
2060,Guangdong,beccs,166597626.01540187,136.61005333262952,259.5591013319961,131.9653115193201,456794716.04,0.36471005501038556
2060,Guangdong,biomass,2899020.0,2.3771964,2.3771964,0.0,456794716.04,0.006346439435928462
2060,Guangdong,ccs,3156717.4570810404,2.588508314806453,2.329657483325808,2.500499032103033,456794716.04,0.006910582251141051
2060,Guangdong,retire,284141352.5675171,232.995909105364,232.995909105364,0.0,456794716.04,0.6220329233025449
2060,Guangdong,unabated,0.0,0.0,0.0,0.0,456794716.04,0.0
2060,Guangxi,ammonia,0.0,0.0,0.0,0.0,146555161.48000005,0.0
2060,Guangxi,beccs,83724512.13947588,68.65409995437022,130.44278991330341,66.71060806056002,146555161.48000005,0.5712832717317945
2060,Guangxi,biomass,48057464.0,39.407120479999996,39.407120479999996,0.0,146555161.48000005,0.32791382790402956
2060,Guangxi,ccs,0.0,0.0,0.0,0.0,146555161.48000005,0.0
2060,Guangxi,retire,14773185.34052417,12.114011979229819,12.114011979229819,0.0,146555161.48000005,0.10080290036417601
2060,Guangxi,unabated,0.0,0.0,0.0,0.0,146555161.48000005,0.0
2060,Guizhou,ammonia,0.0,0.0,0.0,0.0,219600846.00000003,0.0
2060,Guizhou,beccs,0.0,0.0,0.0,0.0,219600846.00000003,0.0
2060,Guizhou,biomass,139051739.44001257,114.0224263408103,114.0224263408103,0.0,219600846.00000003,0.6332022028731736
2060,Guizhou,ccs,0.0,0.0,0.0,0.0,219600846.00000003,0.0
2060,Guizhou,retire,80549106.55998746,66.05026737918972,66.05026737918972,0.0,219600846.00000003,0.36679779712682636
2060,Guizhou,unabated,0.0,0.0,0.0,0.0,219600846.00000003,0.0
2060,Hainan,ammonia,0.0,0.0,0.0,0.0,15394554.0,0.0
2060,Hainan,beccs,15394554.0,12.623534279999998,23.984715131999998,12.194334114479998,15394554.0,1.0
2060,Hainan,biomass,0.0,0.0,0.0,0.0,15394554.0,0.0
2060,Hainan,ccs,0.0,0.0,0.0,0.0,15394554.0,0.0
2060,Hainan,retire,0.0,0.0,0.0,0.0,15394554.0,0.0
2060,Hainan,unabated,0.0,0.0,0.0,0.0,15394554.0,0.0
2060,Hebei,ammonia,0.0,0.0,0.0,0.0,288129137.40000004,0.0
2060,Hebei,beccs,67399633.82286394,55.26769973474842,105.008629496022,53.38859794376697,288129137.40000004,0.2339216173381843
2060,Hebei,biomass,105448966.63601294,86.46815264153062,86.46815264153062,0.0,288129137.40000004,0.3659781429519975
2060,Hebei,ccs,0.0,0.0,0.0,0.0,288129137.40000004,0.0
2060,Hebei,retire,115280536.94112317,94.530040291721,94.530040291721,0.0,288129137.40000004,0.40010023970981823
2060,Hebei,unabated,0.0,0.0,0.0,0.0,288129137.40000004,0.0
2060,Heilongjiang,ammonia,0.0,0.0,0.0,0.0,73260688.5,0.0
2060,Heilongjiang,beccs,61890628.09891103,50.750315041107044,96.42559857810338,49.0248043297094,73260688.5,0.8447999788987928
2060,Heilongjiang,biomass,11370060.401088975,9.32344952889296,9.32344952889296,0.0,73260688.5,0.1552000211012073
2060,Heilongjiang,ccs,0.0,0.0,0.0,0.0,73260688.5,0.0
2060,Heilongjiang,retire,0.0,0.0,0.0,0.0,73260688.5,0.0
2060,Heilongjiang,unabated,0.0,0.0,0.0,0.0,73260688.5,0.0
2060,Henan,ammonia,0.0,0.0,0.0,0.0,266334404.0,0.0
2060,Henan,beccs,0.0,0.0,0.0,0.0,266334404.0,0.0
2060,Henan,biomass,164620374.75138927,134.98870729613918,134.98870729613918,0.0,266334404.0,0.6180965443405099
2060,Henan,ccs,0.0,0.0,0.0,0.0,266334404.0,0.0
2060,Henan,retire,101714029.24861073,83.4055039838608,83.4055039838608,0.0,266334404.0,0.38190345565949013
2060,Henan,unabated,0.0,0.0,0.0,0.0,266334404.0,0.0
2060,Hubei,ammonia,0.0,0.0,0.0,0.0,177592304.8,0.0
2060,Hubei,beccs,25677927.584230267,21.05590061906882,40.00621117623075,20.339999998020478,177592304.8,0.14458919046716637
2060,Hubei,biomass,112356097.21576974,92.13199971693118,92.13199971693118,0.0,177592304.8,0.6326630950721787
2060,Hubei,ccs,0.0,0.0,0.0,0.0,177592304.8,0.0
2060,Hubei,retire,39558279.99999999,32.43778959999999,32.43778959999999,0.0,177592304.8,0.2227477144606549
2060,Hubei,unabated,0.0,0.0,0.0,0.0,177592304.8,0.0
2060,Hunan,ammonia,0.0,0.0,0.0,0.0,132385306.5,0.0
2060,Hunan,beccs,0.0,0.0,0.0,0.0,132385306.5,0.0
2060,Hunan,biomass,114315894.0,93.73903307999998,93.73903307999998,0.0,132385306.5,0.8635089272539471
2060,Hunan,ccs,0.0,0.0,0.0,0.0,132385306.5,0.0
2060,Hunan,retire,18069412.5,14.81691825,14.81691825,0.0,132385306.5,0.13649107274605282
2060,Hunan,unabated,0.0,0.0,0.0,0.0,132385306.5,0.0
2060,Inner Mongolia,ammonia,0.0,0.0,0.0,0.0,635538828.0,0.0
2060,Inner Mongolia,beccs,123033517.31847985,100.88748420115347,191.66836592381412,97.88072144612869,635538828.0,0.19358930076020445
2060,Inner Mongolia,biomass,12342486.25482584,10.120838728957187,10.120838728957187,0.0,635538828.0,0.019420506995090847
2060,Inner Mongolia,ccs,1805520.3654278903,1.4805266996508701,1.332474029685783,1.4537292987505606,635538828.0,0.002840928493873061
2060,Inner Mongolia,retire,498357304.0612664,408.6529893302384,408.6529893302384,0.0,635538828.0,0.7841492637508316
2060,Inner Mongolia,unabated,0.0,0.0,0.0,0.0,635538828.0,0.0
2060,Jiangsu,ammonia,0.0,0.0,0.0,0.0,561048876.5000001,0.0
2060,Jiangsu,beccs,124047573.03546458,101.71900988908095,193.2661187892538,98.65014474879877,561048876.5000001,0.22109940547303558
2060,Jiangsu,biomass,14745101.574802654,12.090983291338175,12.090983291338175,0.0,561048876.5000001,0.026281313789962915
2060,Jiangsu,ccs,0.0,0.0,0.0,0.0,561048876.5000001,0.0
2060,Jiangsu,retire,422256201.88973284,346.2500855495809,346.2500855495809,0.0,561048876.5000001,0.7526192807370015
2060,Jiangsu,unabated,0.0,0.0,0.0,0.0,561048876.5000001,0.0
2060,Jiangxi,ammonia,0.0,0.0,0.0,0.0,191814235.2,0.0
2060,Jiangxi,beccs,28693728.0,23.52885696,44.704828223999996,24.352366953599997,191814235.2,0.14959123325795792
2060,Jiangxi,biomass,140146459.2,114.92009654399999,114.92009654399999,0.0,191814235.2,0.730636383967398
2060,Jiangxi,ccs,0.0,0.0,0.0,0.0,191814235.2,0.0
2060,Jiangxi,retire,22974048.0,18.83871936,18.83871936,0.0,191814235.2,0.11977238277464404
2060,Jiangxi,unabated,0.0,0.0,0.0,0.0,191814235.2,0.0
2060,Jilin,ammonia,0.0,0.0,0.0,0.0,61422565.400000006,0.0
2060,Jilin,beccs,48881556.099625625,40.08287600169301,76.15746440321671,38.72005821763544,61422565.400000006,0.7958240718422618
2060,Jilin,biomass,12541009.300374381,10.283627626306991,10.283627626306991,0.0,61422565.400000006,0.20417592815773827
2060,Jilin,ccs,0.0,0.0,0.0,0.0,61422565.400000006,0.0
2060,Jilin,retire,0.0,0.0,0.0,0.0,61422565.400000006,0.0
2060,Jilin,unabated,0.0,0.0,0.0,0.0,61422565.400000006,0.0
2060,Liaoning,ammonia,0.0,0.0,0.0,0.0,98865819.5,0.0
2060,Liaoning,beccs,9732525.578609347,7.980670974459665,15.163274851473362,7.709328161328035,98865819.5,0.09844176306665164
2060,Liaoning,biomass,74746045.92139065,61.29175765554033,61.29175765554033,0.0,98865819.5,0.7560352637484652
2060,Liaoning,ccs,0.0,0.0,0.0,0.0,98865819.5,0.0
2060,Liaoning,retire,14387248.0,11.797543359999999,11.797543359999999,0.0,98865819.5,0.14552297318488316
2060,Liaoning,unabated,0.0,0.0,0.0,0.0,98865819.5,0.0
2060,Ningxia,ammonia,0.0,0.0,0.0,0.0,207982456.0,0.0
2060,Ningxia,beccs,31659948.493931673,25.96115776502397,49.32619975354554,25.078478401013147,207982456.0,0.15222413035612808
2060,Ningxia,biomass,0.0,0.0,0.0,0.0,207982456.0,0.0
2060,Ningxia,ccs,0.0,0.0,0.0,0.0,207982456.0,0.0
2060,Ningxia,retire,176322507.50606832,144.58445615497604,144.58445615497604,0.0,207982456.0,0.8477758696438719
2060,Ningxia,unabated,0.0,0.0,0.0,0.0,207982456.0,0.0
2060,Qinghai,ammonia,0.0,0.0,0.0,0.0,26466619.999999996,0.0
2060,Qinghai,beccs,1106190.0,0.9070757999999999,1.7234440199999996,0.8762352227999997,26466619.999999996,0.041795665634674926
2060,Qinghai,biomass,0.0,0.0,0.0,0.0,26466619.999999996,0.0
2060,Qinghai,ccs,1222224.9379051945,1.0022244490822594,0.9020020041740334,1.0373023048001384,26466619.999999996,0.04617986497350983
2060,Qinghai,retire,24138205.062094804,19.793328150917738,19.793328150917738,0.0,26466619.999999996,0.9120244693918154
2060,Qinghai,unabated,0.0,0.0,0.0,0.0,26466619.999999996,0.0
2060,Shaanxi,ammonia,0.0,0.0,0.0,0.0,351649620.0,0.0
2060,Shaanxi,beccs,89379135.82043861,73.29089137275965,139.25269360824333,71.15846512208581,351649620.0,0.254171000726344
2060,Shaanxi,biomass,21075784.17956141,17.282143027240352,17.282143027240352,0.0,351649620.0,0.05993404508601889
2060,Shaanxi,ccs,0.0,0.0,0.0,0.0,351649620.0,0.0
2060,Shaanxi,retire,241194700.0,197.779654,197.779654,0.0,351649620.0,0.6858949541876371
2060,Shaanxi,unabated,0.0,0.0,0.0,0.0,351649620.0,0.0
2060,Shandong,ammonia,0.0,0.0,0.0,0.0,534949970.40000004,0.0
2060,Shandong,beccs,59462365.416599765,48.75913964161181,92.64236531906242,47.101328893796996,534949970.40000004,0.11115500272322243
2060,Shandong,biomass,183625970.38182083,150.57329571309307,150.57329571309307,0.0,534949970.40000004,0.3432582120614336
2060,Shandong,ccs,0.0,0.0,0.0,0.0,534949970.40000004,0.0
2060,Shandong,retire,291861634.6015795,239.3265403732952,239.3265403732952,0.0,534949970.40000004,0.5455867852153441
2060,Shandong,unabated,0.0,0.0,0.0,0.0,534949970.40000004,0.0
2060,Shanxi,ammonia,0.0,0.0,0.0,0.0,365647169.0,0.0
2060,Shanxi,beccs,53563315.0,43.921918299999994,83.45164476999999,42.7952850318,365647169.0,0.14648907345977563
2060,Shanxi,biomass,0.0,0.0,0.0,0.0,365647169.0,0.0
2060,Shanxi,ccs,0.0,0.0,0.0,0.0,365647169.0,0.0
2060,Shanxi,retire,312083854.0,255.90876027999997,255.90876027999997,0.0,365647169.0,0.8535109265402243
2060,Shanxi,unabated,0.0,0.0,0.0,0.0,365647169.0,0.0
2060,Sichuan,ammonia,0.0,0.0,0.0,0.0,85313530.0,0.0
2060,Sichuan,beccs,78899945.37380503,64.69795520652012,122.92611489238823,63.06361735349842,85313530.0,0.9248233588951839
2060,Sichuan,biomass,6413584.626194974,5.259139393479878,5.259139393479878,0.0,85313530.0,0.07517664110481626
2060,Sichuan,ccs,0.0,0.0,0.0,0.0,85313530.0,0.0
2060,Sichuan,retire,0.0,0.0,0.0,0.0,85313530.0,0.0
2060,Sichuan,unabated,0.0,0.0,0.0,0.0,85313530.0,0.0
2060,Tianjin,ammonia,0.0,0.0,0.0,0.0,26537140.000000015,0.0
2060,Tianjin,beccs,0.0,0.0,0.0,0.0,26537140.000000015,0.0
2060,Tianjin,biomass,10639387.42819326,8.724297691118473,8.724297691118473,0.0,26537140.000000015,0.4009244186899287
2060,Tianjin,ccs,0.0,0.0,0.0,0.0,26537140.000000015,0.0
2060,Tianjin,retire,15897752.571806755,13.036157108881538,13.036157108881538,0.0,26537140.000000015,0.5990755813100713
2060,Tianjin,unabated,0.0,0.0,0.0,0.0,26537140.000000015,0.0
2060,Xinjiang,ammonia,0.0,0.0,0.0,0.0,493448922.0,0.0
2060,Xinjiang,beccs,50499375.48994642,41.409487901756066,78.19656921876687,40.638249700660566,493448922.0,0.10233962065469142
2060,Xinjiang,biomass,4357165.1972150495,3.57287546171634,3.57287546171634,0.0,493448922.0,0.008830022729718416
2060,Xinjiang,ccs,230975063.0544846,189.39955170467735,170.45959653420962,187.2083861994511,493448922.0,0.4680830228959029
2060,Xinjiang,retire,207617318.25835392,170.24620097185021,170.24620097185021,0.0,493448922.0,0.42074733371968726
2060,Xinjiang,unabated,0.0,0.0,0.0,0.0,493448922.0,0.0
2060,Yunnan,ammonia,0.0,0.0,0.0,0.0,40429443.99999999,0.0
2060,Yunnan,beccs,0.0,0.0,0.0,0.0,40429443.99999999,0.0
2060,Yunnan,biomass,40429443.99999999,33.15214407999999,33.15214407999999,0.0,40429443.99999999,1.0
2060,Yunnan,ccs,0.0,0.0,0.0,0.0,40429443.99999999,0.0
2060,Yunnan,retire,0.0,0.0,0.0,0.0,40429443.99999999,0.0
2060,Yunnan,unabated,0.0,0.0,0.0,0.0,40429443.99999999,0.0
2060,Zhejiang,ammonia,0.0,0.0,0.0,0.0,364498397.94,0.0
2060,Zhejiang,beccs,88725323.7,72.754765434,138.23405432459998,70.28110340924398,364498397.94,0.243417595801354
2060,Zhejiang,biomass,0.0,0.0,0.0,0.0,364498397.94,0.0
2060,Zhejiang,ccs,0.0,0.0,0.0,0.0,364498397.94,0.0
2060,Zhejiang,retire,275773074.24,226.13392087679998,226.13392087679998,0.0,364498397.94,0.7565824041986461
2060,Zhejiang,unabated,0.0,0.0,0.0,0.0,364498397.94,0.0
