hub_id,sector,sector_zh,n_plants,province,longitude,latitude,capacity_kt_per_year,production_kt_per_year,co2_mt_per_year,process_co2_mt_per_year,h2_demand_kt_per_year,has_h2_route,water_intensity_m3_per_t,water_m3_per_year,mean_commission_year,share_year_observed
ammonia_000,ammonia,合成氨,4,Neimenggu,109.28459550073116,38.59894338966824,2200.0,1453.0,5.521399999999999,0.0,261.53999999999996,True,12.0,17436000.0,2008.5,0.0
ammonia_001,ammonia,合成氨,2,Heilongjiang,124.96135453153008,46.074791992606116,630.0,452.7,1.0569600000000001,0.0,81.48599999999999,True,10.001988071570576,4527900.0,2017.0,0.0
ammonia_002,ammonia,合成氨,5,Anhui,117.70878968679642,32.352961515895124,1680.0,1424.8,5.41424,0.0,256.464,True,12.000000000000002,17097600.0,2008.2,0.0
ammonia_003,ammonia,合成氨,6,Neimenggu,111.57118235607042,39.868201849325615,1380.0,1014.0,3.4242,0.0,182.51999999999998,True,11.423076923076923,11583000.0,2006.1666666666667,0.0
ammonia_004,ammonia,合成氨,5,Guizhou,106.96130565685894,26.916441962868486,1900.0,1539.0,5.848200000000001,0.0,277.02,True,12.0,18468000.0,2011.2,0.0
ammonia_005,ammonia,合成氨,4,Xinjiang,88.28110284938849,44.40225249769216,1300.0,1244.0,4.7272,0.0,223.91999999999996,True,12.0,14928000.0,1998.5,0.0
ammonia_006,ammonia,合成氨,8,Shandong,118.19898324832216,34.84239186577181,1490.0,1206.9,4.586220000000001,0.0,217.24200000000002,True,12.000000000000002,14482800.000000004,2023.5,0.0
ammonia_007,ammonia,合成氨,3,Sichuan,105.19654219628372,28.754149930346845,1850.0,1513.5,2.4216000000000006,0.0,272.43,True,9.0,13621500.0,2011.3333333333333,0.0
ammonia_008,ammonia,合成氨,7,Sichuan,104.40162665020118,31.000704461805498,1705.0,1381.0500000000002,2.2096800000000005,0.0,248.58900000000003,True,8.999999999999998,12429450.0,2009.142857142857,0.0
ammonia_009,ammonia,合成氨,3,Liaoning,121.45916399653727,41.01385656147741,660.0,290.4,0.8131199999999998,0.0,52.272,True,10.636363636363638,3088800.0,2006.6666666666667,0.0
ammonia_010,ammonia,合成氨,14,Hubei,111.9864821208825,30.734036784238555,4400.0,4268.0,15.578199999999999,0.0,768.2399999999998,True,11.795454545454545,50343000.0,2012.357142857143,0.0
ammonia_011,ammonia,合成氨,5,Chongqing,107.3251592563644,30.02455228607443,1850.0,1774.5,2.8392,0.0,319.41,True,9.0,15970500.0,2004.8,0.0
ammonia_012,ammonia,合成氨,5,Shandong,116.6790069989615,37.27816505445706,4030.0,3119.3,11.853340000000001,0.0,561.474,True,12.000000000000002,37431600.00000001,2004.4,0.0
ammonia_013,ammonia,合成氨,2,Sichuan,105.57356371428571,31.046595857142858,280.0,226.80000000000004,0.3628800000000001,0.0,40.824000000000005,True,9.0,2041200.0000000002,2016.0,0.0
ammonia_014,ammonia,合成氨,6,Neimenggu,106.62643978501255,38.89368926287668,1830.0,1076.2,2.55396,0.0,193.71599999999998,True,10.054265006504366,10820400.0,2011.8333333333333,0.0
ammonia_015,ammonia,合成氨,6,Henan,114.35431697820542,35.007689936355675,4710.0,3014.4,11.45472,0.0,542.592,True,12.0,36172800.0,2009.3333333333333,0.0
ammonia_016,ammonia,合成氨,3,Anhui,116.26956480142896,29.939541052568853,1080.0,931.8,3.5408399999999998,0.0,167.724,True,12.000000000000002,11181600.0,2016.3333333333333,0.0
ammonia_017,ammonia,合成氨,3,Yunnan,102.40898852549068,24.95468289301721,860.0,722.4,2.19072,0.0,130.03199999999998,True,10.953488372093023,7912800.0,2011.6666666666667,0.0
ammonia_018,ammonia,合成氨,3,Fujian,119.3978228686727,25.68325601286209,1194.7,597.35,2.26993,0.0,107.523,True,12.0,7168200.0,2008.6666666666667,0.0
ammonia_019,ammonia,合成氨,1,Qinghai,101.517219294828,36.5413273031694,400.0,324.00000000000006,0.5184000000000001,0.0,58.32000000000001,True,9.0,2916000.0000000005,1996.0,0.0
ammonia_020,ammonia,合成氨,2,Jilin,126.51739922955124,43.94553844627044,480.0,403.2,1.3305599999999997,0.0,72.576,True,12.0,4838400.0,2012.5,0.0
ammonia_021,ammonia,合成氨,8,Shanxi,112.94234248637795,35.88826189862197,2738.0,2217.7799999999997,8.427564,0.0,399.2004,True,12.000000000000002,26613360.0,2012.125,0.0
ammonia_022,ammonia,合成氨,3,Xinjiang,83.19609981034115,41.557426108341176,1150.0,1104.0,1.7664,0.0,198.71999999999997,True,9.0,9936000.0,2016.3333333333333,0.0
ammonia_023,ammonia,合成氨,4,Guangxi,108.59472795652174,23.11489182608695,230.0,186.30000000000004,0.70794,0.0,33.534000000000006,True,12.0,2235600.0,2016.0,0.0
ammonia_024,ammonia,合成氨,4,Jiangsu,119.3534436331443,33.819777213771324,1160.0,939.6,3.5704800000000003,0.0,169.128,True,12.0,11275200.0,2009.5,0.0
ammonia_025,ammonia,合成氨,2,Gansu,103.6676386173923,36.21557705111611,700.0,567.0,1.4418000000000002,0.0,102.06,True,10.285714285714286,5832000.0,2014.5,0.0
ammonia_026,ammonia,合成氨,8,Shanxi,110.87067117863953,35.43024936726104,1735.0,1433.3500000000001,5.44673,0.0,258.003,True,11.999999999999996,17200200.0,2012.875,0.0
ammonia_027,ammonia,合成氨,1,Guangxi,109.713699842147,24.4993939228293,600.0,486.0,1.8468,0.0,87.47999999999999,True,12.0,5832000.0,2000.0,0.0
ammonia_028,ammonia,合成氨,3,Shandong,116.4579015050182,36.114655128648764,2760.0,2235.6000000000004,8.495280000000001,0.0,402.408,True,11.999999999999998,26827200.0,2004.0,0.0
ammonia_029,ammonia,合成氨,1,Hebei,117.598717996776,39.8648935328801,260.0,145.60000000000002,0.55328,0.0,26.208000000000006,True,12.0,1747200.0000000002,1998.0,0.0
ammonia_030,ammonia,合成氨,4,Hebei,117.46706632978285,38.65498900917023,1260.0,780.6,2.9662799999999994,0.0,140.50799999999998,True,12.0,9367200.0,2005.0,0.0
ammonia_031,ammonia,合成氨,3,Jiangsu,120.2459032905697,31.61982363760961,2100.0,1701.0,6.463800000000001,0.0,306.18000000000006,True,12.0,20412000.0,2002.6666666666667,0.0
ammonia_032,ammonia,合成氨,3,Henan,113.8259750339244,33.20440654376004,1000.0,640.0,2.4319999999999995,0.0,115.2,True,12.0,7680000.0,2010.0,0.0
ammonia_033,ammonia,合成氨,1,Gansu,102.08517000000002,38.377568,150.0,121.5,0.4617,0.0,21.869999999999997,True,12.0,1458000.0,2017.0,0.0
ammonia_034,ammonia,合成氨,2,Guangxi,108.21069050000001,24.640225000000004,160.0,129.60000000000002,0.49248,0.0,23.328000000000003,True,12.0,1555200.0000000002,2010.0,0.0
ammonia_035,ammonia,合成氨,1,Neimenggu,119.628905297505,49.3490919505157,500.0,325.0,1.235,0.0,58.5,True,12.0,3900000.0,2005.0,0.0
ammonia_036,ammonia,合成氨,1,Jilin,125.82750400000002,41.792589,100.0,84.0,0.3192,0.0,15.120000000000001,True,12.0,1008000.0,2013.0,0.0
ammonia_037,ammonia,合成氨,1,Shandong,121.61916000000001,37.051204,30.0,24.3,0.09234,0.0,4.3740000000000006,True,12.0,291600.0,2023.0,0.0
ammonia_038,ammonia,合成氨,2,Shanxi,112.26299539860828,37.58126975677537,580.0,469.80000000000007,1.7852400000000004,0.0,84.56400000000001,True,12.000000000000002,5637600.000000001,2008.0,0.0
ammonia_039,ammonia,合成氨,1,Neimenggu,122.32243651505598,46.0148982331343,300.0,195.0,0.741,0.0,35.099999999999994,True,12.0,2340000.0,2005.0,0.0
ammonia_040,ammonia,合成氨,1,Qinghai,95.219262384567,36.7780439056129,360.0,291.6,0.4665600000000001,0.0,52.488,True,9.0,2624400.0,1996.0,0.0
ammonia_041,ammonia,合成氨,1,Xinjiang,81.230663,40.61344,100.0,96.0,0.1536,0.0,17.28,True,9.0,864000.0,2010.0,0.0
ammonia_042,ammonia,合成氨,1,Hebei,119.33238,39.802894,200.0,112.00000000000001,0.42560000000000003,0.0,20.16,True,12.0,1344000.0000000002,2020.0,0.0
ammonia_043,ammonia,合成氨,1,Liaoning,121.736109,39.411135,300.0,132.0,0.5015999999999999,0.0,23.759999999999998,True,12.0,1584000.0,2014.0,0.0
ammonia_044,ammonia,合成氨,1,Shandong,118.784196,36.943174,1100.0,891.0000000000001,3.3858000000000006,0.0,160.38,True,12.0,10692000.000000002,2024.0,0.0
ammonia_045,ammonia,合成氨,1,Ningxia,105.216407,37.627,150.0,81.00000000000001,0.3078000000000001,0.0,14.580000000000002,True,12.0,972000.0000000002,2017.0,0.0
ammonia_046,ammonia,合成氨,1,Hubei,114.110683,31.468607000000002,70.0,67.9,0.25801999999999997,0.0,12.222,True,12.0,814800.0000000001,2011.0,0.0
ammonia_047,ammonia,合成氨,2,Fujian,117.5504775160861,26.401925507961565,380.0,190.0,0.722,0.0,34.2,True,12.0,2280000.0,2011.0,0.0
ammonia_048,ammonia,合成氨,3,Xinjiang,85.82841323939773,44.28912586083009,1080.0,1030.0,3.9139999999999997,0.0,185.4,True,12.0,12360000.0,2006.3333333333333,0.0
ammonia_049,ammonia,合成氨,3,Shaanxi,109.38694157350211,34.434943702674296,1350.0,1188.0,4.514399999999999,0.0,213.83999999999997,True,12.0,14256000.0,2001.0,0.0
ammonia_050,ammonia,合成氨,2,Hunan,112.927795817317,29.407878932159473,700.0,595.0,2.261,0.0,107.1,True,12.0,7140000.0,2010.0,0.0
ammonia_051,ammonia,合成氨,3,Yunnan,103.97910157706166,25.816367069950335,1200.0,1008.0,3.8303999999999996,0.0,181.44,True,12.0,12096000.0,2007.0,0.0
ammonia_052,ammonia,合成氨,2,Zhejiang,120.80333658336001,30.214453151983502,240.0,242.4,0.9211199999999999,0.0,43.632,True,12.0,2908800.0,2006.0,0.0
ammonia_053,ammonia,合成氨,1,Neimenggu,122.222711366052,43.45810073774361,300.0,195.0,0.741,0.0,35.099999999999994,True,12.0,2340000.0,1997.0,0.0
ammonia_054,ammonia,合成氨,2,Anhui,115.86127587430656,32.888745766819554,2100.0,1806.0,6.8628,0.0,325.08,True,12.0,21672000.0,2006.5,0.0
ammonia_055,ammonia,合成氨,1,Yunnan,103.24083214129,23.7308064556647,400.0,336.0,1.2768,0.0,60.480000000000004,True,12.0,4032000.0,2006.0,0.0
ammonia_056,ammonia,合成氨,1,Hainan,108.6440579395,19.0658679272844,750.0,540.0,0.8640000000000001,0.0,97.19999999999999,True,9.0,4860000.0,2009.0,0.0
ammonia_057,ammonia,合成氨,1,Zhejiang,118.88755094695,28.9025825619005,350.0,353.5,1.3433000000000002,0.0,63.63,True,12.0,4242000.0,2001.0,0.0
ammonia_058,ammonia,合成氨,6,Hebei,114.61996445085065,38.25910024851502,2020.0,1131.1999999999998,4.29856,0.0,203.616,True,12.000000000000004,13574400.0,2011.3333333333333,0.0
ammonia_059,ammonia,合成氨,1,Heilongjiang,130.282177617785,47.1824145724448,300.0,201.0,0.7637999999999999,0.0,36.18000000000001,True,12.0,2412000.0,2009.0,0.0
cement_000,cement,水泥,4,Xinjiang,85.2459741236049,46.31095378407548,2310.0,1205.2173913043478,1.0111773913043478,0.6370417565217391,0.0,False,0.51,614660.8695652173,2009.5,1.0
cement_001,cement,水泥,4,Neimenggu,123.16504274359538,47.73083734156532,5700.0,3596.44267269231,3.017415402388849,1.9009717035049747,0.0,False,0.51,1834185.7630730786,2012.0,1.0
cement_002,cement,水泥,2,Yunnan,101.52119438021093,23.649019584436115,1830.0,1346.5341220589048,1.129742128407421,0.7117375408966752,0.0,False,0.51,686732.4022500414,2018.0,1.0
cement_003,cement,水泥,7,Anhui,117.17200057721548,32.711056230582436,11100.0,10962.332193812685,9.197396710608842,5.79435992768357,0.0,False,0.5100000000000001,5590789.41884447,2009.5714285714287,1.0
cement_004,cement,水泥,4,Neimenggu,109.80846479789564,41.12906006989694,5190.0,3352.0221734357847,2.8123466035126237,1.7717783602129529,0.0,False,0.51,1709531.3084522502,2010.25,1.0
cement_005,cement,水泥,7,Shaanxi,106.52208035530145,33.424995999070276,6600.0,4771.26522635236,4.00309152490963,2.521947660693067,0.0,False,0.5100000000000001,2433345.2654397036,2009.5714285714287,1.0
cement_006,cement,水泥,29,Guizhou,106.1992710358395,26.565282989032838,29092.8,16414.524368346945,13.771785945043085,8.676225145377144,0.0,False,0.51,8371407.427856941,2010.448275862069,1.0
cement_007,cement,水泥,28,Anhui,118.15092729858128,31.43013889886978,85782.0,83457.58659664592,70.02091515458594,44.11317654738914,0.0,False,0.51,42563369.16428942,2009.1785714285713,1.0
cement_008,cement,水泥,3,Chongqing,108.38296662289792,31.174950748891614,3700.2,3195.0560139775903,2.6806519957271977,1.6888107573081346,0.0,False,0.51,1629478.567128571,2013.0,1.0
cement_009,cement,水泥,11,Hebei,115.15614065700869,39.45147943588788,11460.0,8264.04271962444,6.933531841764905,4.368125060311891,0.0,False,0.51,4214661.787008464,2010.909090909091,0.9090909090909091
cement_010,cement,水泥,29,Fujian,117.35156436311239,25.58785650364938,45450.0,42517.13823529413,35.67187897941177,22.473283757029417,0.0,False,0.5099999999999999,21683740.5,2010.1724137931035,1.0
cement_011,cement,水泥,16,Guangdong,113.32169215244122,24.111543904375424,34680.0,32741.27895013123,27.4699330391601,17.306057814670865,0.0,False,0.51,16698052.264566928,2006.9375,1.0
cement_012,cement,水泥,8,Jiangxi,115.33011985948006,25.7462055882368,13650.0,12106.111176801296,10.157027277336288,6.398927184721861,0.0,False,0.5100000000000001,6174116.700168662,2008.625,0.875
cement_013,cement,水泥,27,Chongqing,106.6998777664539,30.12911072952414,37275.0,31590.10729414583,26.504100019788353,16.697583012466662,0.0,False,0.5099999999999999,16110954.720014373,2009.7037037037037,1.0
cement_014,cement,水泥,27,Hebei,118.32817525496968,40.07240856609669,33060.0,24551.078362212018,20.598354745895882,12.976963489914406,0.0,False,0.51,12521049.964728126,2009.962962962963,1.0
cement_015,cement,水泥,6,Yunnan,100.80748703850782,22.760106716972913,6360.0,4679.757932401439,3.926316905284807,2.4735796503294285,0.0,False,0.5100000000000001,2386676.545524734,2013.5,1.0
cement_016,cement,水泥,23,Yunnan,103.224392411086,24.9971249176266,25352.7,18654.79542968459,15.65137336550537,9.860365220268381,0.0,False,0.5099999999999999,9513945.669139141,2011.0869565217392,1.0
cement_017,cement,水泥,21,Henan,112.82802059055811,34.348653118314196,38550.0,18996.928419636846,15.938422944075317,10.041206454767448,0.0,False,0.5100000000000001,9688433.494014792,2009.4761904761904,1.0
cement_018,cement,水泥,32,Henan,113.61665837263084,35.738511212030254,41331.0,21305.189529961317,17.875054015637545,11.261284029851655,0.0,False,0.5100000000000001,10865646.660280274,2009.375,1.0
cement_019,cement,水泥,10,Xinjiang,81.50506477217698,44.13413875371172,9630.0,5024.347826086956,4.215427826086956,2.6557195304347827,0.0,False,0.51,2562417.3913043477,2011.3,1.0
cement_020,cement,水泥,14,Sichuan,105.1971533114818,28.643955005324177,15300.0,12482.008849483616,10.472405424716754,6.597615417571555,0.0,False,0.5100000000000001,6365824.513236644,2011.2857142857142,1.0
cement_021,cement,水泥,4,Guangxi,110.86117208568066,25.127476461088882,5400.0,3695.286219974715,3.1003451385587866,1.9532174372920352,0.0,False,0.5100000000000001,1884595.9721871049,2008.5,1.0
cement_022,cement,水泥,7,Jilin,125.87433176020602,43.18075625493604,15350.1,12144.18438441393,10.188970698523288,6.41905154006967,0.0,False,0.51,6193534.036051104,2011.142857142857,1.0
cement_023,cement,水泥,5,Shaanxi,109.5628219349732,33.58507170780063,4299.0,2792.4567623876983,2.3428712236432787,1.4760088708952654,0.0,False,0.51,1424152.9488177262,2008.8,1.0
cement_024,cement,水泥,6,Shanxi,111.06318413795836,38.85587256383814,7050.0,4186.610471355587,3.512566185467337,2.2129166968444225,0.0,False,0.51,2135171.3403913495,2013.6666666666667,1.0
cement_025,cement,水泥,5,Neimenggu,111.59493380075506,40.547589622566775,7350.0,4747.083424807903,3.9828029934138303,2.509165885850713,0.0,False,0.5100000000000001,2421012.5466520307,2011.2,1.0
cement_026,cement,水泥,7,Yunnan,102.8548870575672,26.765339417555932,5100.0,3934.837146948663,3.301328366289928,2.079836870762655,0.0,False,0.51,2006766.9449438183,2010.2857142857142,1.0
cement_027,cement,水泥,6,Yunnan,103.75803605435544,23.595023776389848,8450.1,6217.676494431667,5.216630578828168,3.2864772646617455,0.0,False,0.5099999999999999,3171015.01216015,2012.8333333333333,1.0
cement_028,cement,水泥,9,Xinjiang,87.9979153955976,43.64822721086515,10680.0,5572.173913043478,4.675053913043477,2.945283965217391,0.0,False,0.51,2841808.695652174,2010.7777777777778,1.0
cement_029,cement,水泥,18,Guangxi,109.72691856683322,23.24942774459286,47130.0,32251.636953223766,27.05912340375474,17.047247744365485,0.0,False,0.5100000000000001,16448334.846144123,2013.8333333333333,1.0
cement_030,cement,水泥,5,Hubei,110.33779627930146,32.553959047601275,5550.0,5127.584470103143,4.302043370416537,2.7102873233624183,0.0,False,0.51,2615068.079752603,2008.8,1.0
cement_031,cement,水泥,4,Xinjiang,82.82183827494279,41.75924093109078,5100.0,2660.869565217391,2.232469565217391,1.4064558260869564,0.0,False,0.51,1357043.4782608696,2012.25,1.0
cement_032,cement,水泥,5,Xinjiang,85.7796528368681,44.38036235349486,5550.0,2895.6521739130435,2.4294521739130435,1.5305548695652174,0.0,False,0.51,1476782.608695652,2009.6,1.0
cement_033,cement,水泥,3,Xinjiang,77.42106381658392,37.927921227319864,2190.0,1142.6086956521738,0.9586486956521738,0.6039486782608695,0.0,False,0.51,582730.4347826086,2010.6666666666667,1.0
cement_034,cement,水泥,6,Anhui,117.17907621410764,30.567835692045282,26730.0,26252.998409694148,22.026265665733384,13.876547369412034,0.0,False,0.51,13389029.188944014,2008.6666666666667,1.0
cement_035,cement,水泥,2,Xizang,97.23401352893357,30.65483723968064,2250.0,1801.3695652173915,1.511349065217391,0.9521499110869565,0.0,False,0.51,918698.4782608696,2020.0,1.0
cement_036,cement,水泥,6,Guangxi,108.15854463360901,24.260877664337446,7800.0,5337.635651074589,4.478276311251581,2.8213140760884956,0.0,False,0.51,2722194.182048041,2016.5,1.0
cement_037,cement,水泥,12,Hunan,112.47946208770536,25.56199764838345,14340.0,9727.982638521273,8.161777433719347,5.14191978324319,0.0,False,0.5100000000000001,4961271.145645849,2011.5,1.0
cement_038,cement,水泥,7,Xinjiang,76.01506447418163,39.421129122608356,8850.0,4617.391304347826,3.8739913043478253,2.4406145217391306,0.0,False,0.5099999999999999,2354869.5652173916,2011.857142857143,1.0
cement_039,cement,水泥,2,Beijing,116.51185374935922,40.09900775797237,2700.0,1917.1463941012166,1.6084858246509208,1.0133460695300802,0.0,False,0.51,977744.6609916205,2018.5,0.5
cement_040,cement,水泥,29,Hebei,114.26310105156313,37.53380618166349,35616.0,25912.94562470697,21.740961379129153,13.696805668851365,0.0,False,0.5099999999999999,13215602.268600553,2008.4137931034484,1.0
cement_041,cement,水泥,8,Hubei,112.5771132403169,31.33670537392705,12840.0,13167.32506469501,11.047385729279112,6.95985300944584,0.0,False,0.51,6715335.782994455,2011.25,1.0
cement_042,cement,水泥,8,Yunnan,100.72059510817687,26.714157990647134,8900.1,6662.667110653679,5.589977705838436,3.521685954678215,0.0,False,0.51,3397960.2264333763,2009.875,1.0
cement_043,cement,水泥,16,Ningxia,105.99326019972726,37.763938138414034,20640.0,14202.145427566975,11.915600013728692,7.506828008649075,0.0,False,0.51,7243094.168059157,2012.0,1.0
cement_044,cement,水泥,8,Chongqing,107.86881376304908,29.810372560127693,18744.6,16432.244574206972,13.786653197759648,8.685591514588578,0.0,False,0.51,8380444.732845556,2011.25,1.0
cement_045,cement,水泥,2,Xinjiang,79.91461515561973,37.055844462255855,1950.0,1017.391304347826,0.8535913043478259,0.5377625217391303,0.0,False,0.51,518869.56521739124,2010.0,1.0
cement_046,cement,水泥,7,Qinghai,101.57744650010532,36.625110009162405,7890.0,5697.89796839729,4.780536395485328,3.0117379291557564,0.0,False,0.5100000000000001,2905927.963882619,2010.142857142857,1.0
cement_047,cement,水泥,3,Henan,114.17400439879036,32.34432655524556,5550.0,2734.966348352387,2.2946367662676526,1.445621162748621,0.0,False,0.51,1394832.8376597173,2009.0,1.0
cement_048,cement,水泥,3,Guangdong,110.22810043657664,21.680597046496594,4350.0,3756.1121216140273,3.151378070034169,1.9853681841215263,0.0,False,0.51,1915617.1820231539,2015.3333333333333,1.0
cement_049,cement,水泥,22,Shandong,118.25989531399865,36.23002555116721,37866.0,23874.18000461226,20.030437023869695,12.619175325037903,0.0,False,0.5100000000000001,12175831.802352257,2010.5454545454545,1.0
cement_050,cement,水泥,8,Hubei,109.68059077549692,29.859478032920094,5550.0,4931.75456846051,4.137742082938367,2.6067775122511714,0.0,False,0.5099999999999999,2515194.82991486,2010.25,1.0
cement_051,cement,水泥,4,Hainan,109.02036237160618,19.24999097445741,12600.0,12136.5,10.182523499999999,6.414989804999999,0.0,False,0.51,6189615.0,2010.75,1.0
cement_052,cement,水泥,9,Guizhou,107.59242792860779,26.314887309584687,11310.0,6381.244521187508,5.353864153276319,3.372934416564081,0.0,False,0.51,3254434.705805629,2012.888888888889,1.0
cement_053,cement,水泥,2,Gansu,94.49962897730074,39.87276104278697,1950.0,1686.2568006843455,1.4147694557741657,0.8913047571377244,0.0,False,0.51,859990.9683490163,2015.0,1.0
cement_054,cement,水泥,21,Zhejiang,118.92922481867443,29.061282236155595,29880.0,30212.13353897069,25.347980039196408,15.96922742469374,0.0,False,0.5100000000000002,15408188.104875056,2007.142857142857,1.0
cement_055,cement,水泥,10,Shanxi,111.18797600319819,35.848219564324076,9450.0,5426.572710361339,4.552894503993165,2.868323537515693,0.0,False,0.5100000000000001,2767552.082284284,2011.0,1.0
cement_056,cement,水泥,8,Shanxi,112.8062328738809,39.59630095103471,12000.0,6720.352144469526,5.638375449209933,3.5521765330022577,0.0,False,0.51,3427379.593679459,2013.625,1.0
cement_057,cement,水泥,5,Heilongjiang,127.16807215209876,45.63345767421323,7470.0,3978.2959574468086,3.3377903082978726,2.10280789422766,0.0,False,0.5100000000000001,2028930.9382978724,2008.8,1.0
cement_058,cement,水泥,12,Guizhou,108.7978079641564,27.899720535406498,12060.0,7301.1617064141365,6.125674671681461,3.85917504315932,0.0,False,0.51,3723592.47027121,2011.5,1.0
cement_059,cement,水泥,13,Guizhou,106.8248427020226,27.751992314852597,13830.0,7988.696906397156,6.702516704467214,4.222585523814344,0.0,False,0.51,4074235.4222625494,2012.6923076923076,1.0
cement_060,cement,水泥,2,Neimenggu,118.22211836888543,44.541847330076806,1350.0,871.9132821075741,0.7315352436882546,0.46086720352360044,0.0,False,0.51,444675.7738748628,2011.5,1.0
cement_061,cement,水泥,15,Sichuan,104.11245908874076,31.32202101060942,24270.0,19700.641175750156,16.528837946454377,10.413167906266255,0.0,False,0.5099999999999998,10047326.999632575,2008.0,1.0
cement_062,cement,水泥,5,Gansu,103.83393635403031,35.63332126676686,6330.0,5473.848999144568,4.592559310282292,2.893312365477844,0.0,False,0.51,2791662.9895637296,2013.0,1.0
cement_063,cement,水泥,4,Xizang,91.37257014419835,29.57624427674396,6000.0,4803.652173913044,4.030264173913044,2.539066429565217,0.0,False,0.5099999999999999,2449862.608695652,2016.0,1.0
cement_064,cement,水泥,8,Guizhou,105.19478192547007,25.176270606657038,6600.0,3852.5019646010605,3.2322491483002893,2.0363169634291824,0.0,False,0.5099999999999999,1964776.001946541,2010.75,1.0
cement_065,cement,水泥,11,Hunan,111.37877107687667,27.064239252093305,15000.0,9955.750548417425,8.352874710122219,5.262311067376998,0.0,False,0.51,5077432.779692886,2011.6363636363637,1.0
cement_066,cement,水泥,7,Sichuan,106.09468966599304,32.447349324473294,7710.0,6258.4237109614205,5.250817493496632,3.3080150209028774,0.0,False,0.51,3191796.0925903246,2010.142857142857,1.0
cement_067,cement,水泥,17,Liaoning,123.55067763616903,41.4767401450144,24450.0,14919.036255319152,12.517071418212767,7.885754993474043,0.0,False,0.51,7608708.490212767,2010.235294117647,1.0
cement_068,cement,水泥,9,Guangxi,107.8484536696885,22.735038484699228,18840.0,12892.443034134007,10.816759705638432,6.814558614552213,0.0,False,0.51,6575145.947408345,2015.2222222222222,1.0
cement_069,cement,水泥,6,Hunan,112.07163067144269,27.887653660097147,11610.0,7705.750924475086,6.465125025634597,4.073028766149796,0.0,False,0.51,3929932.9714822946,2013.5,1.0
cement_070,cement,水泥,8,Yunnan,102.59415830062048,24.16839809348281,8530.2,6276.614955184082,5.266079947399444,3.31763036686165,0.0,False,0.51,3201073.6271438817,2012.5,1.0
cement_071,cement,水泥,4,Guangxi,107.02988254426705,23.469107087095676,7500.0,5132.341972187105,4.306034914664981,2.712801996238938,0.0,False,0.5099999999999999,2617494.4058154235,2012.5,1.0
cement_072,cement,水泥,15,Shandong,116.86819938058356,35.76668170445144,24810.0,15642.486819691285,13.12404644172099,8.268149258284222,0.0,False,0.51,7977668.278042558,2012.6,1.0
cement_073,cement,水泥,5,Chongqing,107.01494845570097,28.950302647881017,5295.0,4266.891209411496,3.579921724696245,2.2553506865586344,0.0,False,0.51,2176114.516799863,2010.2,1.0
cement_074,cement,水泥,9,Hunan,113.0149774835509,26.88712692638677,9930.0,6590.706863052335,5.529603058100909,3.4836499266035723,0.0,False,0.51,3361260.5001566913,2011.111111111111,1.0
cement_075,cement,水泥,15,Guangdong,111.84827766422102,22.839905597272256,29355.0,27713.963194380107,23.252015120084913,14.648769525653494,0.0,False,0.5100000000000002,14134121.229133857,2010.6,1.0
cement_076,cement,水泥,9,Zhejiang,119.97769110538529,29.997373148805444,11910.0,12150.751626655252,10.194480614763755,6.422522787301166,0.0,False,0.51,6196883.329594178,2006.5555555555557,1.0
cement_077,cement,水泥,9,Liaoning,121.68001783454494,39.43928978832132,13200.0,8054.449021276597,6.757682728851065,4.25734011917617,0.0,False,0.51,4107769.000851065,2006.5555555555557,1.0
cement_078,cement,水泥,12,Hunan,113.4236501964676,27.912188740279536,16500.0,12345.273033120147,10.357684074787802,6.525340967116316,0.0,False,0.5100000000000001,6296089.246891275,2009.4166666666667,1.0
cement_079,cement,水泥,1,Jiangsu,120.357738969549,32.7835184564035,1200.0,1080.7276180141075,0.9067304715138361,0.5712401970537168,0.0,False,0.51,551171.0851871949,2014.0,1.0
cement_080,cement,水泥,10,Shandong,120.92099290717098,37.53572436161984,12300.0,7755.04183322059,6.506480098072074,4.099082461785407,0.0,False,0.51,3955071.334942501,2007.6,1.0
cement_081,cement,水泥,3,Gansu,106.63070283994422,35.576700125044624,4200.0,3501.925727406191,2.9381156852937944,1.8510128817350904,0.0,False,0.51,1785982.1209771577,2011.0,1.0
cement_082,cement,水泥,18,Jiangxi,115.08604099326034,27.94108183604313,14115.0,12418.836920710059,10.419404176475737,6.564224631179715,0.0,False,0.5100000000000001,6333606.829562131,2010.6666666666667,0.8888888888888888
cement_083,cement,水泥,2,Xinjiang,86.61302336748764,47.92781412318575,1350.0,704.3478260869565,0.5909478260869565,0.3722971304347826,0.0,False,0.51,359217.3913043478,2010.0,1.0
cement_084,cement,水泥,8,Hubei,111.3196289434584,30.574321776203156,11100.0,11382.967929759705,9.55031009306839,6.016695358633087,0.0,False,0.51,5805313.64417745,2011.0,1.0
cement_085,cement,水泥,2,Yunnan,99.64820694890395,27.72305110243575,1500.0,1103.7164934909056,0.9260181380388697,0.5833914269644879,0.0,False,0.51,562895.4116803618,2013.5,1.0
cement_086,cement,水泥,4,Heilongjiang,130.29225645703758,46.58365699222977,6300.0,3355.189361702128,2.8150038744680854,1.7734524409148937,0.0,False,0.51,1711146.5744680853,2011.25,1.0
cement_087,cement,水泥,1,Neimenggu,119.861416131477,49.261078196011596,600.0,387.5170142700329,0.3251267749725576,0.2048298682327113,0.0,False,0.51,197633.6772777168,2005.0,1.0
cement_088,cement,水泥,4,Guizhou,109.30350899707206,26.333286817516434,3000.0,1767.265880442259,1.482736073691055,0.9341237264253648,0.0,False,0.51,901305.599025552,2012.25,1.0
cement_089,cement,水泥,3,Xinjiang,93.64202445380997,42.66238220844759,2850.0,1486.9565217391305,1.2475565217391302,0.7859606086956521,0.0,False,0.51,758347.8260869564,2011.0,1.0
cement_090,cement,水泥,14,Neimenggu,106.77461682049757,39.527293515954746,14640.0,9560.603440546472,8.021346286618492,5.05344816056965,0.0,False,0.5100000000000002,4875907.754678701,2012.2857142857142,1.0
cement_091,cement,水泥,1,Neimenggu,111.96947871854601,43.65500413744599,1200.0,775.0340285400658,0.6502535499451152,0.4096597364654226,0.0,False,0.51,395267.3545554336,2014.0,1.0
cement_092,cement,水泥,1,Xinjiang,81.8502640876926,36.7907713061454,1350.0,704.3478260869564,0.5909478260869564,0.3722971304347825,0.0,False,0.51,359217.3913043478,2020.0,1.0
cement_093,cement,水泥,1,Xinjiang,89.5366178528529,46.9250431605784,750.0,391.30434782608694,0.3283043478260869,0.20683173913043476,0.0,False,0.51,199565.21739130435,2013.0,1.0
cement_094,cement,水泥,4,Jiangxi,117.26874736144394,28.740315166577776,9045.0,7958.085720710058,6.676833919675739,4.206405369395716,0.0,False,0.51,4058623.7175621297,2007.25,1.0
cement_095,cement,水泥,1,Shandong,116.23893014184,37.4744919450042,1800.0,1134.8841707152085,0.9521678192300598,0.5998657261149377,0.0,False,0.51,578790.9270647564,2005.0,1.0
cement_096,cement,水泥,18,Sichuan,103.90789922107327,29.55383285628884,24780.0,20114.622510716472,16.876168286491115,10.631986020489402,0.0,False,0.5099999999999999,10258457.4804654,2008.1666666666667,1.0
cement_097,cement,水泥,3,Jilin,126.4063365164792,41.88763647612957,3150.0,2492.1128077930352,2.0908826457383567,1.317256066815165,0.0,False,0.51,1270977.5319744484,2010.0,1.0
cement_098,cement,水泥,2,Neimenggu,119.92375095219131,43.73057070658982,2460.0,1588.8197585071352,1.3330197773874863,0.8398024597541164,0.0,False,0.51,810298.076838639,2011.5,1.0
cement_099,cement,水泥,11,Gansu,103.22483030227157,36.78600757070324,12240.0,10199.538132995536,8.557412493583255,5.391169870957451,0.0,False,0.51,5201764.447827726,2011.090909090909,1.0
cement_100,cement,水泥,12,Henan,112.05763201882368,32.84681416527992,16950.0,9886.92798922019,8.29513258295574,5.225933527262116,0.0,False,0.51,5042333.274502296,2008.4166666666667,1.0
cement_101,cement,水泥,1,Xizang,88.3563239280504,29.2257987036696,1500.0,1200.913043478261,1.0075660434782607,0.6347666073913043,0.0,False,0.51,612465.6521739131,2018.0,1.0
cement_102,cement,水泥,4,Neimenggu,121.2060993897225,42.48386363096788,7890.0,5010.225957166546,4.203579578062732,2.6482551341795215,0.0,False,0.51,2555215.2381549384,2011.5,1.0
cement_103,cement,水泥,1,Heilongjiang,125.650385254058,50.0875849019426,750.0,399.4273049645391,0.3351195088652482,0.21112529058510637,0.0,False,0.51,203707.92553191492,2008.0,1.0
cement_104,cement,水泥,1,Xinjiang,89.2385478102257,44.8871746135516,750.0,391.30434782608694,0.3283043478260869,0.20683173913043476,0.0,False,0.51,199565.21739130435,2012.0,1.0
cement_105,cement,水泥,5,Shanxi,111.01343448103603,37.452356481785976,6750.0,3833.9162399007437,3.2166557252767243,2.0264931069243364,0.0,False,0.51,1955297.2823493795,2013.4,1.0
cement_106,cement,水泥,2,Gansu,104.675037464455,33.2241956853115,1500.0,1297.1206159110352,1.0882841967493584,0.6856190439520958,0.0,False,0.51,661531.514114628,2009.5,1.0
cement_107,cement,水泥,1,Xinjiang,79.0228057134569,39.8144600332808,600.0,313.04347826086956,0.26264347826086953,0.16546539130434781,0.0,False,0.51,159652.17391304346,2011.0,1.0
cement_108,cement,水泥,4,Sichuan,102.42014611770006,28.22560514376239,3600.0,2922.22118799755,2.4517435767299443,1.544598453339865,0.0,False,0.5100000000000001,1490332.8058787505,2009.75,1.0
cement_109,cement,水泥,1,Qinghai,94.8221977520286,35.9894923581658,1200.0,866.6004514672686,0.7270777787810383,0.4580590006320541,0.0,False,0.51,441966.230248307,2012.0,1.0
cement_110,cement,水泥,3,Yunnan,99.31345289869763,23.6696856255857,2250.0,1655.5747402363584,1.3890272070583045,0.8750871404467317,0.0,False,0.51,844343.1175205428,2012.3333333333333,1.0
cement_111,cement,水泥,1,Xinjiang,88.3255124470776,38.9259199670525,900.0,469.5652173913043,0.3939652173913043,0.2481980869565217,0.0,False,0.51,239478.26086956522,2013.0,1.0
cement_112,cement,水泥,1,Xizang,98.7121067230927,29.9668713549221,600.0,480.3652173913043,0.40302641739130435,0.25390664295652177,0.0,False,0.51,244986.2608695652,2020.0,1.0
cement_113,cement,水泥,4,Xinjiang,80.19627045978233,41.08463306973977,4410.0,2300.869565217391,1.9304295652173913,1.2161706260869565,0.0,False,0.5100000000000001,1173443.4782608696,2011.75,1.0
cement_114,cement,水泥,8,Guangdong,116.15654988913212,24.666678714868205,18000.0,16967.864597807627,14.236038397560597,8.968704190463175,0.0,False,0.51,8653610.94488189,2011.25,1.0
cement_115,cement,水泥,1,Heilongjiang,130.968005184397,45.3582457043034,750.0,399.4273049645391,0.3351195088652482,0.21112529058510637,0.0,False,0.51,203707.92553191492,2015.0,1.0
cement_116,cement,水泥,11,Guizhou,104.58115201869035,26.35366036058095,10310.1,6263.261326170423,5.254876252656985,3.3105720391739,0.0,False,0.51,3194263.2763469163,2010.4545454545455,1.0
cement_117,cement,水泥,3,Heilongjiang,129.56567696347093,43.76797018984038,2100.0,1428.689073688127,1.1986701328243385,0.7551621836793334,0.0,False,0.51,728631.4275809447,2000.6666666666667,1.0
cement_118,cement,水泥,16,Hubei,115.25628508189209,29.997510893831972,36045.0,35170.07781695742,29.50769528842727,18.58984803170918,0.0,False,0.5099999999999999,17936739.686648283,2011.5,1.0
cement_119,cement,水泥,5,Xinjiang,86.30206084784442,41.90972865383686,3600.0,1878.2608695652173,1.5758608695652172,0.9927923478260868,0.0,False,0.51,957913.0434782609,2008.4,1.0
cement_120,cement,水泥,6,Sichuan,102.60007126062189,29.94108268736839,5700.0,4626.8502143294545,3.8819273298224113,2.4456142177881195,0.0,False,0.51,2359693.6093080216,2011.5,1.0
cement_121,cement,水泥,7,Liaoning,120.11700838712905,41.19291626810341,7350.0,4484.863659574468,3.7628006103829787,2.370564384541277,0.0,False,0.51,2287280.4663829794,2008.142857142857,1.0
cement_122,cement,水泥,5,Hunan,109.99573690612637,28.07665870960997,3750.0,2488.9376371043563,2.0882186775305547,1.3155777668442492,0.0,False,0.51,1269358.1949232218,2007.0,1.0
cement_123,cement,水泥,8,Shaanxi,107.66126259429277,34.53957825449366,11880.0,7716.768164030205,6.474368489621341,4.078852148461445,0.0,False,0.51,3935551.7636554046,2008.125,1.0
cement_124,cement,水泥,9,Yunnan,99.13246017619703,25.075291216539746,10250.1,7542.136286620753,6.327852344474812,3.986546977019131,0.0,False,0.5100000000000001,3846489.506176585,2013.5555555555557,1.0
cement_125,cement,水泥,1,Neimenggu,115.8478755238,43.6270533092369,750.0,484.39626783754113,0.406408468715697,0.2560373352908891,0.0,False,0.51,247042.09659714598,2009.0,1.0
cement_126,cement,水泥,4,Yunnan,100.53855242046406,25.526327013519133,5475.0,4028.565201241805,3.3799662038418745,2.129378708420381,0.0,False,0.51,2054568.2526333206,2013.75,1.0
cement_127,cement,水泥,5,Guangxi,109.35899711823296,24.60691995500169,6900.0,4721.754614412136,3.961552121491782,2.4957778365398227,0.0,False,0.51,2408094.85335019,2014.8,1.0
cement_128,cement,水泥,27,Jiangsu,119.44756211782558,31.195606581535408,50370.0,47852.672978649134,40.148392629086615,25.293487356324572,0.0,False,0.51,24404863.219111055,2006.4074074074074,1.0
cement_129,cement,水泥,9,Guangdong,114.43262161754674,23.71972697166059,12870.0,12150.526530801295,10.194291759342285,6.42240380838564,0.0,False,0.51,6196768.530708661,2009.111111111111,1.0
cement_130,cement,水泥,2,Neimenggu,118.934314109484,42.10788967353125,2700.0,1743.8265642151482,1.4630704873765092,0.9217344070472008,0.0,False,0.51,889351.5477497255,2012.5,1.0
cement_131,cement,水泥,1,Qinghai,97.4088669192059,37.3485710778152,1500.0,1083.250564334086,0.9088472234762981,0.5725737507900678,0.0,False,0.51,552457.7878103838,2010.0,1.0
cement_132,cement,水泥,3,Jiangxi,116.036583422275,27.1841080137071,4500.0,3959.246627218934,3.3218079202366857,2.0927389897491118,0.0,False,0.51,2019215.7798816566,2014.3333333333333,1.0
cement_133,cement,水泥,5,Gansu,104.95815898678319,34.708037955085025,6750.0,5837.042771599658,4.8972788853721125,3.085285697784431,0.0,False,0.51,2976891.813515825,2013.6,1.0
cement_134,cement,水泥,3,Yunnan,97.99483496643278,24.52478986730831,2580.0,1898.3923688043574,1.5927511974268558,1.003433254378919,0.0,False,0.51,968180.1080902223,2014.0,1.0
cement_135,cement,水泥,20,Shandong,117.36196414047265,34.48195578773099,40140.0,31187.078611685563,26.165958955204186,16.484554141778638,0.0,False,0.5100000000000001,15905410.091959639,2011.85,1.0
cement_136,cement,水泥,6,Hunan,111.39036781183987,29.49805548731263,8454.0,5611.061009088061,4.7076801866248825,2.9658385175736757,0.0,False,0.51,2861641.1146349106,2011.3333333333333,1.0
cement_137,cement,水泥,2,Gansu,102.24439567104443,38.4814837449265,1050.0,907.9844311377246,0.7617989377245509,0.47993333076646705,0.0,False,0.5099999999999999,463072.05988023954,2005.0,1.0
cement_138,cement,水泥,5,Hubei,113.82106086320145,29.70647729465219,4974.0,4612.402754533169,3.869805911053329,2.437977723963597,0.0,False,0.51,2352325.404811916,2009.4,1.0
cement_139,cement,水泥,3,Gansu,98.29392165427281,39.774443730923025,2250.0,1945.6809238665526,1.6324262951240374,1.0284285659281436,0.0,False,0.51,992297.2711719419,2011.0,1.0
cement_140,cement,水泥,11,Shanxi,112.38344007079706,37.78210069023886,12600.0,7056.369751693002,5.920294221670429,3.7297853596523702,0.0,False,0.5100000000000001,3598748.5733634317,2013.7272727272727,1.0
cement_141,cement,水泥,1,Yunnan,105.402726938857,23.741799978614,450.0,331.11494804727164,0.2778054414116609,0.17501742808934637,0.0,False,0.51,168868.62350410855,2010.0,1.0
cement_142,cement,水泥,13,Shaanxi,108.97771986735435,34.876291587984916,28500.0,18512.44887835529,15.531944608940087,9.785125103632256,0.0,False,0.51,9441348.927961197,2009.923076923077,1.0
cement_143,cement,水泥,4,Jilin,124.36309795122547,43.0750343739007,3900.0,2732.598287296398,2.292649963041678,1.4443694767162572,0.0,False,0.51,1393625.1265211632,2010.5,1.0
cement_144,cement,水泥,1,Xinjiang,89.8230626691736,43.7519310215008,1350.0,704.3478260869564,0.5909478260869564,0.3722971304347825,0.0,False,0.51,359217.3913043478,2012.0,1.0
cement_145,cement,水泥,1,Neimenggu,118.455942390403,43.3067228866707,300.0,193.75850713501646,0.1625633874862788,0.10241493411635565,0.0,False,0.51,98816.8386388584,2005.0,1.0
cement_146,cement,水泥,4,Yunnan,103.77172181955669,27.48686384547097,3900.0,2869.6628830763543,2.407647158901061,1.5168177101076683,0.0,False,0.51,1463528.0703689407,2009.75,1.0
cement_147,cement,水泥,1,Neimenggu,123.21067427766,50.565400612828,1500.0,968.7925356750823,0.812816937431394,0.5120746705817782,0.0,False,0.51,494084.19319429196,2012.0,1.0
cement_148,cement,水泥,2,Tianjin,117.13245613054241,39.27770145681519,1285.5,711.4499999999998,0.5969065499999998,0.3760511264999999,0.0,False,0.51,362839.4999999999,2003.0,1.0
cement_149,cement,水泥,5,Neimenggu,113.13636887013021,41.65532573319784,6090.0,3933.297694840834,3.30003676597146,2.0790231625620197,0.0,False,0.51,2005981.8243688256,2013.0,1.0
coal_chemical_000,coal_chemical,现代煤化工,3,Anhui,117.01771016179164,32.49436435159667,1100.0,980.0,10.3474,5.7792,366.38,True,,,2013.6666666666667,0.0
coal_chemical_001,coal_chemical,现代煤化工,5,Henan,114.35196557374094,35.75223997988122,1050.0,715.0,6.575200000000001,2.49305,208.31000000000003,True,,,2013.8,0.0
coal_chemical_002,coal_chemical,现代煤化工,7,Shaanxi,109.4714632158315,38.130703745977065,4430.0,3488.0,27.32664,15.1824,1283.256,True,,,2004.857142857143,0.0
coal_chemical_003,coal_chemical,现代煤化工,4,Neimenggu,109.10899904904804,40.2951992762902,2500.0,2050.0,18.852400000000003,10.7339,681.0200000000001,True,,,2012.25,0.0
coal_chemical_004,coal_chemical,现代煤化工,2,Neimenggu,116.68532443384224,42.71641102473914,593.0,1139.6299999999999,4.8713999999999995,3.0268,403.18493,True,,,2008.0,0.0
coal_chemical_005,coal_chemical,现代煤化工,5,Neimenggu,109.72253275306282,39.202940651817215,3270.0,2942.4,20.1135,12.25604,994.2103999999999,True,,,2008.0,0.0
coal_chemical_006,coal_chemical,现代煤化工,2,Shandong,117.7306234222498,34.80960678552081,670.0,402.0,1.13766,0.0,167.63399999999996,True,,,2004.5,0.0
coal_chemical_007,coal_chemical,现代煤化工,2,Shanxi,113.32228962820766,37.83695337198227,600.0,420.0,4.4016,1.7598,111.72,True,,,2022.5,0.0
coal_chemical_008,coal_chemical,现代煤化工,2,Shanghai,121.64016636465567,30.045147557600803,610.0,367.0,1.09216,0.029330000000000002,151.98199999999997,True,,,2006.0,0.0
coal_chemical_009,coal_chemical,现代煤化工,2,Hubei,111.64845837186199,30.390162985675474,800.0,560.0,5.8688,2.3464,148.96,True,,,2016.5,0.0
coal_chemical_010,coal_chemical,现代煤化工,2,Hebei,116.04440400960841,37.620037470511186,770.0,539.0,5.648720000000001,2.2584100000000005,143.374,True,,,2023.5,0.0
coal_chemical_011,coal_chemical,现代煤化工,2,Jiangsu,118.79333584826799,32.2796230997013,900.0,540.0,1.5282,0.0,225.17999999999995,True,,,1999.0,0.0
coal_chemical_012,coal_chemical,现代煤化工,2,Xinjiang,81.38742923735055,44.02264321338482,337.5,1724.6249999999998,0.0,0.0,536.3583749999999,True,,,2012.5,0.0
coal_chemical_013,coal_chemical,现代煤化工,1,Guizhou,106.099496572616,27.0177759669097,300.0,210.0,2.2008,0.8799000000000001,55.86,True,,,2023.0,0.0
coal_chemical_014,coal_chemical,现代煤化工,5,Ningxia,106.61583461461419,38.187147366283845,6200.0,5200.0,43.396,26.962,1835.6,True,,,2002.0,0.0
coal_chemical_015,coal_chemical,现代煤化工,2,Xinjiang,86.08849247756112,44.3203064791753,850.0,595.0,6.2356,2.49305,158.27,True,,,2017.0,0.0
coal_chemical_016,coal_chemical,现代煤化工,1,Neimenggu,122.186103957422,43.6829014263262,200.0,140.0,1.4672,0.5866,37.24,True,,,2025.0,0.0
coal_chemical_017,coal_chemical,现代煤化工,1,Jiangsu,119.589574517336,34.5690092726925,830.0,498.0,1.40934,0.0,207.66599999999997,True,,,2001.0,0.0
coal_chemical_018,coal_chemical,现代煤化工,1,Shaanxi,108.138833,35.120695,300.0,210.0,2.2008,0.8799000000000001,55.86,True,,,2021.0,0.0
coal_chemical_019,coal_chemical,现代煤化工,1,Henan,112.445672012739,34.802566978418,200.0,140.0,1.4672,0.5866,37.24,True,,,2024.0,0.0
coal_chemical_020,coal_chemical,现代煤化工,1,Tianjin,117.605552232249,38.6982319726299,1200.0,720.0,2.0376,0.0,300.23999999999995,True,,,1998.0,0.0
coal_chemical_021,coal_chemical,现代煤化工,1,Liaoning,121.834271652162,42.0478565200926,133.0,679.6299999999999,0.0,0.0,211.36493,True,,,2012.0,0.0
coal_chemical_022,coal_chemical,现代煤化工,3,Neimenggu,111.2683688797488,40.05148223592548,1000.0,656.0,3.7612,1.3349600000000001,234.87199999999996,True,,,2011.3333333333333,0.0
coal_chemical_023,coal_chemical,现代煤化工,1,Qinghai,95.219262384567,36.7780439056129,330.0,198.0,0.5603400000000001,0.0,82.566,True,,,2004.0,0.0
coal_chemical_024,coal_chemical,现代煤化工,1,Henan,116.412146856947,33.8995539913754,200.0,140.0,1.4672,0.5866,37.24,True,,,2016.0,0.0
coal_chemical_025,coal_chemical,现代煤化工,2,Shanxi,113.05718515021763,36.46749088865487,1160.0,928.0,7.1177600000000005,4.5750399999999996,290.464,True,,,2009.0,0.0
coal_chemical_026,coal_chemical,现代煤化工,1,Shaanxi,109.368457383417,35.9168725491499,1000.0,1000.0,10.59,6.58,416.99999999999994,True,,,2003.0,0.0
coal_chemical_027,coal_chemical,现代煤化工,1,Gansu,106.675026106938,35.2222937405797,200.0,120.0,0.3396,0.0,50.03999999999999,True,,,1999.0,0.0
coal_chemical_028,coal_chemical,现代煤化工,1,Xinjiang,87.6757657634969,44.1297404663653,680.0,680.0,7.2012,4.4744,283.56,True,,,2004.0,0.0
coal_chemical_029,coal_chemical,现代煤化工,1,Shaanxi,109.71682148289501,34.9098571140417,700.0,700.0,7.413,4.606,291.9,True,,,2006.0,0.0
methanol_000,methanol,甲醇,11,Shanxi,111.15902413405796,35.35455023550724,2760.0,1965.1200000000001,6.288384,0.0,373.37280000000004,True,13.161413043478259,25863756.0,2014.8181818181818,0.0
methanol_001,methanol,甲醇,3,Jiangsu,119.26387683333333,32.22049875,1200.0,854.4000000000001,2.73408,0.0,162.33599999999998,True,14.999999999999998,12816000.0,2005.3333333333333,0.0
methanol_002,methanol,甲醇,3,Guizhou,106.59646038356163,26.994879013698625,800.0,649.7,2.07904,0.0,123.44299999999998,True,14.999999999999998,9745500.0,2009.0,0.0
methanol_003,methanol,甲醇,5,Anhui,116.09081297222224,33.223151361111114,3600.0,2563.2,8.202240000000002,0.0,487.0079999999999,True,13.5075,34622424.0,2004.0,0.0
methanol_004,methanol,甲醇,7,Neimenggu,109.69326613043481,40.48299860869565,4600.0,4503.4,14.410879999999999,0.0,855.646,True,14.740434782608695,66382074.0,2014.142857142857,0.0
methanol_005,methanol,甲醇,4,Henan,113.828966125,33.276576500000004,800.0,569.5999999999999,1.82272,0.0,108.22399999999999,True,15.0,8543999.999999998,2010.5,0.0
methanol_006,methanol,甲醇,5,Yunnan,103.60569533870967,25.282989483870963,1240.0,882.8800000000001,2.8252160000000006,0.0,167.74719999999996,True,12.592741935483868,11117880.0,2008.4,0.0
methanol_007,methanol,甲醇,16,Neimenggu,109.4840340810941,38.75018950313418,22910.0,20303.57,64.971424,0.0,3857.6782999999996,True,14.913641344847235,302800161.0,2007.375,0.0
methanol_008,methanol,甲醇,12,Shandong,117.05527612169311,35.165014624338625,3780.0,2691.36,8.612352000000001,0.0,511.35839999999985,True,13.546984126984125,36459811.199999996,2015.75,0.0
methanol_009,methanol,甲醇,5,Xinjiang,87.3877847826087,44.208780459627334,3220.0,2292.64,7.336448,0.0,435.6016,True,15.0,34389600.0,2003.0,0.0
methanol_010,methanol,甲醇,13,Shanxi,112.0036130997963,36.97300298167005,2750.0,2184.9500000000003,6.99184,0.0,415.1405,True,9.613625254582484,21005290.499999996,2011.2307692307693,0.0
methanol_011,methanol,甲醇,4,Chongqing,106.94530334614464,29.947596059441395,2330.0,2094.5,1.04725,0.0,397.9549999999999,True,9.029999999999998,18913334.999999996,2007.0,0.0
methanol_012,methanol,甲醇,6,Ningxia,106.58777809420587,38.19933537637097,9400.0,9281.8,29.70176,0.0,1763.542,True,14.872904824495247,138047328.0,2010.0,0.0
methanol_013,methanol,甲醇,2,Neimenggu,116.60282409836066,42.29098459016394,1830.0,1791.57,5.336529000000001,0.0,340.3983,True,14.510655737704917,25996855.5,2018.5,0.0
methanol_014,methanol,甲醇,3,Sichuan,104.9599241917808,28.79029157534246,730.0,519.76,0.894272,0.0,98.75439999999999,True,11.156301369863014,5798599.199999999,2011.0,0.0
methanol_015,methanol,甲醇,5,Shandong,116.45958678082192,37.048795205479465,3650.0,2598.7999999999993,8.316160000000002,0.0,493.772,True,15.000000000000004,38982000.0,2015.0,0.0
methanol_016,methanol,甲醇,1,Heilongjiang,124.89761200000001,46.750239,100.0,71.19999999999999,0.03559999999999999,0.0,13.527999999999999,True,9.03,642935.9999999998,2015.0,0.0
methanol_017,methanol,甲醇,4,Hebei,114.8072963414634,38.34741254878048,820.0,583.84,1.868288,0.0,110.9296,True,14.999999999999996,8757600.0,2004.5,0.0
methanol_018,methanol,甲醇,1,Liaoning,121.3,41.57,120.0,117.47999999999999,0.37593600000000005,0.0,22.3212,True,9.029999999999998,1060844.3999999997,2007.0,0.0
methanol_019,methanol,甲醇,3,Hebei,118.463865,39.463172,400.0,284.79999999999995,0.91136,0.0,54.111999999999995,True,12.014999999999999,3421871.999999999,2015.0,0.0
methanol_020,methanol,甲醇,6,Heilongjiang,130.93450635371178,45.94711328384279,1145.0,815.24,2.6087679999999995,0.0,154.89559999999997,True,13.018689956331878,10613356.8,2011.8333333333333,0.0
methanol_021,methanol,甲醇,1,Gansu,104.95,36.69,100.0,97.89999999999999,0.31328,0.0,18.601,True,14.999999999999998,1468499.9999999998,2009.0,0.0
methanol_022,methanol,甲醇,3,Shaanxi,107.29102633333332,34.982924,1800.0,1281.6,4.10112,0.0,243.50399999999996,True,15.000000000000002,19224000.0,2003.3333333333333,0.0
methanol_023,methanol,甲醇,4,Hubei,112.10502500661318,30.54423704589543,1900.0,2268.2,7.258240000000001,0.0,430.95799999999997,True,15.000000000000002,34023000.0,2007.0,0.0
methanol_024,methanol,甲醇,3,Hebei,114.30432099999999,36.75068461538461,650.0,462.8,1.48096,0.0,87.93199999999999,True,11.785384615384613,5454276.0,2020.0,0.0
methanol_025,methanol,甲醇,2,Anhui,116.69920925000004,30.08858100000001,800.0,569.5999999999999,1.82272,0.0,108.22399999999999,True,15.000000000000002,8544000.0,2010.5,0.0
methanol_026,methanol,甲醇,6,Jiangsu,118.15059766255146,34.47042604115226,1350.0,1081.35,3.4603200000000003,0.0,205.4565,True,12.78888888888889,13829265.0,2012.0,0.0
methanol_027,methanol,甲醇,2,Shaanxi,109.336062,35.87957514285714,2100.0,1495.1999999999998,4.78464,0.0,284.088,True,15.000000000000002,22428000.0,1998.0,0.0
methanol_028,methanol,甲醇,9,Shanxi,112.83509190849672,35.74971599346405,3060.0,2178.72,6.971903999999999,0.0,413.9568,True,13.829411764705883,30130416.0,2006.2222222222222,0.0
methanol_029,methanol,甲醇,2,Shanghai,121.61400688888888,30.861531999999997,1350.0,961.1999999999999,3.0758400000000004,0.0,182.628,True,15.000000000000002,14418000.0,2008.0,0.0
methanol_030,methanol,甲醇,10,Henan,114.15189277811548,35.40812708814589,4000.0,2928.1000000000004,9.36992,0.0,556.339,True,14.999999999999998,43921500.0,2009.7,0.0
methanol_031,methanol,甲醇,1,Shandong,121.070565,37.689432,600.0,427.2,1.36704,0.0,81.16799999999999,True,15.0,6408000.0,2004.0,0.0
methanol_032,methanol,甲醇,6,Shaanxi,109.35574388888888,34.68907513888889,3600.0,2563.2,8.01,0.0,487.00800000000004,True,14.502500000000003,37172808.0,2006.0,0.0
methanol_033,methanol,甲醇,1,Zhejiang,118.916376,28.902942999999997,100.0,71.19999999999999,0.22784,0.0,13.527999999999999,True,15.0,1067999.9999999998,2018.0,0.0
methanol_034,methanol,甲醇,1,Qinghai,101.497998,36.551834,800.0,569.5999999999999,0.28479999999999994,0.0,108.22399999999999,True,9.03,5143487.999999998,2005.0,0.0
methanol_035,methanol,甲醇,1,Neimenggu,119.683283,49.35752500000001,200.0,195.79999999999998,0.62656,0.0,37.202,True,14.999999999999998,2936999.9999999995,2021.0,0.0
methanol_036,methanol,甲醇,1,Xinjiang,81.790944,41.8397,200.0,142.39999999999998,0.45568,0.0,27.055999999999997,True,9.03,1285871.9999999995,2018.0,0.0
methanol_037,methanol,甲醇,1,Jilin,126.364055,41.887529,60.0,42.72,0.13670400000000002,0.0,8.116800000000001,True,9.03,385761.6,2010.0,0.0
methanol_038,methanol,甲醇,1,Neimenggu,106.808424,40.947263,300.0,293.7,0.9398400000000001,0.0,55.803000000000004,True,9.03,2652111.0,2024.0,0.0
methanol_039,methanol,甲醇,3,Qinghai,95.11998126666666,36.62020253333333,1500.0,1068.0,0.5339999999999999,0.0,202.92,True,9.029999999999998,9644039.999999998,2007.6666666666667,0.0
methanol_040,methanol,甲醇,8,Neimenggu,111.25236911081797,40.079821926121376,3500.0,3373.0999999999995,10.26526,0.0,640.889,True,14.65345646437995,49427574.0,2009.75,0.0
methanol_041,methanol,甲醇,1,Xinjiang,84.103065,41.851805,300.0,213.6,0.68352,0.0,40.583999999999996,True,15.0,3204000.0,1997.0,0.0
methanol_042,methanol,甲醇,1,Shandong,119.050507,37.068763,750.0,534.0,1.7087999999999999,0.0,101.46,True,15.0,8010000.0,2005.0,0.0
methanol_043,methanol,甲醇,1,Xinjiang,94.973828,43.716783,1200.0,854.4,2.73408,0.0,162.33599999999998,True,15.0,12816000.0,2008.0,0.0
methanol_044,methanol,甲醇,1,Xinjiang,87.94000000000001,42.83,1000.0,978.9999999999999,3.1327999999999996,0.0,186.01,True,9.03,8840369.999999998,2010.0,0.0
methanol_045,methanol,甲醇,1,Hainan,108.64708499999999,19.069003,1400.0,1400.0,0.7,0.0,266.0,True,9.03,12642000.0,2016.0,0.0
methanol_046,methanol,甲醇,2,Chongqing,106.785380755716,28.525832270758126,600.0,498.6,1.59552,0.0,94.734,True,15.0,7479000.0,1996.0,0.0
methanol_047,methanol,甲醇,3,Neimenggu,113.19650699288256,40.24296633451957,930.0,750.27,2.4008640000000003,0.0,142.5513,True,12.42928825622776,9325322.1,2009.0,0.0
methanol_048,methanol,甲醇,1,Gansu,103.293373,35.988264,100.0,71.19999999999999,0.22784,0.0,13.527999999999999,True,15.0,1067999.9999999998,2015.0,0.0
methanol_049,methanol,甲醇,1,Xinjiang,89.076829,44.717078,200.0,142.39999999999998,0.45568,0.0,27.055999999999997,True,15.0,2135999.9999999995,2021.0,0.0
methanol_050,methanol,甲醇,1,Fujian,117.76815799999999,26.935944,100.0,71.19999999999999,0.22784,0.0,13.527999999999999,True,15.0,1067999.9999999998,2014.0,0.0
methanol_051,methanol,甲醇,1,Anhui,118.331076,31.369535,660.0,469.91999999999996,1.5037440000000002,0.0,89.2848,True,15.0,7048799.999999999,2003.0,0.0
methanol_052,methanol,甲醇,11,Neimenggu,106.86517308681294,39.445234700611806,3090.0,3025.47,8.888514000000002,0.0,574.8393,True,10.575447153665381,31995698.099999998,2007.0,0.0
methanol_053,methanol,甲醇,1,Sichuan,107.473512,31.149261,400.0,284.79999999999995,0.91136,0.0,54.111999999999995,True,9.03,2571743.999999999,2000.0,0.0
methanol_054,methanol,甲醇,2,Liaoning,121.45493399999998,39.515017500000006,800.0,569.6,1.8227200000000003,0.0,108.22399999999999,True,15.0,8544000.0,2013.0,0.0
methanol_055,methanol,甲醇,1,Guangxi,108.624867,21.719045,1800.0,1281.6,4.10112,0.0,243.50400000000002,True,15.000000000000002,19224000.0,2023.0,0.0
methanol_056,methanol,甲醇,1,Sichuan,104.809175,31.812721,150.0,106.8,0.053399999999999996,0.0,20.291999999999998,True,9.03,964403.9999999999,2017.0,0.0
methanol_057,methanol,甲醇,1,Sichuan,106.201263,32.212363,70.0,49.84,0.159488,0.0,9.4696,True,15.0,747600.0,2011.0,0.0
methanol_058,methanol,甲醇,3,Hebei,117.7155806,38.640506900000005,1000.0,712.0,2.2784000000000004,0.0,135.27999999999997,True,15.0,10680000.0,2014.6666666666667,0.0
methanol_059,methanol,甲醇,2,Anhui,116.91832872972972,32.69156010810811,1850.0,1317.1999999999998,4.21504,0.0,250.268,True,15.0,19757999.999999996,2019.0,0.0
refinery_000,refinery,炼化,2,Anhui,116.53409632253408,30.119049048288456,18500.0,13851.5,4.6679555,0.0,202.2319,True,,,2004.0,0.0
refinery_001,refinery,炼化,12,Liaoning,122.05477458486592,41.087048822873804,60000.0,47520.0,16.841880000000003,0.0,693.792,True,,,2015.0,0.0
refinery_002,refinery,炼化,7,Ningxia,106.57160375584334,38.07363474362413,14500.0,5250.0,1.858,0.0,76.65,True,,,2014.0,0.0
refinery_003,refinery,炼化,2,Beijing,116.04088978160011,39.32683696785605,21000.0,12924.0,4.548988,0.0,188.6904,True,,,2015.0,0.0
refinery_004,refinery,炼化,5,Zhejiang,121.73573500737254,30.291236775973964,103500.0,88590.0,31.88958,0.0,1293.4140000000002,True,,,2001.4,0.0
refinery_005,refinery,炼化,3,Shandong,115.2067998687541,35.46213750604879,11600.0,8586.4,3.1082767999999996,0.0,125.36144000000002,True,,,2000.3333333333333,0.0
refinery_006,refinery,炼化,29,Shandong,118.5257686246646,37.21650370944587,128820.0,97259.1,35.2077942,0.0,1419.9828599999998,True,,,1992.2413793103449,0.0
refinery_007,refinery,炼化,4,Jiangsu,118.93786787418148,32.192877691073924,33300.0,23976.0,8.679312,0.0,350.04959999999994,True,,,2009.5,0.0
refinery_008,refinery,炼化,7,Shandong,119.32380209360218,34.952306920006976,34300.0,25126.5,9.095793,0.0,366.8469,True,,,1994.857142857143,0.0
refinery_009,refinery,炼化,2,Hubei,112.52637147244636,30.774883917571003,11000.0,7700.0,2.6824,0.0,112.41999999999999,True,,,2011.0,0.0
refinery_010,refinery,炼化,3,Heilongjiang,124.95778041993029,46.51974142009997,25500.0,13668.0,4.827216,0.0,199.55280000000002,True,,,2008.3333333333333,0.0
refinery_011,refinery,炼化,2,Guangdong,113.22638055555556,21.99064911111111,2700.0,1890.0,0.68418,0.0,27.593999999999998,True,,,2024.0,0.0
refinery_012,refinery,炼化,1,Qinghai,94.95651,36.38969,1500.0,1500.0,0.5429999999999999,0.0,21.9,True,,,2012.0,0.0
refinery_013,refinery,炼化,2,Shaanxi,109.13958022986849,37.40371105660534,14500.0,9570.0,3.2250900000000002,0.0,139.72199999999998,True,,,1995.5,0.0
refinery_014,refinery,炼化,1,Liaoning,124.336007,40.05828,200.0,158.4,0.057340800000000004,0.0,2.31264,True,,,2018.0,0.0
refinery_015,refinery,炼化,2,Jilin,125.08552725,44.60717625,2000.0,1578.0,0.571236,0.0,23.038800000000002,True,,,2020.0,0.0
refinery_016,refinery,炼化,1,Xinjiang,90.221594,42.88072,2320.0,1199.44,0.43419728,0.0,17.511824,True,,,2012.0,0.0
refinery_017,refinery,炼化,1,Sichuan,105.298931,30.588186,2400.0,1944.0,0.703728,0.0,28.382400000000004,True,,,2014.0,0.0
refinery_018,refinery,炼化,3,Guangdong,110.6932413632663,21.423036952889742,35000.0,24500.0,8.869,0.0,357.7,True,,,1999.0,0.0
refinery_019,refinery,炼化,1,Yunnan,102.383893823974,24.9065777689214,13000.0,10036.0,3.633032,0.0,146.5256,True,,,2009.0,0.0
refinery_020,refinery,炼化,11,Hebei,117.48259844176631,38.57777574631003,43900.0,31058.6,11.1978882,0.0,453.45555999999993,True,,,2014.3636363636363,0.0
refinery_021,refinery,炼化,4,Xinjiang,84.89104717640258,44.37852934749846,17500.0,9047.5,3.275195,0.0,132.0935,True,,,2008.75,0.0
refinery_022,refinery,炼化,2,Shandong,120.23107083645117,36.10149597217447,17000.0,12835.0,4.325395,0.0,187.39100000000002,True,,,2000.0,0.0
refinery_023,refinery,炼化,1,Shaanxi,109.355317695278,35.6505937787619,8000.0,5280.0,1.7793600000000003,0.0,77.088,True,,,1996.0,0.0
refinery_024,refinery,炼化,1,Guangdong,116.22979805240999,22.9361258966269,20000.0,14000.0,5.068,0.0,204.4,True,,,2008.0,0.0
refinery_025,refinery,炼化,1,Chongqing,107.145515,29.702693,1500.0,1110.0,0.40181999999999995,0.0,16.206,True,,,2013.0,0.0
refinery_026,refinery,炼化,1,Henan,112.60377797464999,34.9053644885062,10000.0,6890.0,2.32193,0.0,100.594,True,,,2001.0,0.0
refinery_027,refinery,炼化,2,Guangxi,108.95973845049977,21.668285365829934,16400.0,15908.0,5.603496,0.0,232.2568,True,,,2007.5,0.0
refinery_028,refinery,炼化,4,Liaoning,121.54489624325987,39.220964976611825,52700.0,41738.4,15.1093008,0.0,609.38064,True,,,2006.25,0.0
refinery_029,refinery,炼化,1,Gansu,103.63850572237,36.1078857440352,10500.0,10500.0,3.5385000000000004,0.0,153.3,True,,,2011.0,0.0
refinery_030,refinery,炼化,1,Xinjiang,87.6990428322557,43.9580645807841,8500.0,4394.5,1.4809465000000004,0.0,64.1597,True,,,2009.0,0.0
refinery_031,refinery,炼化,1,Xinjiang,83.0377704508697,41.7160675627064,5000.0,2585.0,0.8504650000000001,0.0,37.741,True,,,1999.0,0.0
refinery_032,refinery,炼化,1,Hainan,109.196903713592,19.7399862140337,9200.0,9052.8,3.2771135999999994,0.0,132.17088,True,,,2003.0,0.0
refinery_033,refinery,炼化,1,Hebei,119.23790900000002,39.869924,800.0,414.4,0.1500128,0.0,6.0502400000000005,True,,,2024.0,0.0
refinery_034,refinery,炼化,1,Liaoning,124.04366726959,41.8431538131154,10000.0,7920.0,2.8670400000000003,0.0,115.632,True,,,1994.0,0.0
refinery_035,refinery,炼化,1,Heilongjiang,129.650511,44.623966,1000.0,536.0,0.19403199999999998,0.0,7.8256000000000006,True,,,2020.0,0.0
refinery_036,refinery,炼化,1,Hubei,114.431538459715,30.6533065259086,10000.0,7000.0,2.359,0.0,102.2,True,,,1999.0,0.0
refinery_037,refinery,炼化,1,Gansu,107.630108411958,35.6568391997453,3700.0,3700.0,1.2469000000000001,0.0,54.02,True,,,2010.0,0.0
refinery_038,refinery,炼化,2,Fujian,118.90752705015699,25.10620787638435,29000.0,25810.0,9.34322,0.0,376.826,True,,,2002.0,0.0
refinery_039,refinery,炼化,1,Heilongjiang,126.72737178220298,45.7562357958152,5000.0,2680.0,0.9031600000000001,0.0,39.128,True,,,1991.0,0.0
refinery_040,refinery,炼化,1,Jilin,126.598077481153,43.8831555976745,10000.0,7890.0,2.85618,0.0,115.19400000000002,True,,,2022.0,0.0
refinery_041,refinery,炼化,2,Guangdong,113.43073348630173,23.132272296460215,13950.0,9765.0,3.5349299999999997,0.0,142.56900000000002,True,,,2013.5,0.0
refinery_042,refinery,炼化,2,Hunan,113.34471083831474,29.52201426362963,15500.0,8277.0,2.7893490000000005,0.0,120.84420000000001,True,,,2004.5,0.0
refinery_043,refinery,炼化,1,Guangdong,114.59957314737798,22.7493552410552,22000.0,15400.0,5.0666,0.0,224.84000000000003,True,,,2006.0,0.0
refinery_044,refinery,炼化,1,Shaanxi,108.759229861781,34.3593322328051,5000.0,3300.0,1.1946,0.0,48.17999999999999,True,,,2025.0,0.0
refinery_045,refinery,炼化,1,Hebei,114.676090981886,37.9831042177059,8000.0,4144.0,1.3965280000000002,0.0,60.50240000000001,True,,,2000.0,0.0
refinery_046,refinery,炼化,1,Sichuan,103.90434296606502,31.0621542219249,10000.0,8100.0,2.9322000000000004,0.0,118.26,True,,,2009.0,0.0
refinery_047,refinery,炼化,1,Neimenggu,111.753136388073,40.741354022136996,5000.0,3400.0,1.1458000000000002,0.0,49.64,True,,,1988.0,0.0
refinery_048,refinery,炼化,1,Shandong,117.15391574295002,36.6969628661205,7500.0,5662.5,1.9082625000000002,0.0,82.67250000000001,True,,,2003.0,0.0
refinery_049,refinery,炼化,1,Xinjiang,84.9842968020488,45.5630743697898,5000.0,2585.0,0.8711450000000001,0.0,37.741,True,,,2012.0,0.0
steel_bf_bof_000,steel_bf_bof,钢铁（高炉-转炉）,113,Hebei,118.43134769889117,39.50965304738405,167956.0,148732.24263721798,267.71803674699237,0.0,12047.311653614659,True,4.800000000000001,713914764.6586463,2014.858407079646,0.5486725663716814
steel_bf_bof_001,steel_bf_bof,钢铁（高炉-转炉）,47,Jiangsu,120.71224580870451,31.85051830874183,69042.0,71973.12242909594,129.55162037237272,0.0,5829.822916756772,True,4.800000000000002,345470987.6596605,2010.1702127659576,0.6170212765957447
steel_bf_bof_002,steel_bf_bof,钢铁（高炉-转炉）,12,Hebei,114.36203928191199,38.255567021048336,14728.0,13084.231265239772,23.55161627743159,0.0,1059.8227324844215,True,4.799999999999999,62804310.073150896,2019.6666666666667,0.4166666666666667
steel_bf_bof_003,steel_bf_bof,钢铁（高炉-转炉）,8,Hunan,113.16292959665437,27.76957473620378,10072.0,12280.038899975341,22.104070019955614,0.0,994.6831508980027,True,4.8,58944186.71988164,2010.125,0.375
steel_bf_bof_004,steel_bf_bof,钢铁（高炉-转炉）,42,Liaoning,123.13918531814248,41.112380338127686,63547.0,62839.796082035275,113.11163294766351,0.0,5090.023482644858,True,4.800000000000002,301631021.19376934,2007.4761904761904,0.4523809523809524
steel_bf_bof_005,steel_bf_bof,钢铁（高炉-转炉）,14,Hubei,114.54395398490742,30.41847424848296,25708.0,25519.969312438294,45.93594476238893,0.0,2067.117514307502,True,4.799999999999999,122495852.69970378,2005.2142857142858,0.8571428571428571
steel_bf_bof_006,steel_bf_bof,钢铁（高炉-转炉）,8,Guangxi,110.32903834864399,21.15653086090097,16210.0,16647.383586505977,29.96529045571076,0.0,1348.438070506984,True,4.8,79907441.21522869,2019.75,0.625
steel_bf_bof_007,steel_bf_bof,钢铁（高炉-转炉）,9,Liaoning,119.28082219933165,41.672275626268366,10350.0,11003.66603738365,19.80659886729057,0.0,891.2969490280757,True,4.800000000000001,52817596.97944152,2012.2222222222222,0.2222222222222222
steel_bf_bof_008,steel_bf_bof,钢铁（高炉-转炉）,6,Jiangsu,117.98590442637062,34.43901252152243,8828.0,9589.857373168492,17.261743271703285,0.0,776.7784472266478,True,4.799999999999999,46031315.39120875,2016.0,0.6666666666666666
steel_bf_bof_009,steel_bf_bof,钢铁（高炉-转炉）,15,Shandong,117.43605156141945,36.193773980891706,21980.0,24042.13536274881,43.27584365294784,0.0,1947.412964382653,True,4.799999999999999,115402249.74119426,2011.1333333333334,0.6
steel_bf_bof_010,steel_bf_bof,钢铁（高炉-转炉）,7,Henan,113.83486740658049,32.773415298472386,6808.0,5127.414367036125,9.229345860665026,0.0,415.32056372992616,True,4.8,24611588.961773403,2017.7142857142858,0.5714285714285714
steel_bf_bof_011,steel_bf_bof,钢铁（高炉-转炉）,77,Hebei,113.99512508391408,36.55945563982381,83018.0,72646.34095630825,130.76341372135488,0.0,5884.353617460971,True,4.800000000000001,348702436.59027964,2014.3506493506493,0.33766233766233766
steel_bf_bof_012,steel_bf_bof,钢铁（高炉-转炉）,4,Jilin,126.39591336842106,43.797368368421054,4180.0,3857.403013930281,6.943325425074504,0.0,312.44964412835276,True,4.8,18515534.466865346,2004.75,0.5
steel_bf_bof_013,steel_bf_bof,钢铁（高炉-转炉）,8,Hunan,111.81300951019418,27.73107465834952,10300.0,12573.286900639256,22.631916421150663,0.0,1018.4362389517798,True,4.8,60351777.12306843,2010.375,0.5
steel_bf_bof_014,steel_bf_bof,钢铁（高炉-转炉）,5,Shandong,119.03961732437274,36.826866648745515,5580.0,6103.508431489459,10.986315176681027,0.0,494.3841829506463,True,4.799999999999999,29296840.4711494,2007.0,0.4
steel_bf_bof_015,steel_bf_bof,钢铁（高炉-转炉）,6,Jilin,125.67684835643566,42.02229207920792,8080.0,7456.415395348485,13.421547711627273,0.0,603.9696470232273,True,4.8,35790793.89767273,2010.6666666666667,0.5
steel_bf_bof_016,steel_bf_bof,钢铁（高炉-转炉）,5,Fujian,117.71752923082067,25.012804145746284,5983.0,6102.422551638225,10.984360592948805,0.0,494.2962266826962,True,4.800000000000001,29291628.24786348,2021.0,1.0
steel_bf_bof_017,steel_bf_bof,钢铁（高炉-转炉）,12,Inner Mongolia,109.8214332460239,40.66641014065607,20120.0,22959.305911504416,41.326750640707964,0.0,1859.7037788318582,True,4.8,110204668.37522122,2001.0,0.6666666666666666
steel_bf_bof_018,steel_bf_bof,钢铁（高炉-转炉）,2,Liaoning,120.54725153658539,41.458445378048786,3280.0,3243.497429447113,5.838295373004804,0.0,262.7232917852162,True,4.8,15568787.661346143,2002.5,0.0
steel_bf_bof_019,steel_bf_bof,钢铁（高炉-转炉）,3,Heilongjiang,129.28791900000002,47.495036000000006,3400.0,3356.2327199058827,6.041218895830589,0.0,271.8548503123765,True,4.8,16109917.05554824,2015.0,0.3333333333333333
steel_bf_bof_020,steel_bf_bof,钢铁（高炉-转炉）,7,Sichuan,104.30503268190647,29.662897509820482,7250.0,7578.221883992751,13.64079939118695,0.0,613.8359726034128,True,4.8,36375465.04316521,2009.142857142857,0.5714285714285714
steel_bf_bof_021,steel_bf_bof,钢铁（高炉-转炉）,17,Fujian,119.65477363496039,26.312337684114596,17557.0,17907.443212286867,32.233397782116356,0.0,1450.5029001952362,True,4.799999999999999,85955727.41897695,2018.0588235294117,0.47058823529411764
steel_bf_bof_022,steel_bf_bof,钢铁（高炉-转炉）,13,Shanxi,112.116554352062,37.62833017658456,18065.0,20076.67514754356,36.1380152655784,0.0,1626.2106869510285,True,4.799999999999999,96368040.7082091,2005.2307692307693,0.46153846153846156
steel_bf_bof_023,steel_bf_bof,钢铁（高炉-转炉）,24,Anhui,118.48459070689134,31.74181157474685,40750.0,41112.652114490105,74.00277380608219,0.0,3330.124821273698,True,4.800000000000001,197340730.14955246,2011.375,0.8333333333333334
steel_bf_bof_024,steel_bf_bof,钢铁（高炉-转炉）,2,Xinjiang,83.294323,43.526808,1000.0,876.9173020801409,1.5784511437442537,0.0,71.03030146849142,True,4.8,4209203.049984676,2011.5,0.5
steel_bf_bof_025,steel_bf_bof,钢铁（高炉-转炉）,35,Shandong,119.39974151066824,35.10470506941131,48025.0,52458.76593867206,94.42577868960973,0.0,4249.160041032437,True,4.800000000000002,251802076.5056259,2010.4285714285713,0.45714285714285713
steel_bf_bof_026,steel_bf_bof,钢铁（高炉-转炉）,7,Jiangsu,119.16142972277228,33.27798513861387,6060.0,6582.978668033649,11.849361602460567,0.0,533.2212721107255,True,4.8,31598297.60656152,2012.4285714285713,0.2857142857142857
steel_bf_bof_027,steel_bf_bof,钢铁（高炉-转炉）,4,Yunnan,103.72011437394957,25.37840636554622,4760.0,7608.37935386117,13.695082836950107,0.0,616.2787276627548,True,4.800000000000001,36520220.89853361,2010.0,0.5
steel_bf_bof_028,steel_bf_bof,钢铁（高炉-转炉）,2,Gansu,103.98663415730337,36.22971453932585,2670.0,3192.963352694469,5.747334034850045,0.0,258.63003156825204,True,4.8,15326224.092933452,2024.0,1.0
steel_bf_bof_029,steel_bf_bof,钢铁（高炉-转炉）,2,Guizhou,104.877413,26.595229,3300.0,2433.9648780487805,4.381136780487806,0.0,197.15115512195123,True,4.799999999999999,11683031.414634146,2007.5,1.0
steel_bf_bof_030,steel_bf_bof,钢铁（高炉-转炉）,9,Guangxi,108.40704654090673,21.63816350755602,19190.0,14869.032861140251,26.76425915005245,0.0,1204.3916617523603,True,4.800000000000001,71371357.7334732,2019.2222222222222,1.0
steel_bf_bof_031,steel_bf_bof,钢铁（高炉-转炉）,2,Shanxi,113.30546200000002,40.183517,1100.0,1222.4933663048944,2.2004880593488103,0.0,99.02196267069645,True,4.8,5867968.158263493,2004.0,0.0
steel_bf_bof_032,steel_bf_bof,钢铁（高炉-转炉）,6,Hebei,117.6934311685928,40.85564286947655,10297.0,9147.768151695676,16.465982673052217,0.0,740.9692202873499,True,4.800000000000001,43909287.12813924,2010.0,1.0
steel_bf_bof_033,steel_bf_bof,钢铁（高炉-转炉）,24,Shanxi,111.12078037718908,35.617674775013946,29114.0,30717.35449480936,55.29123809065685,0.0,2488.105714079558,True,4.8,147443301.57508492,2012.625,0.7916666666666666
steel_bf_bof_034,steel_bf_bof,钢铁（高炉-转炉）,3,Xinjiang,86.289556,42.53066736842104,2850.0,2499.2143109284016,4.498585759671123,0.0,202.4363591852005,True,4.8,11996228.692456327,2007.0,0.3333333333333333
steel_bf_bof_035,steel_bf_bof,钢铁（高炉-转炉）,3,Henan,111.534635,33.269324,2244.0,1690.0584370783001,3.0421051867409403,0.0,136.89473340334231,True,4.8,8112280.497975839,2012.6666666666667,0.3333333333333333
steel_bf_bof_036,steel_bf_bof,钢铁（高炉-转炉）,5,Sichuan,101.67373700000002,26.565264999999997,6310.0,7581.916106847871,13.647448992326169,0.0,614.1352046546775,True,4.8,36393197.31286978,2004.8,0.4
steel_bf_bof_037,steel_bf_bof,钢铁（高炉-转炉）,4,Guangdong,111.64780920689655,22.088340275862066,2900.0,3214.631645288509,5.786336961519316,0.0,260.38516326836924,True,4.8,15430231.897384841,2014.25,1.0
steel_bf_bof_038,steel_bf_bof,钢铁（高炉-转炉）,7,Shanxi,112.78194993733702,35.48674696823757,7885.0,7650.806043066134,13.771450877519042,0.0,619.7152894883569,True,4.8,36723869.00671744,2015.0,0.7142857142857143
steel_bf_bof_039,steel_bf_bof,钢铁（高炉-转炉）,4,Gansu,98.295555,39.812121,5560.0,6649.01731871957,11.968231173695223,0.0,538.5704028162852,True,4.799999999999999,31915283.12985393,2001.75,0.75
steel_bf_bof_040,steel_bf_bof,钢铁（高炉-转炉）,1,Liaoning,122.05778799999999,39.193697,1160.0,1147.090554316662,2.064762997769992,0.0,92.91433489964963,True,4.8,5506034.660719978,2011.0,1.0
steel_bf_bof_041,steel_bf_bof,钢铁（高炉-转炉）,2,Heilongjiang,123.616512,47.191285,1600.0,1579.4036328968862,2.842926539214395,0.0,127.93169426464779,True,4.8,7581137.437905053,2013.0,0.5
steel_bf_bof_042,steel_bf_bof,钢铁（高炉-转炉）,1,Guangxi,106.94616000000002,22.326361,550.0,426.1577943526388,0.7670840298347499,0.0,34.51878134256374,True,4.8,2045557.4128926662,1999.0,0.0
steel_bf_bof_043,steel_bf_bof,钢铁（高炉-转炉）,4,Jiangxi,116.27527000000002,29.778431000000005,4630.0,5626.001133820352,10.126802040876635,0.0,455.7060918394485,True,4.8,27004805.44233769,2008.5,0.75
steel_bf_bof_044,steel_bf_bof,钢铁（高炉-转炉）,6,Guangxi,111.35852347760661,23.61706712683626,8373.0,6487.671294753899,11.677808330557019,0.0,525.5013748750658,True,4.800000000000001,31140822.21481872,2009.0,0.5
steel_bf_bof_045,steel_bf_bof,钢铁（高炉-转炉）,4,Guangdong,113.64601306849315,24.65937939726027,7300.0,8092.0037967607295,14.565606834169312,0.0,655.452307537619,True,4.8,38841618.2244515,2007.75,0.75
steel_bf_bof_046,steel_bf_bof,钢铁（高炉-转炉）,2,Henan,113.853979,34.263509,900.0,677.830923961885,1.220095663131393,0.0,54.90430484091269,True,4.8,3253588.435017048,1995.5,0.0
steel_bf_bof_047,steel_bf_bof,钢铁（高炉-转炉）,6,Inner Mongolia,106.79066277760977,39.54584002376889,6581.0,6854.993539709683,12.33898837147743,0.0,555.2544767164843,True,4.799999999999999,32903968.990606476,2012.3333333333333,0.8333333333333334
steel_bf_bof_048,steel_bf_bof,钢铁（高炉-转炉）,14,Yunnan,102.37154484275358,24.582019583333317,13800.0,22057.906530101718,39.70423175418307,0.0,1786.690428938238,True,4.799999999999997,105877951.3444882,2004.2857142857142,0.21428571428571427
steel_bf_bof_049,steel_bf_bof,钢铁（高炉-转炉）,5,Zhejiang,118.86712500000002,28.893407000000007,4502.0,5668.927489147909,10.204069480466238,0.0,459.18312662098066,True,4.8,27210851.947909962,2002.8,0.2
steel_bf_bof_050,steel_bf_bof,钢铁（高炉-转炉）,3,Anhui,115.95496300000002,32.329171,7442.0,7139.672227444018,12.851410009399233,0.0,578.3134504229655,True,4.8,34270426.69173129,2019.6666666666667,1.0
steel_bf_bof_051,steel_bf_bof,钢铁（高炉-转炉）,2,Guangdong,116.498483,23.454666,2000.0,2216.9873415782818,3.9905772148409073,0.0,179.57597466784082,True,4.8,10641539.239575751,2002.0,0.5
steel_bf_bof_052,steel_bf_bof,钢铁（高炉-转炉）,3,Sichuan,102.20517,27.747989999999998,4290.0,5154.741695463925,9.278535051835064,0.0,417.5340773325779,True,4.8,24742760.138226837,2005.6666666666667,0.3333333333333333
steel_bf_bof_053,steel_bf_bof,钢铁（高炉-转炉）,6,Shaanxi,106.58018276565294,33.167194808586764,5590.0,4965.328554908433,8.93759139883518,0.0,402.19161294758305,True,4.799999999999999,23833577.06356048,2009.3333333333333,1.0
steel_bf_bof_054,steel_bf_bof,钢铁（高炉-转炉）,1,Inner Mongolia,122.063282,46.055685,1130.0,1289.464,2.3210352,0.0,104.446584,True,4.8,6189427.199999999,2023.0,1.0
steel_bf_bof_055,steel_bf_bof,钢铁（高炉-转炉）,1,Xinjiang,76.161589,39.14299700000001,1040.0,911.9939941633464,1.6415891894940238,0.0,73.87151352723106,True,4.8,4377571.1719840625,2024.0,1.0
steel_bf_bof_056,steel_bf_bof,钢铁（高炉-转炉）,2,Ningxia,105.07834800000002,37.503054,2590.0,2471.1516992283696,4.448073058611066,0.0,200.16328763749794,True,4.800000000000001,11861528.156296175,2013.5,0.5
steel_bf_bof_057,steel_bf_bof,钢铁（高炉-转炉）,1,Heilongjiang,126.968128,45.562002,1400.0,1381.9781787847753,2.4875607218125957,0.0,111.94023248156681,True,4.8,6633495.258166921,2013.0,1.0
steel_bf_bof_058,steel_bf_bof,钢铁（高炉-转炉）,3,Heilongjiang,131.07187700000003,46.60229700000001,2001.0,1975.241668391668,3.5554350031050035,0.0,159.99457513972513,True,4.8,9481160.008280007,2012.6666666666667,0.3333333333333333
steel_bf_bof_059,steel_bf_bof,钢铁（高炉-转炉）,4,Sichuan,107.45309899999998,31.18945,4498.0,5404.668565547025,9.728403417984644,0.0,437.77815380930895,True,4.799999999999999,25942409.114625715,2003.0,0.5
steel_bf_bof_060,steel_bf_bof,钢铁（高炉-转炉）,3,Xinjiang,87.304639,43.852146999999995,5763.0,5053.674411887851,9.096613941398132,0.0,409.34762736291594,True,4.799999999999999,24257637.177061684,2009.3333333333333,1.0
steel_bf_bof_061,steel_bf_bof,钢铁（高炉-转炉）,2,Zhejiang,121.87642300000002,29.918775999999998,4260.0,5364.200600570878,9.65556108102758,0.0,434.5002486462411,True,4.8,25748162.882740214,2014.0,1.0
steel_bf_bof_062,steel_bf_bof,钢铁（高炉-转炉）,3,Xinjiang,84.966753,44.404188999999995,1500.0,1315.3759531202113,2.3676767156163807,0.0,106.54545220273712,True,4.8,6313804.574977014,2005.6666666666667,0.3333333333333333
steel_bf_bof_063,steel_bf_bof,钢铁（高炉-转炉）,4,Chongqing,107.04036799999999,29.790252999999996,9735.0,6794.443434111919,12.229998181401452,0.0,550.3499181630655,True,4.799999999999999,32613328.483737208,2014.25,0.75
steel_bf_bof_064,steel_bf_bof,钢铁（高炉-转炉）,4,Guangdong,113.19871800000001,21.96092,2200.0,2438.68607573611,4.389634936324998,0.0,197.53357213462493,True,4.8,11705693.163533328,2015.0,0.5
steel_bf_bof_065,steel_bf_bof,钢铁（高炉-转炉）,3,Jiangsu,120.77489199999998,33.211332,3210.0,3487.0233538594084,6.276642036946935,0.0,282.4488916626121,True,4.8,16737712.098525159,2012.3333333333333,1.0
steel_bf_bof_066,steel_bf_bof,钢铁（高炉-转炉）,5,Guangxi,109.37962999999998,24.385304,8930.0,6919.252915580118,12.454655248044212,0.0,560.4594861619895,True,4.799999999999999,33212413.99478456,2012.6,0.4
steel_bf_bof_067,steel_bf_bof,钢铁（高炉-转炉）,1,Yunnan,103.272784,23.470733,1220.0,1950.0468091829048,3.510084256529229,0.0,157.9537915438153,True,4.8,9360224.684077943,2008.0,1.0
steel_bf_bof_068,steel_bf_bof,钢铁（高炉-转炉）,1,Xinjiang,93.542466,42.700465,1040.0,911.9939941633464,1.6415891894940238,0.0,73.87151352723106,True,4.8,4377571.1719840625,2001.0,0.0
steel_bf_bof_069,steel_bf_bof,钢铁（高炉-转炉）,1,Henan,116.422599,34.013369,1040.0,783.2712899115115,1.4098883218407208,0.0,63.444974482832436,True,4.8,3759702.1915752552,2000.0,0.0
steel_bf_bof_070,steel_bf_bof,钢铁（高炉-转炉）,2,Jilin,124.33569700000001,43.20023,1300.0,1199.670793806068,2.1594074288509226,0.0,97.17333429829152,True,4.8,5758419.810269127,2009.0,0.0
steel_bf_bof_071,steel_bf_bof,钢铁（高炉-转炉）,2,Guangxi,109.63463799999998,23.088182,1660.0,1286.2217065916007,2.315199071864881,0.0,104.18395823391964,True,4.8,6173864.191639682,2017.0,0.5
steel_bf_bof_072,steel_bf_bof,钢铁（高炉-转炉）,3,Jiangxi,115.99203999999999,28.645441,3150.0,3827.6249614544513,6.889724930618012,0.0,310.0376218778106,True,4.8,18372599.814981364,2007.0,1.0
steel_bf_bof_073,steel_bf_bof,钢铁（高炉-转炉）,3,Qinghai,101.671414,36.66856,2040.0,1396.9,2.5144200000000003,0.0,113.14890000000001,True,4.8,6705120.0,2008.3333333333333,0.3333333333333333
steel_bf_bof_074,steel_bf_bof,钢铁（高炉-转炉）,3,Fujian,117.61470900000002,26.261109,4853.0,4949.867398144795,8.90976131666063,0.0,400.93925924972837,True,4.8,23759363.511095013,2019.6666666666667,1.0
steel_bf_bof_075,steel_bf_bof,钢铁（高炉-转炉）,1,Henan,115.099661,33.364534,1580.0,1189.9698442886424,2.141945719719556,0.0,96.38755738738004,True,4.8,5711855.252585484,2021.0,1.0
steel_bf_bof_076,steel_bf_bof,钢铁（高炉-转炉）,1,Hubei,114.008142,31.502210000000005,730.0,724.6607125439533,1.304389282579116,0.0,58.69751771606022,True,4.8,3478371.4202109757,2013.0,1.0
steel_bf_bof_077,steel_bf_bof,钢铁（高炉-转炉）,6,Jiangxi,114.92159499999997,27.786858999999996,9000.0,10936.07131844129,19.68492837319432,0.0,885.8217767937444,True,4.799999999999999,52493142.3285182,2004.5,0.8333333333333334
steel_bf_bof_078,steel_bf_bof,钢铁（高炉-转炉）,1,Hunan,112.576853,26.865484,830.0,1013.1871968476294,1.823736954325733,0.0,82.06816294465798,True,4.8,4863298.54486862,2009.0,1.0
steel_bf_bof_079,steel_bf_bof,钢铁（高炉-转炉）,2,Anhui,117.251147,30.531068,2080.0,1995.5009719273794,3.5919017494692826,0.0,161.63557872611773,True,4.8,9578404.66525142,2011.5,1.0
steel_eaf_000,steel_eaf,钢铁（电炉）,4,Hubei,111.93319415151515,32.352049939393936,3300.0,2409.4555973387332,0.9637822389354933,0.0,0.0,False,2.4400000000000004,5879071.657506509,2014.5,0.75
steel_eaf_001,steel_eaf,钢铁（电炉）,6,Liaoning,121.65416640804413,38.34276047266583,2845.0,2340.7400011493974,0.936296000459759,0.0,0.0,False,2.44,5711405.6028045295,2016.0,0.0
steel_eaf_002,steel_eaf,钢铁（电炉）,29,Jiangsu,120.36934949976708,31.69732571656746,23701.0,19210.776034255454,7.684310413702184,0.0,0.0,False,2.4400000000000004,46874293.52358331,2008.9310344827586,0.20689655172413793
steel_eaf_003,steel_eaf,钢铁（电炉）,7,Zhejiang,119.46492574067207,28.43615683182779,3800.0,3423.3920897612097,1.369356835904484,0.0,0.0,False,2.4400000000000004,8353076.6990173515,2006.0,0.14285714285714285
steel_eaf_004,steel_eaf,钢铁（电炉）,17,Hubei,114.48751416899047,30.361919074326458,9539.0,6964.786952428537,2.7859147809714155,0.0,0.0,False,2.440000000000001,16994080.163925633,2016.0588235294117,0.35294117647058826
steel_eaf_005,steel_eaf,钢铁（电炉）,4,Heilongjiang,123.34516526679872,46.58982465825185,2008.0,1501.3228540053638,0.6005291416021455,0.0,0.0,False,2.44,3663227.7637730874,2004.0,0.75
steel_eaf_006,steel_eaf,钢铁（电炉）,14,Guangdong,114.39166710901084,24.1549900519554,9230.0,7775.511411290942,3.1102045645163776,0.0,0.0,False,2.44,18972247.8435499,2009.642857142857,0.2857142857142857
steel_eaf_007,steel_eaf,钢铁（电炉）,26,Guangxi,111.80150877633224,23.47478345401237,17956.0,11660.114869383504,4.664045947753401,0.0,0.0,False,2.44,28450680.28129575,2012.923076923077,0.6538461538461539
steel_eaf_008,steel_eaf,钢铁（电炉）,6,Jiangsu,119.41032400819428,34.481530327157785,4023.0,3400.0635675740045,1.3600254270296017,0.0,0.0,False,2.44,8296155.1048805695,2014.1666666666667,0.16666666666666666
steel_eaf_009,steel_eaf,钢铁（电炉）,9,Sichuan,104.20051324507469,31.18668187334921,4619.0,4069.317628212606,1.6277270512850426,0.0,0.0,False,2.4400000000000004,9929135.012838759,2008.888888888889,0.1111111111111111
steel_eaf_010,steel_eaf,钢铁（电炉）,6,Anhui,118.1498895530474,31.110465783295716,4430.0,3277.405244840939,1.3109620979363759,0.0,0.0,False,2.44,7996868.797411891,2014.8333333333333,0.5
steel_eaf_011,steel_eaf,钢铁（电炉）,9,Guangxi,109.65284652609334,21.948146929997698,10800.0,6590.29881557261,2.6361195262290438,0.0,0.0,False,2.4400000000000004,16080329.10999717,2005.7777777777778,0.4444444444444444
steel_eaf_012,steel_eaf,钢铁（电炉）,23,Hebei,118.0227006382404,39.41600713195724,17374.0,11896.38864997435,4.758555459989742,0.0,0.0,False,2.4400000000000004,29027188.30593741,2014.0869565217392,0.34782608695652173
steel_eaf_013,steel_eaf,钢铁（电炉）,6,Yunnan,104.18329823508047,25.628500366499658,2890.0,3152.0634544792993,1.26082538179172,0.0,0.0,False,2.44,7691034.82892949,2013.6666666666667,0.3333333333333333
steel_eaf_014,steel_eaf,钢铁（电炉）,6,Henan,113.65261714364641,33.74586586187845,7240.0,4203.621083609229,1.6814484334436912,0.0,0.0,False,2.4399999999999995,10256835.444006518,2014.3333333333333,0.16666666666666666
steel_eaf_015,steel_eaf,钢铁（电炉）,16,Guizhou,106.90398547558141,27.487495437209304,8600.0,3539.564227642277,1.4158256910569107,0.0,0.0,False,2.4400000000000004,8636536.715447156,2018.375,0.1875
steel_eaf_016,steel_eaf,钢铁（电炉）,6,Shanxi,112.99433635580803,37.97520684719216,5660.0,4604.736361792104,1.841894544716841,0.0,0.0,False,2.439999999999999,11235556.72277273,2004.6666666666667,1.0
steel_eaf_017,steel_eaf,钢铁（电炉）,2,Henan,111.8361678765874,35.47438374323179,890.0,657.9911489765716,0.26319645959062865,0.0,0.0,False,2.44,1605498.4035028347,2021.5,0.5
steel_eaf_018,steel_eaf,钢铁（电炉）,6,Chongqing,105.8681119811761,29.166473438773025,4720.0,3238.572389076364,1.2954289556305454,0.0,0.0,False,2.4399999999999995,7902116.629346327,2013.6666666666667,0.6666666666666666
steel_eaf_019,steel_eaf,钢铁（电炉）,8,Hebei,114.60168379897038,36.71986121256655,6285.0,4250.993396186141,1.7003973584744565,0.0,0.0,False,2.4400000000000004,10372423.886694185,2010.5,0.125
steel_eaf_020,steel_eaf,钢铁（电炉）,3,Fujian,117.71191940418119,24.584550533101048,2296.0,1709.435542225417,0.6837742168901668,0.0,0.0,False,2.44,4171022.7230300177,2020.3333333333333,1.0
steel_eaf_021,steel_eaf,钢铁（电炉）,1,Gansu,103.922,36.488866,400.0,368.3548321464903,0.14734193285859612,0.0,0.0,False,2.44,898785.7904374364,2012.0,0.0
steel_eaf_022,steel_eaf,钢铁（电炉）,4,Jilin,125.6079555,44.051807999999994,2000.0,1434.210796915167,0.5736843187660668,0.0,0.0,False,2.44,3499474.3444730076,2007.0,0.0
steel_eaf_023,steel_eaf,钢铁（电炉）,2,Hebei,115.067516,40.607977,1800.0,1262.4190971658677,0.5049676388663471,0.0,0.0,False,2.44,3080302.597084717,2023.0,1.0
steel_eaf_024,steel_eaf,钢铁（电炉）,7,Liaoning,123.60732822922407,41.48662229460417,2539.0,1985.4417502178096,0.7941767000871237,0.0,0.0,False,2.4399999999999995,4844477.870531455,2016.142857142857,0.2857142857142857
steel_eaf_025,steel_eaf,钢铁（电炉）,1,Yunnan,102.18636399999998,24.012309,380.0,467.1451797505503,0.18685807190022014,0.0,0.0,False,2.44,1139834.2385913427,2023.0,1.0
steel_eaf_026,steel_eaf,钢铁（电炉）,2,Shandong,118.20666299999999,36.5802675,1000.0,864.8442958008176,0.34593771832032705,0.0,0.0,False,2.44,2110220.081753995,2015.5,0.0
steel_eaf_027,steel_eaf,钢铁（电炉）,3,Jiangxi,114.921595,27.786859,2000.0,1886.0130951850697,0.7544052380740279,0.0,0.0,False,2.44,4601871.95225157,1997.6666666666667,0.0
steel_eaf_028,steel_eaf,钢铁（电炉）,3,Hunan,112.576853,26.865484000000002,1300.0,1251.9699460440727,0.5007879784176291,0.0,0.0,False,2.44,3054806.668347537,2019.0,0.0
steel_eaf_029,steel_eaf,钢铁（电炉）,2,Shaanxi,106.66475249999999,33.132819,1400.0,956.3942066301901,0.382557682652076,0.0,0.0,False,2.44,2333601.864177664,2018.0,0.5
steel_eaf_030,steel_eaf,钢铁（电炉）,2,Jiangsu,116.90889699999998,34.500122,2000.0,1670.4255654641977,0.6681702261856791,0.0,0.0,False,2.44,4075838.3797326423,2009.0,0.0
steel_eaf_031,steel_eaf,钢铁（电炉）,4,Xinjiang,87.79006119387755,44.0710954132653,1960.0,1335.3300336567017,0.5341320134626807,0.0,0.0,False,2.44,3258205.282122352,2011.75,0.25
steel_eaf_032,steel_eaf,钢铁（电炉）,2,Anhui,116.4151205,32.191601999999996,1000.0,739.8205970295573,0.29592823881182295,0.0,0.0,False,2.44,1805162.2567521199,2019.5,1.0
steel_eaf_033,steel_eaf,钢铁（电炉）,4,Guangdong,111.848841,21.697069,2000.0,1610.102538576406,0.6440410154305625,0.0,0.0,False,2.44,3928650.1941264304,2011.0,0.0
steel_eaf_034,steel_eaf,钢铁（电炉）,13,Fujian,119.73480538013608,26.586714045998793,11609.0,8643.221781225988,3.4572887124903944,0.0,0.0,False,2.4400000000000004,21089461.146191403,2019.2307692307693,0.6153846153846154
steel_eaf_035,steel_eaf,钢铁（电炉）,1,Hubei,112.353782,30.3505,1000.0,730.1380597996161,0.29205522391984645,0.0,0.0,False,2.44,1781536.8659110633,2018.0,1.0
steel_eaf_036,steel_eaf,钢铁（电炉）,3,Sichuan,103.03770755944055,29.82496978321678,1430.0,1259.8233834908046,0.5039293533963218,0.0,0.0,False,2.4399999999999995,3073969.0557175633,2006.6666666666667,0.0
steel_eaf_037,steel_eaf,钢铁（电炉）,2,Shaanxi,109.986042,34.523278,1200.0,819.7664628258772,0.32790658513035087,0.0,0.0,False,2.44,2000230.1692951403,2016.0,0.0
steel_eaf_038,steel_eaf,钢铁（电炉）,1,Sichuan,107.685981,31.435149,1000.0,880.9953730704927,0.3523981492281971,0.0,0.0,False,2.44,2149628.710292002,2013.0,0.0
steel_eaf_039,steel_eaf,钢铁（电炉）,1,Gansu,98.295555,39.812121,1200.0,1105.064496439471,0.4420257985757884,0.0,0.0,False,2.44,2696357.371312309,2024.0,0.0
