water_node_id,province_name,basin_code,longitude,latitude,source,year_basis
WC_0036_0019_K,新疆维吾尔族自治区,K,73.75,39.25,data/water/*_qtot_*.nc,static_hydrology_grid
WC_0037_0018_K,新疆维吾尔族自治区,K,75.32208761122935,37.238868720874976,data/water/*_qtot_*.nc,static_hydrology_grid
WC_0037_0019_K,新疆维吾尔族自治区,K,75.02406378960619,39.32773136634928,data/water/*_qtot_*.nc,static_hydrology_grid
WC_0037_0020_K,新疆维吾尔族自治区,K,75.1252313434948,40.25000000000001,data/water/*_qtot_*.nc,static_hydrology_grid
WC_0038_0017_K,新疆维吾尔族自治区,K,77.12716811909813,35.74999999999999,data/water/*_qtot_*.nc,static_hydrology_grid
WC_0038_0018_K,新疆维吾尔族自治区,K,76.93924977368931,36.89345700184501,data/water/*_qtot_*.nc,static_hydrology_grid
WC_0038_0019_K,新疆维吾尔族自治区,K,76.81686596539147,39.03434227004607,data/water/*_qtot_*.nc,static_hydrology_grid
WC_0038_0020_K,新疆维吾尔族自治区,K,77.00501193400802,40.44529329475432,data/water/*_qtot_*.nc,static_hydrology_grid
WC_0039_0015_J,西藏自治区,J,79.42514281673957,31.430775310824544,data/water/*_qtot_*.nc,static_hydrology_grid
WC_0039_0016_J,西藏自治区,J,78.93760770625498,32.25,data/water/*_qtot_*.nc,static_hydrology_grid
WC_0039_0016_K,西藏自治区,K,79.47699571920964,33.54001191183407,data/water/*_qtot_*.nc,static_hydrology_grid
WC_0039_0017_K,新疆维吾尔族自治区,K,78.93184497829833,34.952261629590225,data/water/*_qtot_*.nc,static_hydrology_grid
WC_0039_0018_K,新疆维吾尔族自治区,K,78.84909823185033,37.09808135112915,data/water/*_qtot_*.nc,static_hydrology_grid
WC_0039_0019_K,新疆维吾尔族自治区,K,78.90156298708278,39.397189737703584,data/water/*_qtot_*.nc,static_hydrology_grid
WC_0039_0020_K,新疆维吾尔族自治区,K,79.11838458114455,41.2674913656401,data/water/*_qtot_*.nc,static_hydrology_grid
WC_0040_0015_J,西藏自治区,J,80.63571805863586,31.040782862865665,data/water/*_qtot_*.nc,static_hydrology_grid
WC_0040_0016_J,西藏自治区,J,80.6300933292823,32.25,data/water/*_qtot_*.nc,static_hydrology_grid
WC_0040_0016_K,西藏自治区,K,81.13683193096651,33.21113105803594,data/water/*_qtot_*.nc,static_hydrology_grid
WC_0040_0017_K,新疆维吾尔族自治区,K,80.97889780466184,34.91315273178478,data/water/*_qtot_*.nc,static_hydrology_grid
WC_0040_0018_K,新疆维吾尔族自治区,K,81.14686170565918,36.78778994030737,data/water/*_qtot_*.nc,static_hydrology_grid
WC_0040_0019_K,新疆维吾尔族自治区,K,80.93529064553654,38.99659659960436,data/water/*_qtot_*.nc,static_hydrology_grid
WC_0040_0020_K,新疆维吾尔族自治区,K,80.769462440194,41.13879176264234,data/water/*_qtot_*.nc,static_hydrology_grid
WC_0040_0021_K,新疆维吾尔族自治区,K,81.19842661175997,43.05400472107222,data/water/*_qtot_*.nc,static_hydrology_grid
WC_0040_0022_K,新疆维吾尔族自治区,K,80.997785397993,44.5776757866651,data/water/*_qtot_*.nc,static_hydrology_grid
WC_0041_0014_J,西藏自治区,J,83.58302033481164,29.641505537719272,data/water/*_qtot_*.nc,static_hydrology_grid
WC_0041_0015_J,西藏自治区,J,82.79566591222944,30.492888037881972,data/water/*_qtot_*.nc,static_hydrology_grid
WC_0041_0015_K,西藏自治区,K,82.88037415781277,31.426966439456066,data/water/*_qtot_*.nc,static_hydrology_grid
WC_0041_0016_K,西藏自治区,K,83.08244946087953,33.06482278361391,data/water/*_qtot_*.nc,static_hydrology_grid
WC_0041_0017_K,新疆维吾尔族自治区,K,83.08022876451176,34.7187790709396,data/water/*_qtot_*.nc,static_hydrology_grid
WC_0041_0018_K,新疆维吾尔族自治区,K,83.00221847939608,36.81395991808317,data/water/*_qtot_*.nc,static_hydrology_grid
WC_0041_0019_K,新疆维吾尔族自治区,K,83.03062156181076,38.97546352027045,data/water/*_qtot_*.nc,static_hydrology_grid
WC_0041_0020_K,新疆维吾尔族自治区,K,82.7611098629888,41.47633332377449,data/water/*_qtot_*.nc,static_hydrology_grid
WC_0041_0021_K,新疆维吾尔族自治区,K,82.805760583792,43.209327386175346,data/water/*_qtot_*.nc,static_hydrology_grid
WC_0041_0022_K,新疆维吾尔族自治区,K,82.87800298600177,44.90415473188698,data/water/*_qtot_*.nc,static_hydrology_grid
WC_0041_0023_K,新疆维吾尔族自治区,K,83.3506962840781,46.516934718207956,data/water/*_qtot_*.nc,static_hydrology_grid
WC_0042_0014_J,西藏自治区,J,85.30579870267157,28.8517217406013,data/water/*_qtot_*.nc,static_hydrology_grid
WC_0042_0014_K,西藏自治区,K,85.75,29.75,data/water/*_qtot_*.nc,static_hydrology_grid
WC_0042_0015_K,西藏自治区,K,85.09186873393824,30.84923142017926,data/water/*_qtot_*.nc,static_hydrology_grid
WC_0042_0016_K,西藏自治区,K,85.079442368628,33.087172482690306,data/water/*_qtot_*.nc,static_hydrology_grid
WC_0042_0017_K,新疆维吾尔族自治区,K,85.0232293349294,34.62781989185955,data/water/*_qtot_*.nc,static_hydrology_grid
WC_0042_0018_K,新疆维吾尔族自治区,K,85.00220563073745,36.84799538715928,data/water/*_qtot_*.nc,static_hydrology_grid
WC_0042_0019_K,新疆维吾尔族自治区,K,85.27202710950917,38.64475616335174,data/water/*_qtot_*.nc,static_hydrology_grid
WC_0042_0020_K,新疆维吾尔族自治区,K,84.94639365633951,41.477072606543345,data/water/*_qtot_*.nc,static_hydrology_grid
WC_0042_0021_K,新疆维吾尔族自治区,K,84.91746931341801,43.24125602537663,data/water/*_qtot_*.nc,static_hydrology_grid
WC_0042_0022_K,新疆维吾尔族自治区,K,85.00508762811926,44.814416159744994,data/water/*_qtot_*.nc,static_hydrology_grid
WC_0042_0023_K,新疆维吾尔族自治区,K,85.112948928583,46.93010959415432,data/water/*_qtot_*.nc,static_hydrology_grid
WC_0042_0024_K,新疆维吾尔族自治区,K,85.75,48.24999999999999,data/water/*_qtot_*.nc,static_hydrology_grid
WC_0043_0014_J,西藏自治区,J,87.05131053418752,28.526073007591823,data/water/*_qtot_*.nc,static_hydrology_grid
WC_0043_0014_K,西藏自治区,K,86.75,29.75,data/water/*_qtot_*.nc,static_hydrology_grid
WC_0043_0015_J,西藏自治区,J,87.51635776075108,30.250000000000004,data/water/*_qtot_*.nc,static_hydrology_grid
WC_0043_0015_K,西藏自治区,K,87.04356863020232,31.071828903226955,data/water/*_qtot_*.nc,static_hydrology_grid
WC_0043_0016_K,西藏自治区,K,87.13445850658066,33.0528478819745,data/water/*_qtot_*.nc,static_hydrology_grid
WC_0043_0017_K,西藏自治区,K,87.09196280850516,34.460872313342236,data/water/*_qtot_*.nc,static_hydrology_grid
WC_0043_0018_K,新疆维吾尔族自治区,K,87.12149520574704,36.84027664699033,data/water/*_qtot_*.nc,static_hydrology_grid
WC_0043_0019_K,新疆维吾尔族自治区,K,87.0871750958337,38.96517730065399,data/water/*_qtot_*.nc,static_hydrology_grid
WC_0043_0020_K,新疆维吾尔族自治区,K,86.91230841731931,41.15970013163166,data/water/*_qtot_*.nc,static_hydrology_grid
WC_0043_0021_K,新疆维吾尔族自治区,K,86.90224900659432,43.210587387866326,data/water/*_qtot_*.nc,static_hydrology_grid
WC_0043_0022_K,新疆维吾尔族自治区,K,86.90771072504792,44.97454466601125,data/water/*_qtot_*.nc,static_hydrology_grid
WC_0043_0023_K,新疆维吾尔族自治区,K,87.08187518062965,47.28023843472844,data/water/*_qtot_*.nc,static_hydrology_grid
WC_0043_0024_K,新疆维吾尔族自治区,K,87.16981528262137,48.442148223924534,data/water/*_qtot_*.nc,static_hydrology_grid
WC_0044_0014_J,西藏自治区,J,88.80412155375247,28.735586707998927,data/water/*_qtot_*.nc,static_hydrology_grid
WC_0044_0015_J,西藏自治区,J,88.6767796475442,30.25,data/water/*_qtot_*.nc,static_hydrology_grid
WC_0044_0015_K,西藏自治区,K,88.90585425025252,31.163090454886845,data/water/*_qtot_*.nc,static_hydrology_grid
WC_0044_0016_K,西藏自治区,K,89.08611750296177,33.10245096887983,data/water/*_qtot_*.nc,static_hydrology_grid
WC_0044_0017_K,西藏自治区,K,89.0724346231279,34.7572318715139,data/water/*_qtot_*.nc,static_hydrology_grid
WC_0044_0018_K,新疆维吾尔族自治区,K,89.24925472593961,36.99336249016288,data/water/*_qtot_*.nc,static_hydrology_grid
WC_0044_0019_K,新疆维吾尔族自治区,K,89.31370278043636,39.21904183326775,data/water/*_qtot_*.nc,static_hydrology_grid
WC_0044_0020_K,新疆维吾尔族自治区,K,88.93762248511915,41.311462780098,data/water/*_qtot_*.nc,static_hydrology_grid
WC_0044_0021_K,新疆维吾尔族自治区,K,88.927628927466,43.305336031871036,data/water/*_qtot_*.nc,static_hydrology_grid
WC_0044_0022_K,新疆维吾尔族自治区,K,89.05142374147516,44.974573381247474,data/water/*_qtot_*.nc,static_hydrology_grid
WC_0044_0023_K,新疆维吾尔族自治区,K,89.01275471360961,47.20777564713627,data/water/*_qtot_*.nc,static_hydrology_grid
WC_0044_0024_K,新疆维吾尔族自治区,K,88.25,48.25,data/water/*_qtot_*.nc,static_hydrology_grid
WC_0045_0013_J,西藏自治区,J,91.75,27.75,data/water/*_qtot_*.nc,static_hydrology_grid
WC_0045_0014_J,西藏自治区,J,90.94811250958398,28.679980428446925,data/water/*_qtot_*.nc,static_hydrology_grid
WC_0045_0015_J,西藏自治区,J,91.30722481211217,30.702372582043985,data/water/*_qtot_*.nc,static_hydrology_grid
WC_0045_0015_K,西藏自治区,K,90.85801766176576,31.212165300784044,data/water/*_qtot_*.nc,static_hydrology_grid
WC_0045_0016_F,青海省,F,91.28594551968902,33.5812226820424,data/water/*_qtot_*.nc,static_hydrology_grid
WC_0045_0016_K,青海省,K,90.91990543397858,32.851494494579235,data/water/*_qtot_*.nc,static_hydrology_grid
WC_0045_0017_F,青海省,F,91.34676923641237,34.70827038659398,data/water/*_qtot_*.nc,static_hydrology_grid
WC_0045_0017_K,青海省,K,90.71838541556973,35.19572947616487,data/water/*_qtot_*.nc,static_hydrology_grid
WC_0045_0018_K,新疆维吾尔族自治区,K,91.04869830776201,36.40587337793469,data/water/*_qtot_*.nc,static_hydrology_grid
WC_0045_0019_K,新疆维吾尔族自治区,K,90.69230916246428,39.258818643628175,data/water/*_qtot_*.nc,static_hydrology_grid
WC_0045_0020_K,新疆维吾尔族自治区,K,90.96061246628061,40.41058151904283,data/water/*_qtot_*.nc,static_hydrology_grid
WC_0045_0021_K,新疆维吾尔族自治区,K,90.797269822983,43.512647861752825,data/water/*_qtot_*.nc,static_hydrology_grid
WC_0045_0022_K,新疆维吾尔族自治区,K,90.72729682659786,44.78441152136746,data/water/*_qtot_*.nc,static_hydrology_grid
WC_0045_0023_K,新疆维吾尔族自治区,K,90.37488737480051,46.77888215964032,data/water/*_qtot_*.nc,static_hydrology_grid
WC_0046_0013_J,西藏自治区,J,93.22976009248482,27.463671881336804,data/water/*_qtot_*.nc,static_hydrology_grid
WC_0046_0014_J,西藏自治区,J,93.47188657746585,28.73145776838904,data/water/*_qtot_*.nc,static_hydrology_grid
WC_0046_0015_J,西藏自治区,J,93.13324583601617,30.891917274844545,data/water/*_qtot_*.nc,static_hydrology_grid
WC_0046_0016_F,青海省,F,93.10446950687789,32.99333400546815,data/water/*_qtot_*.nc,static_hydrology_grid
WC_0046_0016_J,西藏自治区,J,93.09012998116452,32.25,data/water/*_qtot_*.nc,static_hydrology_grid
WC_0046_0017_F,青海省,F,92.89219685167592,34.87196467896798,data/water/*_qtot_*.nc,static_hydrology_grid
WC_0046_0017_K,青海省,K,92.8615186557396,35.75,data/water/*_qtot_*.nc,static_hydrology_grid
WC_0046_0018_K,青海省,K,92.9900350314841,36.78765274018039,data/water/*_qtot_*.nc,static_hydrology_grid
WC_0046_0019_K,新疆维吾尔族自治区,K,93.03295975239409,39.161058292240234,data/water/*_qtot_*.nc,static_hydrology_grid
WC_0046_0020_K,新疆维吾尔族自治区,K,92.72020661213652,40.49019530779504,data/water/*_qtot_*.nc,static_hydrology_grid
WC_0046_0021_K,新疆维吾尔族自治区,K,93.08577106030083,43.337961347754394,data/water/*_qtot_*.nc,static_hydrology_grid
WC_0046_0022_K,新疆维吾尔族自治区,K,92.90051450874523,44.45021605459924,data/water/*_qtot_*.nc,static_hydrology_grid
WC_0047_0013_J,西藏自治区,J,94.49902628056505,27.75,data/water/*_qtot_*.nc,static_hydrology_grid
WC_0047_0014_J,西藏自治区,J,94.91416592473139,28.659767291453335,data/water/*_qtot_*.nc,static_hydrology_grid
WC_0047_0015_J,西藏自治区,J,95.00294642906266,30.902304651959827,data/water/*_qtot_*.nc,static_hydrology_grid
WC_0047_0016_F,青海省,F,94.77683617534487,33.50492392222081,data/water/*_qtot_*.nc,static_hydrology_grid
WC_0047_0016_J,青海省,J,95.01948391333211,32.787022014467276,data/water/*_qtot_*.nc,static_hydrology_grid
WC_0047_0017_F,青海省,F,95.1216926936899,34.49515641782362,data/water/*_qtot_*.nc,static_hydrology_grid
WC_0047_0017_K,青海省,K,95.18720452001996,35.53961830397603,data/water/*_qtot_*.nc,static_hydrology_grid
WC_0047_0018_K,青海省,K,95.30619619811742,37.05041966681174,data/water/*_qtot_*.nc,static_hydrology_grid
WC_0047_0019_K,甘肃省,K,95.05494450311603,38.874189352816614,data/water/*_qtot_*.nc,static_hydrology_grid
WC_0047_0020_K,新疆维吾尔族自治区,K,95.1443616544998,40.65799478690658,data/water/*_qtot_*.nc,static_hydrology_grid
WC_0047_0021_K,新疆维吾尔族自治区,K,94.86557584987376,42.96385100337664,data/water/*_qtot_*.nc,static_hydrology_grid
WC_0047_0022_K,新疆维吾尔族自治区,K,94.55646774863837,44.25,data/water/*_qtot_*.nc,static_hydrology_grid
WC_0048_0012_J,云南省,J,97.75,24.75,data/water/*_qtot_*.nc,static_hydrology_grid
WC_0048_0014_J,西藏自治区,J,96.7208420756657,28.798600205986656,data/water/*_qtot_*.nc,static_hydrology_grid
WC_0048_0015_F,西藏自治区,F,97.75,31.25,data/water/*_qtot_*.nc,static_hydrology_grid
WC_0048_0015_J,西藏自治区,J,96.86945616381978,30.959613689679514,data/water/*_qtot_*.nc,static_hydrology_grid
WC_0048_0016_F,青海省,F,97.20054338372292,33.326849905994536,data/water/*_qtot_*.nc,static_hydrology_grid
WC_0048_0016_J,青海省,J,96.8531091410482,32.42245570097143,data/water/*_qtot_*.nc,static_hydrology_grid
WC_0048_0017_D,青海省,D,97.14651485130192,34.64841557606843,data/water/*_qtot_*.nc,static_hydrology_grid
WC_0048_0017_F,青海省,F,96.50488641272811,34.25,data/water/*_qtot_*.nc,static_hydrology_grid
WC_0048_0017_K,青海省,K,97.46175678494801,35.75000000000001,data/water/*_qtot_*.nc,static_hydrology_grid
WC_0048_0018_K,青海省,K,97.09659919942774,37.12925534536042,data/water/*_qtot_*.nc,static_hydrology_grid
WC_0048_0019_K,甘肃省,K,97.20182181569753,38.70851819116999,data/water/*_qtot_*.nc,static_hydrology_grid
WC_0048_0020_K,甘肃省,K,97.0144885599937,40.89843852652277,data/water/*_qtot_*.nc,static_hydrology_grid
WC_0048_0021_K,新疆维吾尔族自治区,K,96.85496944423578,42.4542133196697,data/water/*_qtot_*.nc,static_hydrology_grid
WC_0049_0011_J,云南省,J,99.54321548136815,22.98550909969271,data/water/*_qtot_*.nc,static_hydrology_grid
WC_0049_0012_J,云南省,J,98.87359203131948,24.875659322913872,data/water/*_qtot_*.nc,static_hydrology_grid
WC_0049_0013_F,云南省,F,99.61647554218368,27.302631249809423,data/water/*_qtot_*.nc,static_hydrology_grid
WC_0049_0013_J,云南省,J,98.79649255467073,27.18553366736422,data/water/*_qtot_*.nc,static_hydrology_grid
WC_0049_0014_F,西藏自治区,F,99.41312604417134,29.12523554202621,data/water/*_qtot_*.nc,static_hydrology_grid
WC_0049_0014_J,西藏自治区,J,98.39437741882618,28.564240012292487,data/water/*_qtot_*.nc,static_hydrology_grid
WC_0049_0015_F,西藏自治区,F,99.03244375836424,31.125648953846433,data/water/*_qtot_*.nc,static_hydrology_grid
WC_0049_0015_J,西藏自治区,J,98.25,30.25,data/water/*_qtot_*.nc,static_hydrology_grid
WC_0049_0016_D,青海省,D,99.28091748244711,33.51565089788426,data/water/*_qtot_*.nc,static_hydrology_grid
WC_0049_0016_F,四川省,F,98.84820205412474,32.684224843812,data/water/*_qtot_*.nc,static_hydrology_grid
WC_0049_0017_D,青海省,D,99.24727547057097,34.65583206112496,data/water/*_qtot_*.nc,static_hydrology_grid
WC_0049_0017_K,青海省,K,98.82831528991599,35.46068730871108,data/water/*_qtot_*.nc,static_hydrology_grid
WC_0049_0018_K,青海省,K,99.10763988705061,37.26892476403201,data/water/*_qtot_*.nc,static_hydrology_grid
WC_0049_0019_D,青海省,D,99.25,38.25,data/water/*_qtot_*.nc,static_hydrology_grid
WC_0049_0019_K,甘肃省,K,98.93165490552083,38.831758063238894,data/water/*_qtot_*.nc,static_hydrology_grid
WC_0049_0020_K,内蒙古自治区,K,98.86723958063529,40.67893925260316,data/water/*_qtot_*.nc,static_hydrology_grid
WC_0049_0021_K,内蒙古自治区,K,98.77975815256347,42.25000000000001,data/water/*_qtot_*.nc,static_hydrology_grid
WC_0050_0010_J,云南省,J,101.15237170054755,21.50821853061574,data/water/*_qtot_*.nc,static_hydrology_grid
WC_0050_0011_J,云南省,J,100.96595587476556,22.940416260760465,data/water/*_qtot_*.nc,static_hydrology_grid
WC_0050_0012_F,云南省,F,101.27155083661955,25.572685690163535,data/water/*_qtot_*.nc,static_hydrology_grid
WC_0050_0012_J,云南省,J,100.74957096062656,24.754224437737346,data/water/*_qtot_*.nc,static_hydrology_grid
WC_0050_0013_F,云南省,F,100.97946838183712,26.920583957265134,data/water/*_qtot_*.nc,static_hydrology_grid
WC_0050_0014_F,四川省,F,101.05202662808854,29.04291945971493,data/water/*_qtot_*.nc,static_hydrology_grid
WC_0050_0015_F,四川省,F,101.05426134997889,30.962034105836892,data/water/*_qtot_*.nc,static_hydrology_grid
WC_0050_0016_D,青海省,D,101.28226623170582,33.62324425654652,data/water/*_qtot_*.nc,static_hydrology_grid
WC_0050_0016_F,青海省,F,100.96131851544915,32.7044881441882,data/water/*_qtot_*.nc,static_hydrology_grid
WC_0050_0017_D,青海省,D,101.06768242106267,34.84036137172847,data/water/*_qtot_*.nc,static_hydrology_grid
WC_0050_0018_D,青海省,D,101.22997693298336,36.989510049031985,data/water/*_qtot_*.nc,static_hydrology_grid
WC_0050_0018_K,青海省,K,100.63904361575209,37.22864034870235,data/water/*_qtot_*.nc,static_hydrology_grid
WC_0050_0019_K,内蒙古自治区,K,100.87169249618432,38.837993065239786,data/water/*_qtot_*.nc,static_hydrology_grid
WC_0050_0020_K,内蒙古自治区,K,100.95457336683243,40.73785551423075,data/water/*_qtot_*.nc,static_hydrology_grid
WC_0050_0021_K,内蒙古自治区,K,101.0161050185996,42.25000000000001,data/water/*_qtot_*.nc,static_hydrology_grid
WC_0051_0011_H,云南省,H,103.25,23.453346148818557,data/water/*_qtot_*.nc,static_hydrology_grid
WC_0051_0011_J,云南省,J,102.9922938135335,22.976458479100707,data/water/*_qtot_*.nc,static_hydrology_grid
WC_0051_0012_F,云南省,F,102.98933975345376,25.477206315026088,data/water/*_qtot_*.nc,static_hydrology_grid
WC_0051_0012_H,云南省,H,103.4135378315473,24.68127306415178,data/water/*_qtot_*.nc,static_hydrology_grid
WC_0051_0012_J,云南省,J,102.24999999999999,24.828740842682052,data/water/*_qtot_*.nc,static_hydrology_grid
WC_0051_0013_F,四川省,F,102.89087540348345,27.04291285643882,data/water/*_qtot_*.nc,static_hydrology_grid
WC_0051_0014_F,四川省,F,103.04739114309305,29.09528952860701,data/water/*_qtot_*.nc,static_hydrology_grid
WC_0051_0015_F,四川省,F,103.10941837595662,30.87478339489407,data/water/*_qtot_*.nc,static_hydrology_grid
WC_0051_0016_D,甘肃省,D,102.59232583947997,33.18582835597729,data/water/*_qtot_*.nc,static_hydrology_grid
WC_0051_0016_F,四川省,F,103.29820122299631,32.78581890219495,data/water/*_qtot_*.nc,static_hydrology_grid
WC_0051_0017_D,青海省,D,102.87710323537858,34.915167035596404,data/water/*_qtot_*.nc,static_hydrology_grid
WC_0051_0017_F,甘肃省,F,103.4782473452098,34.25,data/water/*_qtot_*.nc,static_hydrology_grid
WC_0051_0018_D,青海省,D,102.74702574634993,36.61456851132348,data/water/*_qtot_*.nc,static_hydrology_grid
WC_0051_0018_K,甘肃省,K,102.87970704432468,37.587032734830295,data/water/*_qtot_*.nc,static_hydrology_grid
WC_0051_0019_K,内蒙古自治区,K,102.89943078575438,38.73974576765326,data/water/*_qtot_*.nc,static_hydrology_grid
WC_0051_0020_K,内蒙古自治区,K,103.20112453514167,40.87436704884149,data/water/*_qtot_*.nc,static_hydrology_grid
WC_0052_0011_H,云南省,H,105.11601355611992,23.75,data/water/*_qtot_*.nc,static_hydrology_grid
WC_0052_0011_J,云南省,J,104.9362637980214,23.250000000000004,data/water/*_qtot_*.nc,static_hydrology_grid
WC_0052_0012_H,云南省,H,105.0413664394705,25.103848231702848,data/water/*_qtot_*.nc,static_hydrology_grid
WC_0052_0013_F,云南省,F,105.2178883359911,27.140422779102717,data/water/*_qtot_*.nc,static_hydrology_grid
WC_0052_0013_H,贵州省,H,104.70080192847101,26.329493418370337,data/water/*_qtot_*.nc,static_hydrology_grid
WC_0052_0014_F,四川省,F,105.02169882212557,29.00794026724265,data/water/*_qtot_*.nc,static_hydrology_grid
WC_0052_0015_F,四川省,F,105.04012895255151,31.00405816446701,data/water/*_qtot_*.nc,static_hydrology_grid
WC_0052_0016_F,甘肃省,F,105.09247006357363,32.83683998861047,data/water/*_qtot_*.nc,static_hydrology_grid
WC_0052_0017_D,甘肃省,D,105.06814088886048,35.232510291365536,data/water/*_qtot_*.nc,static_hydrology_grid
WC_0052_0017_F,甘肃省,F,105.01944813649924,34.25,data/water/*_qtot_*.nc,static_hydrology_grid
WC_0052_0018_D,宁夏回族自治区,D,105.27531365990873,36.9405508923571,data/water/*_qtot_*.nc,static_hydrology_grid
WC_0052_0018_K,内蒙古自治区,K,104.94168092721027,37.75,data/water/*_qtot_*.nc,static_hydrology_grid
WC_0052_0019_D,内蒙古自治区,D,105.75,38.25,data/water/*_qtot_*.nc,static_hydrology_grid
WC_0052_0019_K,内蒙古自治区,K,105.08369467820076,38.98079407988159,data/water/*_qtot_*.nc,static_hydrology_grid
WC_0052_0020_K,内蒙古自治区,K,105.13057792223881,40.98443345899411,data/water/*_qtot_*.nc,static_hydrology_grid
WC_0053_0010_H,广西壮族自治区,H,107.58459138864576,21.749999999999996,data/water/*_qtot_*.nc,static_hydrology_grid
WC_0053_0011_H,广西壮族自治区,H,107.18472008549833,23.042434434250897,data/water/*_qtot_*.nc,static_hydrology_grid
WC_0053_0012_H,贵州省,H,107.07477688012015,24.950921209070444,data/water/*_qtot_*.nc,static_hydrology_grid
WC_0053_0013_F,贵州省,F,107.03769046317414,27.07060608771766,data/water/*_qtot_*.nc,static_hydrology_grid
WC_0053_0013_H,贵州省,H,106.9977186774095,26.25,data/water/*_qtot_*.nc,static_hydrology_grid
WC_0053_0014_F,重庆市,F,107.024161635444,29.00345580683453,data/water/*_qtot_*.nc,static_hydrology_grid
WC_0053_0015_F,四川省,F,107.04973571150427,30.997598825301584,data/water/*_qtot_*.nc,static_hydrology_grid
WC_0053_0016_F,甘肃省,F,107.0687868896581,32.88253547562959,data/water/*_qtot_*.nc,static_hydrology_grid
WC_0053_0017_D,宁夏回族自治区,D,107.125956938713,34.99168643714047,data/water/*_qtot_*.nc,static_hydrology_grid
WC_0053_0017_F,甘肃省,F,106.45848973791655,34.25,data/water/*_qtot_*.nc,static_hydrology_grid
WC_0053_0018_D,宁夏回族自治区,D,106.91307418653604,36.82550459738828,data/water/*_qtot_*.nc,static_hydrology_grid
WC_0053_0019_D,内蒙古自治区,D,106.5453548655573,38.74321729079933,data/water/*_qtot_*.nc,static_hydrology_grid
WC_0053_0019_K,内蒙古自治区,K,106.25,39.75,data/water/*_qtot_*.nc,static_hydrology_grid
WC_0053_0020_D,内蒙古自治区,D,107.40672265460896,40.883089463835326,data/water/*_qtot_*.nc,static_hydrology_grid
WC_0053_0020_K,内蒙古自治区,K,106.84642759041174,41.23064289524617,data/water/*_qtot_*.nc,static_hydrology_grid
WC_0053_0021_K,内蒙古自治区,K,107.36617440832927,42.25,data/water/*_qtot_*.nc,static_hydrology_grid
WC_0054_0009_H,海南省,H,109.45979929132561,19.13723723630639,data/water/*_qtot_*.nc,static_hydrology_grid
WC_0054_0010_H,广西壮族自治区,H,108.88936183047012,21.750000000000004,data/water/*_qtot_*.nc,static_hydrology_grid
WC_0054_0011_H,广西壮族自治区,H,108.98966228189069,22.949467340846365,data/water/*_qtot_*.nc,static_hydrology_grid
WC_0054_0012_H,贵州省,H,109.05278897471096,24.98150137353339,data/water/*_qtot_*.nc,static_hydrology_grid
WC_0054_0013_F,贵州省,F,109.1074390235824,27.031018500375307,data/water/*_qtot_*.nc,static_hydrology_grid
WC_0054_0013_H,贵州省,H,108.25,26.25,data/water/*_qtot_*.nc,static_hydrology_grid
WC_0054_0014_F,重庆市,F,109.03659027703554,29.00321455105223,data/water/*_qtot_*.nc,static_hydrology_grid
WC_0054_0015_F,四川省,F,108.9830186866136,30.96894249770283,data/water/*_qtot_*.nc,static_hydrology_grid
WC_0054_0016_F,陕西省,F,108.89821728168643,32.89406708687156,data/water/*_qtot_*.nc,static_hydrology_grid
WC_0054_0017_D,甘肃省,D,109.07020902248577,34.888412846834775,data/water/*_qtot_*.nc,static_hydrology_grid
WC_0054_0018_D,内蒙古自治区,D,109.03751511694726,36.89464644446538,data/water/*_qtot_*.nc,static_hydrology_grid
WC_0054_0019_D,内蒙古自治区,D,109.14588184773302,38.91747511418161,data/water/*_qtot_*.nc,static_hydrology_grid
WC_0054_0020_D,内蒙古自治区,D,108.92975534111187,40.93539924428522,data/water/*_qtot_*.nc,static_hydrology_grid
WC_0054_0020_K,内蒙古自治区,K,109.75,41.75,data/water/*_qtot_*.nc,static_hydrology_grid
WC_0054_0021_K,内蒙古自治区,K,108.74569969653533,42.25000000000001,data/water/*_qtot_*.nc,static_hydrology_grid
WC_0055_0009_H,海南省,H,110.35726293363287,19.319866162291724,data/water/*_qtot_*.nc,static_hydrology_grid
WC_0055_0010_H,广东省,H,110.56840590982168,21.472808698815413,data/water/*_qtot_*.nc,static_hydrology_grid
WC_0055_0011_H,广西壮族自治区,H,110.98079440837331,22.9726630550917,data/water/*_qtot_*.nc,static_hydrology_grid
WC_0055_0012_F,广西壮族自治区,F,111.20329807786662,25.491086453767732,data/water/*_qtot_*.nc,static_hydrology_grid
WC_0055_0012_H,广西壮族自治区,H,110.79281135590567,24.721042889923744,data/water/*_qtot_*.nc,static_hydrology_grid
WC_0055_0013_F,湖南省,F,111.00592002870351,27.029562215103812,data/water/*_qtot_*.nc,static_hydrology_grid
WC_0055_0014_F,湖北省,F,111.00898109630694,28.95840654177273,data/water/*_qtot_*.nc,static_hydrology_grid
WC_0055_0015_F,湖北省,F,110.92321119149919,30.870103671446092,data/water/*_qtot_*.nc,static_hydrology_grid
WC_0055_0016_D,河南省,D,111.75,33.75,data/water/*_qtot_*.nc,static_hydrology_grid
WC_0055_0016_F,陕西省,F,110.9823439631421,32.9248364080641,data/water/*_qtot_*.nc,static_hydrology_grid
WC_0055_0017_D,陕西省,D,110.95912491598949,34.844081221053244,data/water/*_qtot_*.nc,static_hydrology_grid
WC_0055_0018_D,陕西省,D,110.92530447630442,36.98908334123217,data/water/*_qtot_*.nc,static_hydrology_grid
WC_0055_0019_D,内蒙古自治区,D,111.0718968771289,38.94160592187221,data/water/*_qtot_*.nc,static_hydrology_grid
WC_0055_0020_D,内蒙古自治区,D,111.08864163670371,40.51762483802029,data/water/*_qtot_*.nc,static_hydrology_grid
WC_0055_0020_K,内蒙古自治区,K,111.07654565789645,41.446948379867905,data/water/*_qtot_*.nc,static_hydrology_grid
WC_0055_0021_K,内蒙古自治区,K,111.17338189945887,42.51926249265534,data/water/*_qtot_*.nc,static_hydrology_grid
WC_0055_0022_K,内蒙古自治区,K,111.74999999999999,44.50734642919878,data/water/*_qtot_*.nc,static_hydrology_grid
WC_0056_0010_H,广东省,H,112.25,21.75,data/water/*_qtot_*.nc,static_hydrology_grid
WC_0056_0011_H,广东省,H,112.99324463022329,23.045086919760173,data/water/*_qtot_*.nc,static_hydrology_grid
WC_0056_0012_F,湖南省,F,112.82459684312713,25.645938830275256,data/water/*_qtot_*.nc,static_hydrology_grid
WC_0056_0012_H,湖南省,H,113.06726915615404,24.671074596624567,data/water/*_qtot_*.nc,static_hydrology_grid
WC_0056_0013_F,湖南省,F,113.00869397002786,27.03503339936545,data/water/*_qtot_*.nc,static_hydrology_grid
WC_0056_0014_F,湖北省,F,113.03768740362011,28.92953700530362,data/water/*_qtot_*.nc,static_hydrology_grid
WC_0056_0015_F,湖北省,F,113.01543345557019,30.95868752592006,data/water/*_qtot_*.nc,static_hydrology_grid
WC_0056_0016_E,河南省,E,113.36002919738422,33.19768903637423,data/water/*_qtot_*.nc,static_hydrology_grid
WC_0056_0016_F,河南省,F,112.70292656405026,32.65587300986451,data/water/*_qtot_*.nc,static_hydrology_grid
WC_0056_0017_C,河南省,C,113.59767463671568,35.43158605287711,data/water/*_qtot_*.nc,static_hydrology_grid
WC_0056_0017_D,山西省,D,112.68536590411131,35.231595503592416,data/water/*_qtot_*.nc,static_hydrology_grid
WC_0056_0017_E,河南省,E,113.36476559219601,34.383762991828455,data/water/*_qtot_*.nc,static_hydrology_grid
WC_0056_0018_C,山西省,C,113.37845475370705,36.76556261433604,data/water/*_qtot_*.nc,static_hydrology_grid
WC_0056_0018_D,山西省,D,112.58626617995724,37.24145775634109,data/water/*_qtot_*.nc,static_hydrology_grid
WC_0056_0019_C,山西省,C,113.22152602282189,38.941723759284315,data/water/*_qtot_*.nc,static_hydrology_grid
WC_0056_0019_D,山西省,D,112.25,38.75,data/water/*_qtot_*.nc,static_hydrology_grid
WC_0056_0020_C,内蒙古自治区,C,113.57422799683143,40.38691169747098,data/water/*_qtot_*.nc,static_hydrology_grid
WC_0056_0020_D,内蒙古自治区,D,112.25,40.69856731569176,data/water/*_qtot_*.nc,static_hydrology_grid
WC_0056_0020_K,内蒙古自治区,K,112.98500458834236,40.98797146385188,data/water/*_qtot_*.nc,static_hydrology_grid
WC_0056_0021_K,内蒙古自治区,K,113.04630456663955,42.91407577953361,data/water/*_qtot_*.nc,static_hydrology_grid
WC_0056_0022_K,内蒙古自治区,K,113.10846525235556,44.52348384403184,data/water/*_qtot_*.nc,static_hydrology_grid
WC_0057_0011_H,广东省,H,114.84437844857628,23.290109568326354,data/water/*_qtot_*.nc,static_hydrology_grid
WC_0057_0012_F,江西省,F,115.0759155579614,25.426759443798858,data/water/*_qtot_*.nc,static_hydrology_grid
WC_0057_0012_H,广东省,H,114.9178614184941,24.547434387367982,data/water/*_qtot_*.nc,static_hydrology_grid
WC_0057_0013_F,江西省,F,115.02609473426679,27.033561563703977,data/water/*_qtot_*.nc,static_hydrology_grid
WC_0057_0014_F,湖北省,F,115.04004969541064,28.954650784306075,data/water/*_qtot_*.nc,static_hydrology_grid
WC_0057_0015_E,河南省,E,115.41176015611644,31.59795360958522,data/water/*_qtot_*.nc,static_hydrology_grid
WC_0057_0015_F,湖北省,F,114.98054759903029,30.76768899151533,data/water/*_qtot_*.nc,static_hydrology_grid
WC_0057_0016_E,河南省,E,115.01893839455794,32.92660249730259,data/water/*_qtot_*.nc,static_hydrology_grid
WC_0057_0017_C,河南省,C,114.72153234948154,35.75,data/water/*_qtot_*.nc,static_hydrology_grid
WC_0057_0017_D,河南省,D,114.45621534127369,35.25,data/water/*_qtot_*.nc,static_hydrology_grid
WC_0057_0017_E,山东省,E,115.24579094426932,34.78519844596917,data/water/*_qtot_*.nc,static_hydrology_grid
WC_0057_0018_C,河北省,C,114.90887039966394,36.961733116957205,data/water/*_qtot_*.nc,static_hydrology_grid
WC_0057_0019_C,山西省,C,114.9606500656662,38.977007813594994,data/water/*_qtot_*.nc,static_hydrology_grid
WC_0057_0020_C,河北省,C,115.28907830530432,40.76202301002583,data/water/*_qtot_*.nc,static_hydrology_grid
WC_0057_0020_K,河北省,K,114.64018258072859,41.510258915297186,data/water/*_qtot_*.nc,static_hydrology_grid
WC_0057_0021_K,内蒙古自治区,K,115.0460266250051,42.86211121776104,data/water/*_qtot_*.nc,static_hydrology_grid
WC_0057_0022_K,内蒙古自治区,K,115.13334548950746,44.7633930868963,data/water/*_qtot_*.nc,static_hydrology_grid
WC_0058_0011_G,福建省,G,117.25,23.75,data/water/*_qtot_*.nc,static_hydrology_grid
WC_0058_0011_H,广东省,H,116.48647193952003,23.479242134146297,data/water/*_qtot_*.nc,static_hydrology_grid
WC_0058_0012_G,福建省,G,117.39585483552999,25.07803995722165,data/water/*_qtot_*.nc,static_hydrology_grid
WC_0058_0012_H,福建省,H,116.46927115177047,24.91967445356975,data/water/*_qtot_*.nc,static_hydrology_grid
WC_0058_0013_F,江西省,F,116.5421132248491,27.26729468102967,data/water/*_qtot_*.nc,static_hydrology_grid
WC_0058_0013_G,福建省,G,117.36634134938514,26.86715745953802,data/water/*_qtot_*.nc,static_hydrology_grid
WC_0058_0014_F,江西省,F,117.07374341502434,28.94992875576938,data/water/*_qtot_*.nc,static_hydrology_grid
WC_0058_0015_E,安徽省,E,116.39444546344347,31.55723955294628,data/water/*_qtot_*.nc,static_hydrology_grid
WC_0058_0015_F,安徽省,F,117.19430849848113,30.812214910009065,data/water/*_qtot_*.nc,static_hydrology_grid
WC_0058_0016_E,河南省,E,117.03462423086407,33.04402817549236,data/water/*_qtot_*.nc,static_hydrology_grid
WC_0058_0017_D,山东省,D,117.75,35.75,data/water/*_qtot_*.nc,static_hydrology_grid
WC_0058_0017_E,山东省,E,117.0187924655255,34.874983396203255,data/water/*_qtot_*.nc,static_hydrology_grid
WC_0058_0018_C,河北省,C,116.88489062650548,37.19670063126798,data/water/*_qtot_*.nc,static_hydrology_grid
WC_0058_0018_D,山东省,D,117.23068744340397,36.25,data/water/*_qtot_*.nc,static_hydrology_grid
WC_0058_0018_E,山东省,E,117.47595234240094,36.75,data/water/*_qtot_*.nc,static_hydrology_grid
WC_0058_0019_C,北京市,C,117.03045267723438,39.04699320871422,data/water/*_qtot_*.nc,static_hydrology_grid
WC_0058_0020_C,河北省,C,116.993074096091,40.75328265106593,data/water/*_qtot_*.nc,static_hydrology_grid
WC_0058_0021_A,内蒙古自治区,A,117.56841874497277,42.86934128309668,data/water/*_qtot_*.nc,static_hydrology_grid
WC_0058_0021_C,内蒙古自治区,C,116.823246447602,42.25,data/water/*_qtot_*.nc,static_hydrology_grid
WC_0058_0021_K,内蒙古自治区,K,116.86084985843506,43.44173111607026,data/water/*_qtot_*.nc,static_hydrology_grid
WC_0058_0022_K,内蒙古自治区,K,117.09358005616393,44.93755984216372,data/water/*_qtot_*.nc,static_hydrology_grid
WC_0058_0023_A,内蒙古自治区,A,117.25,47.75,data/water/*_qtot_*.nc,static_hydrology_grid
WC_0058_0023_K,内蒙古自治区,K,117.23454305920602,46.24999999999999,data/water/*_qtot_*.nc,static_hydrology_grid
WC_0058_0024_A,内蒙古自治区,A,117.19136179120217,48.761669966295436,data/water/*_qtot_*.nc,static_hydrology_grid
WC_0059_0012_G,福建省,G,118.63626616631929,25.373572905451176,data/water/*_qtot_*.nc,static_hydrology_grid
WC_0059_0013_G,福建省,G,118.9392719546423,27.087559601845975,data/water/*_qtot_*.nc,static_hydrology_grid
WC_0059_0014_F,江西省,F,118.25,28.482536966479177,data/water/*_qtot_*.nc,static_hydrology_grid
WC_0059_0014_G,安徽省,G,119.04473658028382,29.05547079088537,data/water/*_qtot_*.nc,static_hydrology_grid
WC_0059_0015_F,安徽省,F,118.91444009449356,30.939460012484947,data/water/*_qtot_*.nc,static_hydrology_grid
WC_0059_0015_G,浙江省,G,119.25000000000001,30.25,data/water/*_qtot_*.nc,static_hydrology_grid
WC_0059_0016_E,江苏省,E,118.99398547038808,33.27337017372353,data/water/*_qtot_*.nc,static_hydrology_grid
WC_0059_0016_F,安徽省,F,119.01130475902242,32.25,data/water/*_qtot_*.nc,static_hydrology_grid
WC_0059_0017_E,山东省,E,118.89672477441648,34.922057850488585,data/water/*_qtot_*.nc,static_hydrology_grid
WC_0059_0018_C,山东省,C,118.25,37.75,data/water/*_qtot_*.nc,static_hydrology_grid
WC_0059_0018_D,山东省,D,118.75,37.75,data/water/*_qtot_*.nc,static_hydrology_grid
WC_0059_0018_E,山东省,E,118.88049721161778,36.5926550223899,data/water/*_qtot_*.nc,static_hydrology_grid
WC_0059_0019_C,河北省,C,118.69350227253456,39.60252573135503,data/water/*_qtot_*.nc,static_hydrology_grid
WC_0059_0020_A,内蒙古自治区,A,119.33525194000315,41.166024360008244,data/water/*_qtot_*.nc,static_hydrology_grid
WC_0059_0020_C,河北省,C,118.71413723132653,40.53656671926861,data/water/*_qtot_*.nc,static_hydrology_grid
WC_0059_0021_A,内蒙古自治区,A,119.00444483284548,42.83040809215206,data/water/*_qtot_*.nc,static_hydrology_grid
WC_0059_0022_A,内蒙古自治区,A,119.21794386752764,44.64473728918348,data/water/*_qtot_*.nc,static_hydrology_grid
WC_0059_0022_K,内蒙古自治区,K,118.92996589607503,45.47040095249595,data/water/*_qtot_*.nc,static_hydrology_grid
WC_0059_0023_A,内蒙古自治区,A,119.6700893940667,47.532601955860976,data/water/*_qtot_*.nc,static_hydrology_grid
WC_0059_0023_K,内蒙古自治区,K,119.28180828459033,46.24999999999999,data/water/*_qtot_*.nc,static_hydrology_grid
WC_0059_0024_A,内蒙古自治区,A,119.18016476177695,49.03824380133024,data/water/*_qtot_*.nc,static_hydrology_grid
WC_0059_0025_A,内蒙古自治区,A,119.74999999999999,50.52575930534671,data/water/*_qtot_*.nc,static_hydrology_grid
WC_0060_0011_G,台湾省,G,120.75842451605168,23.24096138100492,data/water/*_qtot_*.nc,static_hydrology_grid
WC_0060_0012_G,台湾省,G,121.36655878656926,24.552426828522535,data/water/*_qtot_*.nc,static_hydrology_grid
WC_0060_0013_G,浙江省,G,120.25,27.75,data/water/*_qtot_*.nc,static_hydrology_grid
WC_0060_0014_G,浙江省,G,120.90352852962677,29.035143815463766,data/water/*_qtot_*.nc,static_hydrology_grid
WC_0060_0015_F,江苏省,F,120.94878236070224,31.276010750408552,data/water/*_qtot_*.nc,static_hydrology_grid
WC_0060_0015_G,浙江省,G,120.72695167805338,30.250000000000004,data/water/*_qtot_*.nc,static_hydrology_grid
WC_0060_0016_E,江苏省,E,120.44028767845035,33.137265766658324,data/water/*_qtot_*.nc,static_hydrology_grid
WC_0060_0016_F,江苏省,F,120.76896025393634,32.25,data/water/*_qtot_*.nc,static_hydrology_grid
WC_0060_0017_E,江苏省,E,120.25,34.25,data/water/*_qtot_*.nc,static_hydrology_grid
WC_0060_0018_E,山东省,E,120.82400804111141,37.00221617797807,data/water/*_qtot_*.nc,static_hydrology_grid
WC_0060_0019_A,辽宁省,A,121.75,39.51770875173404,data/water/*_qtot_*.nc,static_hydrology_grid
WC_0060_0020_A,辽宁省,A,120.81942609828883,41.18715183985209,data/water/*_qtot_*.nc,static_hydrology_grid
WC_0060_0021_A,内蒙古自治区,A,121.0075635339849,42.76655416494615,data/water/*_qtot_*.nc,static_hydrology_grid
WC_0060_0022_A,内蒙古自治区,A,121.05261589347268,45.17461912975633,data/water/*_qtot_*.nc,static_hydrology_grid
WC_0060_0023_A,内蒙古自治区,A,120.98814652474036,46.950418267521464,data/water/*_qtot_*.nc,static_hydrology_grid
WC_0060_0024_A,内蒙古自治区,A,121.00418344052554,49.006101872584715,data/water/*_qtot_*.nc,static_hydrology_grid
WC_0060_0025_A,内蒙古自治区,A,121.08125240398476,50.93282962490993,data/water/*_qtot_*.nc,static_hydrology_grid
WC_0060_0026_A,内蒙古自治区,A,121.30422674698342,52.74070025918645,data/water/*_qtot_*.nc,static_hydrology_grid
WC_0061_0014_G,浙江省,G,122.25,29.75,data/water/*_qtot_*.nc,static_hydrology_grid
WC_0061_0018_E,山东省,E,122.25000000000001,37.25,data/water/*_qtot_*.nc,static_hydrology_grid
WC_0061_0019_A,辽宁省,A,122.50565889042655,39.75,data/water/*_qtot_*.nc,static_hydrology_grid
WC_0061_0020_A,辽宁省,A,123.1201500275008,40.87632352520814,data/water/*_qtot_*.nc,static_hydrology_grid
WC_0061_0021_A,内蒙古自治区,A,123.18180062665546,42.75875333437554,data/water/*_qtot_*.nc,static_hydrology_grid
WC_0061_0022_A,吉林省,A,123.28553944981778,45.36405581481297,data/water/*_qtot_*.nc,static_hydrology_grid
WC_0061_0023_A,内蒙古自治区,A,123.07747660917308,46.94793348503875,data/water/*_qtot_*.nc,static_hydrology_grid
WC_0061_0024_A,内蒙古自治区,A,123.02495297311786,49.009964937997225,data/water/*_qtot_*.nc,static_hydrology_grid
WC_0061_0025_A,内蒙古自治区,A,123.0429811695504,51.02956931316708,data/water/*_qtot_*.nc,static_hydrology_grid
WC_0061_0026_A,黑龙江省,A,123.01884946302125,52.74210104043044,data/water/*_qtot_*.nc,static_hydrology_grid
WC_0062_0020_A,辽宁省,A,124.85464365548894,41.11572491892135,data/water/*_qtot_*.nc,static_hydrology_grid
WC_0062_0021_A,吉林省,A,125.11119107040264,42.85549159156272,data/water/*_qtot_*.nc,static_hydrology_grid
WC_0062_0022_A,黑龙江省,A,125.03728163587787,44.99600090091195,data/water/*_qtot_*.nc,static_hydrology_grid
WC_0062_0023_A,黑龙江省,A,125.05579363024539,47.04197018253557,data/water/*_qtot_*.nc,static_hydrology_grid
WC_0062_0024_A,内蒙古自治区,A,124.99366502843844,49.03814580767629,data/water/*_qtot_*.nc,static_hydrology_grid
WC_0062_0025_A,黑龙江省,A,124.9621334281613,50.96039047738872,data/water/*_qtot_*.nc,static_hydrology_grid
WC_0062_0026_A,黑龙江省,A,124.88597317205696,52.58596880307244,data/water/*_qtot_*.nc,static_hydrology_grid
WC_0063_0020_A,吉林省,A,126.92020384410355,41.642965573398456,data/water/*_qtot_*.nc,static_hydrology_grid
WC_0063_0021_A,吉林省,A,127.01599773107752,42.923022042129396,data/water/*_qtot_*.nc,static_hydrology_grid
WC_0063_0022_A,黑龙江省,A,127.06639531982768,44.9550659035409,data/water/*_qtot_*.nc,static_hydrology_grid
WC_0063_0023_A,黑龙江省,A,127.02145499464585,46.987514949849945,data/water/*_qtot_*.nc,static_hydrology_grid
WC_0063_0024_A,黑龙江省,A,126.94387191220422,48.973939205635645,data/water/*_qtot_*.nc,static_hydrology_grid
WC_0063_0025_A,黑龙江省,A,126.65090864696693,50.70972274566369,data/water/*_qtot_*.nc,static_hydrology_grid
WC_0063_0026_A,黑龙江省,A,126.25,52.25,data/water/*_qtot_*.nc,static_hydrology_grid
WC_0064_0021_A,吉林省,A,128.7435563888999,42.88797874085655,data/water/*_qtot_*.nc,static_hydrology_grid
WC_0064_0022_A,黑龙江省,A,128.93869962083605,45.021076564430565,data/water/*_qtot_*.nc,static_hydrology_grid
WC_0064_0023_A,黑龙江省,A,129.01521431155783,47.02515015501161,data/water/*_qtot_*.nc,static_hydrology_grid
WC_0064_0024_A,黑龙江省,A,128.93587490231698,48.66259558331092,data/water/*_qtot_*.nc,static_hydrology_grid
WC_0065_0021_A,吉林省,A,130.44028641329933,43.22894572572573,data/water/*_qtot_*.nc,static_hydrology_grid
WC_0065_0022_A,黑龙江省,A,130.81314135884193,45.18202726151036,data/water/*_qtot_*.nc,static_hydrology_grid
WC_0065_0023_A,黑龙江省,A,130.8426112853072,46.95605825741904,data/water/*_qtot_*.nc,static_hydrology_grid
WC_0065_0024_A,黑龙江省,A,130.42473276622684,48.41583375099231,data/water/*_qtot_*.nc,static_hydrology_grid
WC_0066_0022_A,黑龙江省,A,132.65837658662224,45.536854432353415,data/water/*_qtot_*.nc,static_hydrology_grid
WC_0066_0023_A,黑龙江省,A,133.17636104664808,46.95891703502124,data/water/*_qtot_*.nc,static_hydrology_grid
WC_0066_0024_A,黑龙江省,A,133.75,48.25,data/water/*_qtot_*.nc,static_hydrology_grid
WC_0067_0023_A,黑龙江省,A,134.48873832290835,47.75,data/water/*_qtot_*.nc,static_hydrology_grid
WC_0067_0024_A,黑龙江省,A,134.25,48.25,data/water/*_qtot_*.nc,static_hydrology_grid
