year,edge_id,source_node,sink_node,flow_fwd_mtpa,flow_bwd_mtpa,net_flow_mtpa,length_km,corridor_type,edge_class
2030,edge_01571,node_00525,node_00659,0.04,0.0,0.04,67.308,triangulation,triangulation_candidate
2040,edge_00080,node_00217,node_00221,40.0,0.0,40.0,169.848,gas,existing_main_corridor
2040,edge_00098,node_00204,node_00224,8.540468099999998,0.0,8.540468099999998,371.075,oil,existing_main_corridor
2040,edge_00101,node_00102,node_00100,5.373726079175999,0.0,5.373726079175999,193.265,oil,existing_main_corridor
2040,edge_00116,node_00190,node_00228,0.0,20.0,20.0,75.565,gas,hub_to_corridor_branch
2040,edge_00161,node_00273,node_00217,40.0,0.0,40.0,110.087,gas,hub_to_corridor_branch
2040,edge_00178,node_00290,node_00062,3.623654249636433,0.0,3.623654249636433,24.605,gas,hub_to_corridor_branch
2040,edge_00181,node_00293,node_00190,20.0,0.0,20.0,120.657,gas,hub_to_corridor_branch
2040,edge_00204,node_00062,node_00316,0.0,3.623654249636433,3.623654249636433,71.595,gas,hub_to_corridor_branch
2040,edge_00223,node_00100,node_00335,0.0,5.373726079175999,5.373726079175999,10.675,oil,hub_to_corridor_branch
2040,edge_00226,node_00338,node_00102,5.373726079175999,0.0,5.373726079175999,84.372,oil,hub_to_corridor_branch
2040,edge_00264,node_00376,node_00085,15.40560240000005,0.0,15.40560240000005,136.227,oil,hub_to_corridor_branch
2040,edge_00293,node_00405,node_00085,5.391960839999999,0.0,5.391960839999999,25.045,oil,hub_to_corridor_branch
2040,edge_00451,node_00563,node_00204,8.540468099999998,0.0,8.540468099999998,172.554,oil,hub_to_corridor_branch
2040,edge_00463,node_00575,node_00188,35.22539534399999,0.0,35.22539534399999,20.693,gas,hub_to_corridor_branch
2040,edge_00466,node_00221,node_00578,40.0,0.0,40.0,79.206,gas,corridor_to_storage_branch
2040,edge_00469,node_00224,node_00581,26.014460278599998,0.0,26.014460278599998,12.691,oil,corridor_to_storage_branch
2040,edge_00471,node_00188,node_00583,35.22539534399999,0.0,35.22539534399999,39.255,gas,corridor_to_storage_branch
2040,edge_00510,node_00085,node_00622,20.797563240000052,0.0,20.797563240000052,35.489,oil,corridor_to_storage_branch
2040,edge_00513,node_00625,node_00224,0.0,17.4739921786,17.4739921786,119.483,oil,corridor_to_storage_branch
2040,edge_00555,node_00228,node_00295,20.0,0.0,20.0,167.644,triangulation,triangulation_candidate
2040,edge_00571,node_00432,node_00231,0.0,2.562140430000003,2.562140430000003,130.995,triangulation,triangulation_candidate
2040,edge_00573,node_00231,node_00593,11.785845978000001,0.0,11.785845978000001,283.554,triangulation,triangulation_candidate
2040,edge_00579,node_00232,node_00520,10.512661047898545,0.0,10.512661047898545,111.559,triangulation,triangulation_candidate
2040,edge_00586,node_00381,node_00234,0.0,19.589121417658262,19.589121417658262,93.195,triangulation,triangulation_candidate
2040,edge_00589,node_00234,node_00582,19.589121417658262,0.0,19.589121417658262,116.494,triangulation,triangulation_candidate
2040,edge_00604,node_00241,node_00238,0.0,10.087632923399998,10.087632923399998,166.572,triangulation,triangulation_candidate
2040,edge_00607,node_00522,node_00238,0.0,12.609541154249998,12.609541154249998,125.658,triangulation,triangulation_candidate
2040,edge_00638,node_00244,node_00594,16.12,0.0,16.12,308.507,triangulation,triangulation_candidate
2040,edge_00639,node_00244,node_00605,3.68,0.0,3.68,198.19,triangulation,triangulation_candidate
2040,edge_00681,node_00643,node_00252,0.0,2.0084982388,2.0084982388,67.074,triangulation,triangulation_candidate
2040,edge_00683,node_00253,node_00444,8.966422142999999,0.0,8.966422142999999,129.088,triangulation,triangulation_candidate
2040,edge_00698,node_00257,node_00256,0.0,13.772273648579999,13.772273648579999,99.04,triangulation,triangulation_candidate
2040,edge_00699,node_00256,node_00305,14.141091510179999,0.0,14.141091510179999,149.158,triangulation,triangulation_candidate
2040,edge_00706,node_00258,node_00361,14.002451017610248,0.0,14.002451017610248,143.901,triangulation,triangulation_candidate
2040,edge_00735,node_00369,node_00263,0.0,28.3918878495,28.3918878495,81.371,triangulation,triangulation_candidate
2040,edge_00738,node_00264,node_00541,1.9557191400000002,0.0,1.9557191400000002,77.175,triangulation,triangulation_candidate
2040,edge_00742,node_00347,node_00266,0.0,16.081376564769997,16.081376564769997,372.254,triangulation,triangulation_candidate
2040,edge_00758,node_00559,node_00268,0.0,13.9192065408,13.9192065408,72.16,triangulation,triangulation_candidate
2040,edge_00760,node_00268,node_00585,14.0,0.0,14.0,75.093,triangulation,triangulation_candidate
2040,edge_00775,node_00271,node_00611,0.02,0.0,0.02,5.929,triangulation,triangulation_candidate
2040,edge_00776,node_00612,node_00271,0.0,31.8778242639,31.8778242639,63.967,triangulation,triangulation_candidate
2040,edge_00784,node_00552,node_00273,0.0,31.132186280189995,31.132186280189995,128.527,triangulation,triangulation_candidate
2040,edge_00797,node_00518,node_00275,0.0,3.8111849504999995,3.8111849504999995,165.688,triangulation,triangulation_candidate
2040,edge_00798,node_00276,node_00289,11.376555880163945,0.0,11.376555880163945,261.709,triangulation,triangulation_candidate
2040,edge_00803,node_00549,node_00276,0.0,5.280825841763946,5.280825841763946,115.208,triangulation,triangulation_candidate
2040,edge_00820,node_00280,node_00380,8.266168260000002,0.0,8.266168260000002,200.772,triangulation,triangulation_candidate
2040,edge_00835,node_00464,node_00283,0.0,8.013858152663499,8.013858152663499,101.12,triangulation,triangulation_candidate
2040,edge_00836,node_00283,node_00560,24.2757377462635,0.0,24.2757377462635,209.872,triangulation,triangulation_candidate
2040,edge_00839,node_00284,node_00328,9.48568780884,0.0,9.48568780884,219.846,triangulation,triangulation_candidate
2040,edge_00853,node_00288,node_00397,14.5089610344,0.0,14.5089610344,66.471,triangulation,triangulation_candidate
2040,edge_00859,node_00503,node_00289,0.0,22.689292664,22.689292664,183.995,triangulation,triangulation_candidate
2040,edge_00872,node_00292,node_00613,11.066048031200005,0.0,11.066048031200005,124.315,triangulation,triangulation_candidate
2040,edge_00879,node_00294,node_00582,15.798936287647548,0.0,15.798936287647548,150.266,triangulation,triangulation_candidate
2040,edge_00881,node_00295,node_00358,20.0,0.0,20.0,94.787,triangulation,triangulation_candidate
2040,edge_00884,node_00295,node_00578,19.002637849950002,0.0,19.002637849950002,518.549,triangulation,triangulation_candidate
2040,edge_00887,node_00296,node_00376,15.40560240000005,0.0,15.40560240000005,116.123,triangulation,triangulation_candidate
2040,edge_00897,node_00299,node_00595,3.8399999999999994,0.0,3.8399999999999994,76.339,triangulation,triangulation_candidate
2040,edge_00951,node_00315,node_00528,13.388755963499994,0.0,13.388755963499994,80.52,triangulation,triangulation_candidate
2040,edge_00954,node_00316,node_00597,34.95305815863975,0.0,34.95305815863975,144.576,triangulation,triangulation_candidate
2040,edge_00963,node_00318,node_00560,30.262898770199996,0.0,30.262898770199996,188.595,triangulation,triangulation_candidate
2040,edge_00979,node_00321,node_00558,5.481763484400005,0.0,5.481763484400005,75.52,triangulation,triangulation_candidate
2040,edge_00991,node_00323,node_00558,17.771022766815868,0.0,17.771022766815868,132.634,triangulation,triangulation_candidate
2040,edge_01006,node_00326,node_00589,4.240444679999996,0.0,4.240444679999996,152.66,triangulation,triangulation_candidate
2040,edge_01011,node_00476,node_00328,0.0,2.133428111999997,2.133428111999997,127.827,triangulation,triangulation_candidate
2040,edge_01013,node_00328,node_00535,11.619115920839997,0.0,11.619115920839997,78.891,triangulation,triangulation_candidate
2040,edge_01029,node_00332,node_00455,2.502123092000001,0.0,2.502123092000001,106.556,triangulation,triangulation_candidate
2040,edge_01037,node_00335,node_00367,5.373726079175999,0.0,5.373726079175999,136.932,triangulation,triangulation_candidate
2040,edge_01055,node_00506,node_00338,0.0,4.874864903999999,4.874864903999999,89.33,triangulation,triangulation_candidate
2040,edge_01058,node_00496,node_00339,0.0,23.252786251215873,23.252786251215873,112.061,triangulation,triangulation_candidate
2040,edge_01068,node_00420,node_00341,0.0,5.5654707654,5.5654707654,171.813,triangulation,triangulation_candidate
2040,edge_01087,node_00560,node_00348,0.0,38.547213748784124,38.547213748784124,110.043,triangulation,triangulation_candidate
2040,edge_01089,node_00361,node_00349,0.0,26.595077580860245,26.595077580860245,166.908,triangulation,triangulation_candidate
2040,edge_01103,node_00352,node_00590,33.01632979568002,0.0,33.01632979568002,161.063,triangulation,triangulation_candidate
2040,edge_01115,node_00540,node_00355,0.0,3.585723551999999,3.585723551999999,351.523,triangulation,triangulation_candidate
2040,edge_01117,node_00355,node_00599,7.9334133587999975,0.0,7.9334133587999975,199.944,triangulation,triangulation_candidate
2040,edge_01121,node_00356,node_00593,40.0,0.0,40.0,290.89,triangulation,triangulation_candidate
2040,edge_01127,node_00358,node_00578,31.03155138347397,0.0,31.03155138347397,447.872,triangulation,triangulation_candidate
2040,edge_01128,node_00363,node_00359,0.0,3.7578059639999997,3.7578059639999997,92.988,triangulation,triangulation_candidate
2040,edge_01129,node_00536,node_00359,0.0,8.540468099999998,8.540468099999998,147.395,triangulation,triangulation_candidate
2040,edge_01130,node_00359,node_00612,17.584663413599998,0.0,17.584663413599998,166.132,triangulation,triangulation_candidate
2040,edge_01138,node_00360,node_00586,13.8,0.0,13.8,127.908,triangulation,triangulation_candidate
2040,edge_01151,node_00364,node_00659,6.275016215999998,0.0,6.275016215999998,30.853,triangulation,triangulation_candidate
2040,edge_01194,node_00380,node_00483,14.539599528750003,0.0,14.539599528750003,192.821,triangulation,triangulation_candidate
2040,edge_01214,node_00387,node_00603,14.065701998399998,0.0,14.065701998399998,24.911,triangulation,triangulation_candidate
2040,edge_01216,node_00388,node_00436,15.164333115299996,0.0,15.164333115299996,77.942,triangulation,triangulation_candidate
2040,edge_01219,node_00524,node_00388,0.0,12.932873788049996,12.932873788049996,137.787,triangulation,triangulation_candidate
2040,edge_01244,node_00397,node_00474,14.5089610344,0.0,14.5089610344,90.907,triangulation,triangulation_candidate
2040,edge_01250,node_00399,node_00655,13.823849656799997,0.0,13.823849656799997,165.374,triangulation,triangulation_candidate
2040,edge_01271,node_00403,node_00596,6.140000000000001,0.0,6.140000000000001,107.331,triangulation,triangulation_candidate
2040,edge_01276,node_00404,node_00632,5.2787674693297095,0.0,5.2787674693297095,158.942,triangulation,triangulation_candidate
2040,edge_01281,node_00407,node_00627,0.52,0.0,0.52,203.263,triangulation,triangulation_candidate
2040,edge_01284,node_00556,node_00408,0.0,0.4482154439999998,0.4482154439999998,75.408,triangulation,triangulation_candidate
2040,edge_01285,node_00408,node_00601,19.967998030199997,0.0,19.967998030199997,263.134,triangulation,triangulation_candidate
2040,edge_01305,node_00414,node_00555,0.8540468099999999,0.0,0.8540468099999999,76.132,triangulation,triangulation_candidate
2040,edge_01309,node_00415,node_00587,17.928617760000034,0.0,17.928617760000034,270.759,triangulation,triangulation_candidate
2040,edge_01313,node_00544,node_00417,0.0,5.831617144499999,5.831617144499999,78.507,triangulation,triangulation_candidate
2040,edge_01314,node_00417,node_00662,12.288803042333894,0.0,12.288803042333894,77.862,triangulation,triangulation_candidate
2040,edge_01319,node_00505,node_00419,0.0,6.190646707999949,6.190646707999949,166.587,triangulation,triangulation_candidate
2040,edge_01320,node_00419,node_00597,40.0,0.0,40.0,104.063,triangulation,triangulation_candidate
2040,edge_01339,node_00424,node_00524,5.7427998408,0.0,5.7427998408,121.464,triangulation,triangulation_candidate
2040,edge_01347,node_00427,node_00451,9.053951968799996,0.0,9.053951968799996,457.982,triangulation,triangulation_candidate
2040,edge_01349,node_00483,node_00428,0.0,16.771464958950002,16.771464958950002,98.093,triangulation,triangulation_candidate
2040,edge_01360,node_00431,node_00483,2.066542065,0.0,2.066542065,112.415,triangulation,triangulation_candidate
2040,edge_01371,node_00434,node_00590,40.0,0.0,40.0,108.144,triangulation,triangulation_candidate
2040,edge_01374,node_00436,node_00552,26.439074979299996,0.0,26.439074979299996,186.684,triangulation,triangulation_candidate
2040,edge_01395,node_00441,node_00580,4.325279034599999,0.0,4.325279034599999,290.959,triangulation,triangulation_candidate
2040,edge_01403,node_00444,node_00566,10.247339592,0.0,10.247339592,103.592,triangulation,triangulation_candidate
2040,edge_01410,node_00624,node_00446,0.0,15.1044716128,15.1044716128,16.33,triangulation,triangulation_candidate
2040,edge_01411,node_00446,node_00625,17.5939921786,0.0,17.5939921786,60.736,triangulation,triangulation_candidate
2040,edge_01434,node_00455,node_00592,5.66,0.0,5.66,136.066,triangulation,triangulation_candidate
2040,edge_01449,node_00601,node_00460,0.0,26.28072840723606,26.28072840723606,81.66,triangulation,triangulation_candidate
2040,edge_01457,node_00465,node_00589,8.480889359999995,0.0,8.480889359999995,230.708,triangulation,triangulation_candidate
2040,edge_01462,node_00467,node_00584,8.201327579999997,0.0,8.201327579999997,41.772,triangulation,triangulation_candidate
2040,edge_01468,node_00469,node_00623,5.4146999737639145,0.0,5.4146999737639145,183.359,triangulation,triangulation_candidate
2040,edge_01469,node_00469,node_00659,10.869290993036055,0.0,10.869290993036055,96.674,triangulation,triangulation_candidate
2040,edge_01471,node_00471,node_00477,12.557939373839996,0.0,12.557939373839996,106.003,triangulation,triangulation_candidate
2040,edge_01473,node_00535,node_00471,0.0,12.557939373839996,12.557939373839996,439.197,triangulation,triangulation_candidate
2040,edge_01481,node_00474,node_00609,19.71194229469419,0.0,19.71194229469419,102.905,triangulation,triangulation_candidate
2040,edge_01485,node_00557,node_00477,0.0,5.268632514160017,5.268632514160017,99.488,triangulation,triangulation_candidate
2040,edge_01506,node_00487,node_00634,11.2220155278,0.0,11.2220155278,99.246,triangulation,triangulation_candidate
2040,edge_01509,node_00571,node_00488,0.0,15.269331582399996,15.269331582399996,136.152,triangulation,triangulation_candidate
2040,edge_01510,node_00488,node_00580,18.406839690399995,0.0,18.406839690399995,430.71,triangulation,triangulation_candidate
2040,edge_01516,node_00491,node_00655,5.0885336159999985,0.0,5.0885336159999985,90.109,triangulation,triangulation_candidate
2040,edge_01526,node_00558,node_00496,0.0,23.252786251215873,23.252786251215873,79.928,triangulation,triangulation_candidate
2040,edge_01529,node_00497,node_00663,0.02,0.0,0.02,95.606,triangulation,triangulation_candidate
2040,edge_01530,node_00499,node_00588,4.589803547999999,0.0,4.589803547999999,216.083,triangulation,triangulation_candidate
2040,edge_01548,node_00508,node_00613,6.74011406511997,0.0,6.74011406511997,10.542,triangulation,triangulation_candidate
2040,edge_01564,node_00520,node_00589,11.326428555898534,0.0,11.326428555898534,186.242,triangulation,triangulation_candidate
2040,edge_01571,node_00525,node_00659,2.895692790963947,0.0,2.895692790963947,67.308,triangulation,triangulation_candidate
2040,edge_01574,node_00528,node_00575,13.388755963499994,0.0,13.388755963499994,105.032,triangulation,triangulation_candidate
2040,edge_01576,node_00529,node_00601,3.1375081079999987,0.0,3.1375081079999987,52.825,triangulation,triangulation_candidate
2040,edge_01580,node_00593,node_00531,0.0,16.105845978,16.105845978,349.941,triangulation,triangulation_candidate
2040,edge_01581,node_00531,node_00602,16.532869383,0.0,16.532869383,56.137,triangulation,triangulation_candidate
2040,edge_01595,node_00548,node_00643,2.0284982388,0.0,2.0284982388,55.616,triangulation,triangulation_candidate
2040,edge_01597,node_00549,node_00631,0.3,0.0,0.3,59.566,triangulation,triangulation_candidate
2040,edge_01600,node_00555,node_00632,9.554393380970295,0.0,9.554393380970295,208.259,triangulation,triangulation_candidate
2040,edge_01603,node_00607,node_00557,0.0,27.121833382640016,27.121833382640016,374.486,triangulation,triangulation_candidate
2040,edge_01605,node_00559,node_00630,0.6,0.0,0.6,93.872,triangulation,triangulation_candidate
2040,edge_01606,node_00560,node_00576,29.29479623519737,0.0,29.29479623519737,163.299,triangulation,triangulation_candidate
2040,edge_01607,node_00561,node_00636,0.16,0.0,0.16,56.462,triangulation,triangulation_candidate
2040,edge_01613,node_00571,node_00606,2.48,0.0,2.48,374.333,triangulation,triangulation_candidate
2040,edge_01616,node_00573,node_00591,8.1,0.0,8.1,126.469,triangulation,triangulation_candidate
2040,edge_01621,node_00651,node_00578,0.0,28.151887849500003,28.151887849500003,17.222,triangulation,triangulation_candidate
2040,edge_01622,node_00610,node_00579,0.0,40.0,40.0,278.132,triangulation,triangulation_candidate
2040,edge_01624,node_00609,node_00582,0.0,13.39194229469419,13.39194229469419,12.65,triangulation,triangulation_candidate
2040,edge_01625,node_00662,node_00583,0.0,11.974604656000011,11.974604656000011,51.052,triangulation,triangulation_candidate
2040,edge_01626,node_00615,node_00584,0.0,20.798672420000003,20.798672420000003,82.264,triangulation,triangulation_candidate
2040,edge_01629,node_00623,node_00587,0.0,2.831382239999968,2.831382239999968,32.195,triangulation,triangulation_candidate
2040,edge_01632,node_00655,node_00589,0.0,18.892383272799997,18.892383272799997,50.996,triangulation,triangulation_candidate
2040,edge_01642,node_00596,node_00637,0.28,0.0,0.28,41.278,triangulation,triangulation_candidate
2040,edge_01646,node_00600,node_00604,2.14,0.0,2.14,115.056,triangulation,triangulation_candidate
2040,edge_01647,node_00603,node_00645,0.36,0.0,0.36,37.435,triangulation,triangulation_candidate
2040,edge_01649,node_00627,node_00608,0.0,0.44,0.44,77.847,triangulation,triangulation_candidate
2040,edge_01655,node_00664,node_00612,0.0,14.713160850300003,14.713160850300003,95.013,triangulation,triangulation_candidate
2040,edge_01682,node_00632,node_00658,14.753160850300004,0.0,14.753160850300004,64.226,triangulation,triangulation_candidate
2040,edge_01703,node_00658,node_00664,14.733160850300004,0.0,14.733160850300004,30.76,triangulation,triangulation_candidate
2040,edge_01715,node_00230,node_00589,25.69064022756,0.0,25.69064022756,194.882,direct_source_sink,runtime_direct_fallback
2040,edge_01753,node_00238,node_00579,22.697174077649997,0.0,22.697174077649997,334.623,direct_source_sink,runtime_direct_fallback
2040,edge_01817,node_00252,node_00624,15.224471612799999,0.0,15.224471612799999,187.955,direct_source_sink,runtime_direct_fallback
2040,edge_01870,node_00263,node_00651,28.3918878495,0.0,28.3918878495,512.154,direct_source_sink,runtime_direct_fallback
2040,edge_01876,node_00265,node_00589,20.862987825599998,0.0,20.862987825599998,100.09,direct_source_sink,runtime_direct_fallback
2040,edge_01883,node_00266,node_00581,22.005463817769996,0.0,22.005463817769996,167.887,direct_source_sink,runtime_direct_fallback
2040,edge_01901,node_00271,node_00581,40.0,0.0,40.0,28.337,direct_source_sink,runtime_direct_fallback
2040,edge_01909,node_00273,node_00578,20.683446998476043,0.0,20.683446998476043,360.476,direct_source_sink,runtime_direct_fallback
2040,edge_01923,node_00275,node_00597,9.311864260500002,0.0,9.311864260500002,321.908,direct_source_sink,runtime_direct_fallback
2040,edge_01988,node_00289,node_00580,38.41353835096395,0.0,38.41353835096395,337.415,direct_source_sink,runtime_direct_fallback
2040,edge_02055,node_00304,node_00607,27.761833382640017,0.0,27.761833382640017,13.634,direct_source_sink,runtime_direct_fallback
2040,edge_02061,node_00305,node_00581,29.52206887968,0.0,29.52206887968,149.968,direct_source_sink,runtime_direct_fallback
2040,edge_02064,node_00306,node_00615,21.65867242,0.0,21.65867242,128.884,direct_source_sink,runtime_direct_fallback
2040,edge_02117,node_00634,node_00316,0.0,11.2020155278,11.2020155278,182.262,direct_source_sink,runtime_direct_fallback
2040,edge_02216,node_00339,node_00610,23.252786251215873,0.0,23.252786251215873,256.861,direct_source_sink,runtime_direct_fallback
2040,edge_02227,node_00341,node_00579,29.96719964215263,0.0,29.96719964215263,500.618,direct_source_sink,runtime_direct_fallback
2040,edge_02257,node_00348,node_00610,18.547213748784124,0.0,18.547213748784124,225.679,direct_source_sink,runtime_direct_fallback
2040,edge_02258,node_00348,node_00579,20.0,0.0,20.0,470.404,direct_source_sink,runtime_direct_fallback
2040,edge_02263,node_00349,node_00597,26.595077580860245,0.0,26.595077580860245,180.041,direct_source_sink,runtime_direct_fallback
2040,edge_02338,node_00367,node_00579,40.0,0.0,40.0,327.515,direct_source_sink,runtime_direct_fallback
2040,edge_02404,node_00382,node_00598,9.2,0.0,9.2,33.295,direct_source_sink,runtime_direct_fallback
2040,edge_02466,node_00395,node_00601,7.075222269036065,0.0,7.075222269036065,362.187,direct_source_sink,runtime_direct_fallback
2040,edge_02571,node_00622,node_00419,0.0,20.637563240000052,20.637563240000052,96.771,direct_source_sink,runtime_direct_fallback
2040,edge_02615,node_00428,node_00581,18.838007023950002,0.0,18.838007023950002,153.078,direct_source_sink,runtime_direct_fallback
2040,edge_02716,node_00451,node_00580,13.984321852799994,0.0,13.984321852799994,398.28,direct_source_sink,runtime_direct_fallback
2040,edge_02757,node_00460,node_00580,28.97002107123606,0.0,28.97002107123606,261.398,direct_source_sink,runtime_direct_fallback
2040,edge_02833,node_00477,node_00588,19.960000000000015,0.0,19.960000000000015,516.052,direct_source_sink,runtime_direct_fallback
2040,edge_02870,node_00485,node_00580,40.0,0.0,40.0,245.322,direct_source_sink,runtime_direct_fallback
2040,edge_02871,node_00613,node_00485,0.0,17.686162096319975,17.686162096319975,471.612,direct_source_sink,runtime_direct_fallback
2040,edge_02872,node_00590,node_00485,0.0,19.17632979568002,19.17632979568002,487.601,direct_source_sink,runtime_direct_fallback
2040,edge_02951,node_00659,node_00503,0.0,20.0,20.0,212.591,direct_source_sink,runtime_direct_fallback
2040,edge_03119,node_00541,node_00600,7.08,0.0,7.08,324.009,direct_source_sink,runtime_direct_fallback
2040,edge_03156,node_00623,node_00549,0.0,2.4433177337639465,2.4433177337639465,31.672,direct_source_sink,runtime_direct_fallback
2040,edge_03195,node_00557,node_00588,27.190196451999988,0.0,27.190196451999988,497.278,direct_source_sink,runtime_direct_fallback
2040,edge_03234,node_00566,node_00579,13.065357979799998,0.0,13.065357979799998,373.818,direct_source_sink,runtime_direct_fallback
2040,edge_03247,node_00569,node_00578,24.710475918599997,0.0,24.710475918599997,370.497,direct_source_sink,runtime_direct_fallback
2040,edge_03279,node_00576,node_00579,34.27026830039737,0.0,34.27026830039737,402.826,direct_source_sink,runtime_direct_fallback
2050,edge_00005,node_00018,node_00009,0.0,0.09425706840001169,0.09425706840001169,445.455,gas,existing_main_corridor
2050,edge_00050,node_00078,node_00099,1.8584567290909746,0.0,1.8584567290909746,368.961,gas,existing_main_corridor
2050,edge_00080,node_00217,node_00221,40.0,0.0,40.0,169.848,gas,existing_main_corridor
2050,edge_00098,node_00204,node_00224,5.269385642427302,0.0,5.269385642427302,371.075,oil,existing_main_corridor
2050,edge_00101,node_00102,node_00100,5.0487350855759985,0.0,5.0487350855759985,193.265,oil,existing_main_corridor
2050,edge_00116,node_00190,node_00228,0.0,35.51706846766004,35.51706846766004,75.565,gas,hub_to_corridor_branch
2050,edge_00161,node_00273,node_00217,40.0,0.0,40.0,110.087,gas,hub_to_corridor_branch
2050,edge_00178,node_00290,node_00062,6.457696196778301,0.0,6.457696196778301,24.605,gas,hub_to_corridor_branch
2050,edge_00181,node_00293,node_00190,35.51706846766004,0.0,35.51706846766004,120.657,gas,hub_to_corridor_branch
2050,edge_00194,node_00306,node_00078,1.8584567290909746,0.0,1.8584567290909746,26.58,gas,hub_to_corridor_branch
2050,edge_00204,node_00316,node_00062,11.301889309221709,0.0,11.301889309221709,71.595,gas,hub_to_corridor_branch
2050,edge_00223,node_00100,node_00335,0.0,5.0487350855759985,5.0487350855759985,10.675,oil,hub_to_corridor_branch
2050,edge_00226,node_00338,node_00102,5.0487350855759985,0.0,5.0487350855759985,84.372,oil,hub_to_corridor_branch
2050,edge_00264,node_00376,node_00085,15.4056024,0.0,15.4056024,136.227,oil,hub_to_corridor_branch
2050,edge_00293,node_00405,node_00085,5.391960839999999,0.0,5.391960839999999,25.045,oil,hub_to_corridor_branch
2050,edge_00296,node_00009,node_00408,0.0,0.09425706840001169,0.09425706840001169,58.533,gas,hub_to_corridor_branch
2050,edge_00322,node_00434,node_00018,0.09425706840001169,0.0,0.09425706840001169,48.289,gas,hub_to_corridor_branch
2050,edge_00406,node_00139,node_00518,0.0,10.688135739500002,10.688135739500002,146.65,gas,hub_to_corridor_branch
2050,edge_00447,node_00559,node_00139,10.688135739500002,0.0,10.688135739500002,62.523,gas,hub_to_corridor_branch
2050,edge_00451,node_00563,node_00204,5.269385642427302,0.0,5.269385642427302,172.554,oil,hub_to_corridor_branch
2050,edge_00454,node_00099,node_00566,0.0,1.8584567290909746,1.8584567290909746,30.928,gas,hub_to_corridor_branch
2050,edge_00462,node_00062,node_00574,0.0,17.759585506000015,17.759585506000015,53.426,gas,hub_to_corridor_branch
2050,edge_00463,node_00575,node_00188,33.14946156479999,0.0,33.14946156479999,20.693,gas,hub_to_corridor_branch
2050,edge_00466,node_00221,node_00578,40.0,0.0,40.0,79.206,gas,corridor_to_storage_branch
2050,edge_00469,node_00224,node_00581,39.01925224660543,0.0,39.01925224660543,12.691,oil,corridor_to_storage_branch
2050,edge_00471,node_00188,node_00583,33.14946156479999,0.0,33.14946156479999,39.255,gas,corridor_to_storage_branch
2050,edge_00510,node_00085,node_00622,20.79756324,0.0,20.79756324,35.489,oil,corridor_to_storage_branch
2050,edge_00513,node_00625,node_00224,0.0,33.74986660417813,33.74986660417813,119.483,oil,corridor_to_storage_branch
2050,edge_00516,node_00195,node_00628,5.95372043209999,0.0,5.95372043209999,41.0,gas,corridor_to_storage_branch
2050,edge_00522,node_00067,node_00634,11.779427284074123,0.0,11.779427284074123,70.339,oil,corridor_to_storage_branch
2050,edge_00526,node_00638,node_00070,0.0,20.060000000000002,20.060000000000002,55.704,oil,corridor_to_storage_branch
2050,edge_00540,node_00652,node_00067,0.0,11.779427284074123,11.779427284074123,93.227,oil,corridor_to_storage_branch
2050,edge_00550,node_00662,node_00195,0.0,5.95372043209999,5.95372043209999,42.516,gas,corridor_to_storage_branch
2050,edge_00554,node_00070,node_00666,20.060000000000002,0.0,20.060000000000002,35.675,oil,corridor_to_storage_branch
2050,edge_00555,node_00228,node_00295,35.51706846766004,0.0,35.51706846766004,167.644,triangulation,triangulation_candidate
2050,edge_00571,node_00432,node_00231,0.0,2.391331067999999,2.391331067999999,130.995,triangulation,triangulation_candidate
2050,edge_00572,node_00533,node_00231,0.0,2.818354473,2.818354473,193.576,triangulation,triangulation_candidate
2050,edge_00573,node_00231,node_00593,14.433391088999997,0.0,14.433391088999997,283.554,triangulation,triangulation_candidate
2050,edge_00579,node_00232,node_00520,13.501299933658531,0.0,13.501299933658531,111.559,triangulation,triangulation_candidate
2050,edge_00586,node_00381,node_00234,0.0,19.589121417658266,19.589121417658266,93.195,triangulation,triangulation_candidate
2050,edge_00589,node_00234,node_00582,19.589121417658266,0.0,19.589121417658266,116.494,triangulation,triangulation_candidate
2050,edge_00604,node_00241,node_00238,0.0,9.415124061839999,9.415124061839999,166.572,triangulation,triangulation_candidate
2050,edge_00607,node_00522,node_00238,0.0,11.768905077299998,11.768905077299998,125.658,triangulation,triangulation_candidate
2050,edge_00638,node_00244,node_00594,16.12,0.0,16.12,308.507,triangulation,triangulation_candidate
2050,edge_00639,node_00244,node_00605,3.6799999999999993,0.0,3.6799999999999993,198.19,triangulation,triangulation_candidate
2050,edge_00640,node_00244,node_00628,19.87202320199999,0.0,19.87202320199999,193.991,triangulation,triangulation_candidate
2050,edge_00652,node_00247,node_00273,25.06574363409998,0.0,25.06574363409998,116.028,triangulation,triangulation_candidate
2050,edge_00681,node_00643,node_00252,0.0,1.8732650228799999,1.8732650228799999,67.074,triangulation,triangulation_candidate
2050,edge_00683,node_00253,node_00444,8.966422142999999,0.0,8.966422142999999,129.088,triangulation,triangulation_candidate
2050,edge_00698,node_00257,node_00256,0.0,12.854122072007998,12.854122072007998,99.04,triangulation,triangulation_candidate
2050,edge_00699,node_00256,node_00305,13.222939933607998,0.0,13.222939933607998,149.158,triangulation,triangulation_candidate
2050,edge_00706,node_00258,node_00361,19.252377584999998,0.0,19.252377584999998,143.901,triangulation,triangulation_candidate
2050,edge_00735,node_00369,node_00263,0.0,28.3918878495,28.3918878495,81.371,triangulation,triangulation_candidate
2050,edge_00742,node_00347,node_00266,0.0,5.9894412998865665,5.9894412998865665,372.254,triangulation,triangulation_candidate
2050,edge_00758,node_00559,node_00268,0.0,3.2310708012999974,3.2310708012999974,72.16,triangulation,triangulation_candidate
2050,edge_00760,node_00268,node_00585,14.0,0.0,14.0,75.093,triangulation,triangulation_candidate
2050,edge_00775,node_00271,node_00611,0.02,0.0,0.02,5.929,triangulation,triangulation_candidate
2050,edge_00776,node_00612,node_00271,0.0,31.8778242639,31.8778242639,63.967,triangulation,triangulation_candidate
2050,edge_00784,node_00552,node_00273,0.0,31.132186280189995,31.132186280189995,128.527,triangulation,triangulation_candidate
2050,edge_00797,node_00518,node_00275,0.0,14.499320690000001,14.499320690000001,165.688,triangulation,triangulation_candidate
2050,edge_00798,node_00276,node_00289,12.9630175292,0.0,12.9630175292,261.709,triangulation,triangulation_candidate
2050,edge_00803,node_00549,node_00276,0.0,6.867287490800001,6.867287490800001,115.208,triangulation,triangulation_candidate
2050,edge_00820,node_00280,node_00380,7.715090376,0.0,7.715090376,200.772,triangulation,triangulation_candidate
2050,edge_00835,node_00464,node_00283,0.0,8.013858152663499,8.013858152663499,101.12,triangulation,triangulation_candidate
2050,edge_00836,node_00283,node_00560,24.2757377462635,0.0,24.2757377462635,209.872,triangulation,triangulation_candidate
2050,edge_00839,node_00284,node_00328,9.690504579839997,0.0,9.690504579839997,219.846,triangulation,triangulation_candidate
2050,edge_00853,node_00288,node_00397,14.5089610344,0.0,14.5089610344,66.471,triangulation,triangulation_candidate
2050,edge_00859,node_00503,node_00289,0.0,22.689292664,22.689292664,183.995,triangulation,triangulation_candidate
2050,edge_00872,node_00292,node_00613,11.066048031200005,0.0,11.066048031200005,124.315,triangulation,triangulation_candidate
2050,edge_00879,node_00294,node_00582,15.79893628764755,0.0,15.79893628764755,150.266,triangulation,triangulation_candidate
2050,edge_00881,node_00295,node_00358,34.519706317610044,0.0,34.519706317610044,94.787,triangulation,triangulation_candidate
2050,edge_00884,node_00295,node_00578,20.0,0.0,20.0,518.549,triangulation,triangulation_candidate
2050,edge_00887,node_00296,node_00376,15.4056024,0.0,15.4056024,116.123,triangulation,triangulation_candidate
2050,edge_00897,node_00299,node_00595,3.84,0.0,3.84,76.339,triangulation,triangulation_candidate
2050,edge_00951,node_00315,node_00528,12.496172232599998,0.0,12.496172232599998,80.52,triangulation,triangulation_candidate
2050,edge_00954,node_00316,node_00597,19.85450428930006,0.0,19.85450428930006,144.576,triangulation,triangulation_candidate
2050,edge_00963,node_00318,node_00560,30.262898770199996,0.0,30.262898770199996,188.595,triangulation,triangulation_candidate
2050,edge_00979,node_00321,node_00558,5.481763484399999,0.0,5.481763484399999,75.52,triangulation,triangulation_candidate
2050,edge_00991,node_00323,node_00558,17.771022766815868,0.0,17.771022766815868,132.634,triangulation,triangulation_candidate
2050,edge_01006,node_00326,node_00589,3.9577483679999985,0.0,3.9577483679999985,152.66,triangulation,triangulation_candidate
2050,edge_01011,node_00476,node_00328,0.0,1.9911995711999997,1.9911995711999997,127.827,triangulation,triangulation_candidate
2050,edge_01013,node_00328,node_00535,11.681704151039996,0.0,11.681704151039996,78.891,triangulation,triangulation_candidate
2050,edge_01029,node_00332,node_00455,2.7126482192000014,0.0,2.7126482192000014,106.556,triangulation,triangulation_candidate
2050,edge_01037,node_00335,node_00367,5.0487350855759985,0.0,5.0487350855759985,136.932,triangulation,triangulation_candidate
2050,edge_01044,node_00336,node_00639,20.32,0.0,20.32,90.279,triangulation,triangulation_candidate
2050,edge_01045,node_00336,node_00652,11.800681004000003,0.0,11.800681004000003,74.533,triangulation,triangulation_candidate
2050,edge_01055,node_00506,node_00338,0.0,4.549873910399999,4.549873910399999,89.33,triangulation,triangulation_candidate
2050,edge_01058,node_00496,node_00339,0.0,23.252786251215866,23.252786251215866,112.061,triangulation,triangulation_candidate
2050,edge_01063,node_00340,node_00457,10.05571914,0.0,10.05571914,194.861,triangulation,triangulation_candidate
2050,edge_01068,node_00420,node_00341,0.0,5.5654707654,5.5654707654,171.813,triangulation,triangulation_candidate
2050,edge_01082,node_00430,node_00347,0.0,5.9894412998865665,5.9894412998865665,88.76,triangulation,triangulation_candidate
2050,edge_01087,node_00560,node_00348,0.0,38.54721374878413,38.54721374878413,110.043,triangulation,triangulation_candidate
2050,edge_01089,node_00361,node_00349,0.0,31.005495710699996,31.005495710699996,166.908,triangulation,triangulation_candidate
2050,edge_01103,node_00352,node_00590,27.6834456803056,0.0,27.6834456803056,161.063,triangulation,triangulation_candidate
2050,edge_01115,node_00540,node_00355,0.0,3.5857235519999975,3.5857235519999975,351.523,triangulation,triangulation_candidate
2050,edge_01117,node_00355,node_00599,7.9334133587999975,0.0,7.9334133587999975,199.944,triangulation,triangulation_candidate
2050,edge_01120,node_00574,node_00356,0.0,17.759585506000015,17.759585506000015,71.333,triangulation,triangulation_candidate
2050,edge_01121,node_00356,node_00593,37.759585506,0.0,37.759585506,290.89,triangulation,triangulation_candidate
2050,edge_01127,node_00358,node_00578,34.519706317610044,0.0,34.519706317610044,447.872,triangulation,triangulation_candidate
2050,edge_01128,node_00363,node_00359,0.0,3.507285566399999,3.507285566399999,92.988,triangulation,triangulation_candidate
2050,edge_01129,node_00536,node_00359,0.0,8.540468099999998,8.540468099999998,147.395,triangulation,triangulation_candidate
2050,edge_01130,node_00359,node_00612,16.981717059359994,0.0,16.981717059359994,166.132,triangulation,triangulation_candidate
2050,edge_01138,node_00360,node_00586,13.8,0.0,13.8,127.908,triangulation,triangulation_candidate
2050,edge_01151,node_00364,node_00659,6.275016216000001,0.0,6.275016216000001,30.853,triangulation,triangulation_candidate
2050,edge_01194,node_00380,node_00483,13.5702928935,0.0,13.5702928935,192.821,triangulation,triangulation_candidate
2050,edge_01214,node_00387,node_00603,14.065701998399994,0.0,14.065701998399994,24.911,triangulation,triangulation_candidate
2050,edge_01216,node_00388,node_00436,15.915982572899999,0.0,15.915982572899999,77.942,triangulation,triangulation_candidate
2050,edge_01219,node_00524,node_00388,0.0,13.8332872008,13.8332872008,137.787,triangulation,triangulation_candidate
2050,edge_01244,node_00397,node_00474,14.5089610344,0.0,14.5089610344,90.907,triangulation,triangulation_candidate
2050,edge_01250,node_00399,node_00655,12.902259679679995,0.0,12.902259679679995,165.374,triangulation,triangulation_candidate
2050,edge_01271,node_00403,node_00596,6.140000000000001,0.0,6.140000000000001,107.331,triangulation,triangulation_candidate
2050,edge_01276,node_00404,node_00632,5.909281738079999,0.0,5.909281738079999,158.942,triangulation,triangulation_candidate
2050,edge_01281,node_00407,node_00627,0.52,0.0,0.52,203.263,triangulation,triangulation_candidate
2050,edge_01284,node_00556,node_00408,0.0,0.4482154439999998,0.4482154439999998,75.408,triangulation,triangulation_candidate
2050,edge_01285,node_00408,node_00601,20.06225509860001,0.0,20.06225509860001,263.134,triangulation,triangulation_candidate
2050,edge_01293,node_00410,node_00663,1.210181698799991,0.0,1.210181698799991,191.225,triangulation,triangulation_candidate
2050,edge_01302,node_00459,node_00414,0.0,5.124280859999999,5.124280859999999,240.379,triangulation,triangulation_candidate
2050,edge_01305,node_00414,node_00555,17.539208318678142,0.0,17.539208318678142,76.132,triangulation,triangulation_candidate
2050,edge_01306,node_00567,node_00414,0.0,11.560880648678143,11.560880648678143,266.991,triangulation,triangulation_candidate
2050,edge_01309,node_00415,node_00587,17.928617760000034,0.0,17.928617760000034,270.759,triangulation,triangulation_candidate
2050,edge_01313,node_00544,node_00417,0.0,5.8316171445,5.8316171445,78.507,triangulation,triangulation_candidate
2050,edge_01314,node_00417,node_00662,14.7308635509,0.0,14.7308635509,77.862,triangulation,triangulation_candidate
2050,edge_01319,node_00505,node_00419,0.0,6.190646707999949,6.190646707999949,166.587,triangulation,triangulation_candidate
2050,edge_01320,node_00419,node_00597,40.0,0.0,40.0,104.063,triangulation,triangulation_candidate
2050,edge_01339,node_00424,node_00524,5.7427998408,0.0,5.7427998408,121.464,triangulation,triangulation_candidate
2050,edge_01347,node_00427,node_00451,9.053951968799998,0.0,9.053951968799998,457.982,triangulation,triangulation_candidate
2050,edge_01349,node_00483,node_00428,0.0,15.802158323699999,15.802158323699999,98.093,triangulation,triangulation_candidate
2050,edge_01357,node_00516,node_00430,0.0,2.0326314077999994,2.0326314077999994,86.68,triangulation,triangulation_candidate
2050,edge_01360,node_00431,node_00483,2.066542065,0.0,2.066542065,112.415,triangulation,triangulation_candidate
2050,edge_01371,node_00434,node_00590,39.90574293159998,0.0,39.90574293159998,108.144,triangulation,triangulation_candidate
2050,edge_01374,node_00436,node_00552,26.439074979299996,0.0,26.439074979299996,186.684,triangulation,triangulation_candidate
2050,edge_01395,node_00441,node_00580,4.325279034599999,0.0,4.325279034599999,290.959,triangulation,triangulation_candidate
2050,edge_01403,node_00444,node_00566,10.161945095399998,0.0,10.161945095399998,103.592,triangulation,triangulation_candidate
2050,edge_01410,node_00624,node_00446,0.0,14.088173505279999,14.088173505279999,16.33,triangulation,triangulation_candidate
2050,edge_01411,node_00446,node_00625,33.86986660417813,0.0,33.86986660417813,60.736,triangulation,triangulation_candidate
2050,edge_01412,node_00632,node_00446,0.0,17.45814057081813,17.45814057081813,92.132,triangulation,triangulation_candidate
2050,edge_01434,node_00455,node_00592,5.66,0.0,5.66,136.066,triangulation,triangulation_candidate
2050,edge_01449,node_00601,node_00460,0.0,26.560853399400006,26.560853399400006,81.66,triangulation,triangulation_candidate
2050,edge_01457,node_00465,node_00589,8.480889359999997,0.0,8.480889359999997,230.708,triangulation,triangulation_candidate
2050,edge_01462,node_00467,node_00584,8.201327579999997,0.0,8.201327579999997,41.772,triangulation,triangulation_candidate
2050,edge_01468,node_00469,node_00623,7.00116162279997,0.0,7.00116162279997,183.359,triangulation,triangulation_candidate
2050,edge_01469,node_00469,node_00659,9.282829344,0.0,9.282829344,96.674,triangulation,triangulation_candidate
2050,edge_01471,node_00471,node_00477,12.557939373839996,0.0,12.557939373839996,106.003,triangulation,triangulation_candidate
2050,edge_01473,node_00535,node_00471,0.0,12.557939373839996,12.557939373839996,439.197,triangulation,triangulation_candidate
2050,edge_01481,node_00474,node_00609,19.71194229469419,0.0,19.71194229469419,102.905,triangulation,triangulation_candidate
2050,edge_01485,node_00557,node_00477,0.0,5.268632514160017,5.268632514160017,99.488,triangulation,triangulation_candidate
2050,edge_01492,node_00478,node_00635,0.16,0.0,0.16,22.225,triangulation,triangulation_candidate
2050,edge_01506,node_00487,node_00634,11.2220155278,0.0,11.2220155278,99.246,triangulation,triangulation_candidate
2050,edge_01509,node_00571,node_00488,0.0,13.402744941199993,13.402744941199993,136.152,triangulation,triangulation_candidate
2050,edge_01510,node_00488,node_00580,16.540253049199993,0.0,16.540253049199993,430.71,triangulation,triangulation_candidate
2050,edge_01516,node_00491,node_00655,4.749298041599998,0.0,4.749298041599998,90.109,triangulation,triangulation_candidate
2050,edge_01526,node_00558,node_00496,0.0,23.252786251215866,23.252786251215866,79.928,triangulation,triangulation_candidate
2050,edge_01529,node_00497,node_00663,1.9431215812944247,0.0,1.9431215812944247,95.606,triangulation,triangulation_candidate
2050,edge_01530,node_00499,node_00588,4.589803547999999,0.0,4.589803547999999,216.083,triangulation,triangulation_candidate
2050,edge_01548,node_00508,node_00613,9.053951968799996,0.0,9.053951968799996,10.542,triangulation,triangulation_candidate
2050,edge_01557,node_00591,node_00515,0.0,1.9557191400000016,1.9557191400000016,175.203,triangulation,triangulation_candidate
2050,edge_01559,node_00515,node_00604,1.9557191400000016,0.0,1.9557191400000016,192.269,triangulation,triangulation_candidate
2050,edge_01564,node_00520,node_00589,14.260816274458543,0.0,14.260816274458543,186.242,triangulation,triangulation_candidate
2050,edge_01571,node_00525,node_00659,4.4821544399999995,0.0,4.4821544399999995,67.308,triangulation,triangulation_candidate
2050,edge_01574,node_00528,node_00575,12.768598142999998,0.0,12.768598142999998,105.032,triangulation,triangulation_candidate
2050,edge_01576,node_00529,node_00601,3.1375081079999996,0.0,3.1375081079999996,52.825,triangulation,triangulation_candidate
2050,edge_01580,node_00593,node_00531,0.0,16.512976595,16.512976595,349.941,triangulation,triangulation_candidate
2050,edge_01581,node_00531,node_00602,16.94,0.0,16.94,56.137,triangulation,triangulation_candidate
2050,edge_01595,node_00548,node_00643,1.8932650228799999,0.0,1.8932650228799999,55.616,triangulation,triangulation_candidate
2050,edge_01597,node_00549,node_00631,0.3,0.0,0.3,59.566,triangulation,triangulation_candidate
2050,edge_01600,node_00555,node_00632,26.984966037278138,0.0,26.984966037278138,208.259,triangulation,triangulation_candidate
2050,edge_01603,node_00607,node_00557,0.0,27.121833382640016,27.121833382640016,374.486,triangulation,triangulation_candidate
2050,edge_01605,node_00559,node_00630,0.6,0.0,0.6,93.872,triangulation,triangulation_candidate
2050,edge_01606,node_00560,node_00576,29.29479623519737,0.0,29.29479623519737,163.299,triangulation,triangulation_candidate
2050,edge_01607,node_00561,node_00636,0.16,0.0,0.16,56.462,triangulation,triangulation_candidate
2050,edge_01613,node_00571,node_00606,4.346586641200004,0.0,4.346586641200004,374.333,triangulation,triangulation_candidate
2050,edge_01621,node_00651,node_00578,0.0,28.151887849500003,28.151887849500003,17.222,triangulation,triangulation_candidate
2050,edge_01622,node_00610,node_00579,0.0,40.0,40.0,278.132,triangulation,triangulation_candidate
2050,edge_01624,node_00609,node_00582,0.0,13.39194229469419,13.39194229469419,12.65,triangulation,triangulation_candidate
2050,edge_01625,node_00662,node_00583,0.0,8.35714311880001,8.35714311880001,51.052,triangulation,triangulation_candidate
2050,edge_01626,node_00615,node_00584,0.0,20.798672420000003,20.798672420000003,82.264,triangulation,triangulation_candidate
2050,edge_01629,node_00623,node_00587,0.0,2.831382239999968,2.831382239999968,32.195,triangulation,triangulation_candidate
2050,edge_01632,node_00655,node_00589,0.0,17.631557721279997,17.631557721279997,50.996,triangulation,triangulation_candidate
2050,edge_01635,node_00642,node_00590,0.0,3.113303280094416,3.113303280094416,68.978,triangulation,triangulation_candidate
2050,edge_01642,node_00596,node_00637,0.28,0.0,0.28,41.278,triangulation,triangulation_candidate
2050,edge_01645,node_00606,node_00599,0.0,1.8665866412000032,1.8665866412000032,301.3,triangulation,triangulation_candidate
2050,edge_01646,node_00600,node_00604,0.1842808599999985,0.0,0.1842808599999985,115.056,triangulation,triangulation_candidate
2050,edge_01647,node_00603,node_00645,0.36,0.0,0.36,37.435,triangulation,triangulation_candidate
2050,edge_01649,node_00627,node_00608,0.0,0.44,0.44,77.847,triangulation,triangulation_candidate
2050,edge_01655,node_00664,node_00612,0.0,15.316107204540007,15.316107204540007,95.013,triangulation,triangulation_candidate
2050,edge_01660,node_00616,node_00638,20.12,0.0,20.12,49.846,triangulation,triangulation_candidate
2050,edge_01661,node_00639,node_00616,0.0,20.3,20.3,89.842,triangulation,triangulation_candidate
2050,edge_01682,node_00632,node_00658,15.356107204540006,0.0,15.356107204540006,64.226,triangulation,triangulation_candidate
2050,edge_01695,node_00663,node_00642,0.0,3.133303280094416,3.133303280094416,56.184,triangulation,triangulation_candidate
2050,edge_01703,node_00658,node_00664,15.336107204540006,0.0,15.336107204540006,30.76,triangulation,triangulation_candidate
2050,edge_01715,node_00230,node_00589,25.69064022756,0.0,25.69064022756,194.882,direct_source_sink,runtime_direct_fallback
2050,edge_01753,node_00238,node_00579,21.184029139139994,0.0,21.184029139139994,334.623,direct_source_sink,runtime_direct_fallback
2050,edge_01793,node_00628,node_00247,0.0,25.06574363409998,25.06574363409998,293.654,direct_source_sink,runtime_direct_fallback
2050,edge_01817,node_00252,node_00624,14.208173505279998,0.0,14.208173505279998,187.955,direct_source_sink,runtime_direct_fallback
2050,edge_01870,node_00263,node_00651,28.3918878495,0.0,28.3918878495,512.154,direct_source_sink,runtime_direct_fallback
2050,edge_01876,node_00265,node_00589,19.472121970559996,0.0,19.472121970559996,100.09,direct_source_sink,runtime_direct_fallback
2050,edge_01883,node_00266,node_00581,11.913528552886564,0.0,11.913528552886564,167.887,direct_source_sink,runtime_direct_fallback
2050,edge_01901,node_00271,node_00581,40.0,0.0,40.0,28.337,direct_source_sink,runtime_direct_fallback
2050,edge_01909,node_00273,node_00578,16.197929914289976,0.0,16.197929914289976,360.476,direct_source_sink,runtime_direct_fallback
2050,edge_01923,node_00275,node_00597,20.0,0.0,20.0,321.908,direct_source_sink,runtime_direct_fallback
2050,edge_01988,node_00289,node_00580,40.0,0.0,40.0,337.415,direct_source_sink,runtime_direct_fallback
2050,edge_02055,node_00304,node_00607,27.761833382640017,0.0,27.761833382640017,13.634,direct_source_sink,runtime_direct_fallback
2050,edge_02061,node_00305,node_00581,27.578518811807996,0.0,27.578518811807996,149.968,direct_source_sink,runtime_direct_fallback
2050,edge_02064,node_00306,node_00615,21.658672420000002,0.0,21.658672420000002,128.884,direct_source_sink,runtime_direct_fallback
2050,edge_02117,node_00634,node_00316,0.0,22.981442811874118,22.981442811874118,182.262,direct_source_sink,runtime_direct_fallback
2050,edge_02216,node_00339,node_00610,23.252786251215866,0.0,23.252786251215866,256.861,direct_source_sink,runtime_direct_fallback
2050,edge_02227,node_00341,node_00579,29.96719964215263,0.0,29.96719964215263,500.618,direct_source_sink,runtime_direct_fallback
2050,edge_02257,node_00348,node_00610,18.54721374878413,0.0,18.54721374878413,225.679,direct_source_sink,runtime_direct_fallback
2050,edge_02258,node_00348,node_00579,20.0,0.0,20.0,470.404,direct_source_sink,runtime_direct_fallback
2050,edge_02263,node_00349,node_00597,31.005495710699996,0.0,31.005495710699996,180.041,direct_source_sink,runtime_direct_fallback
2050,edge_02291,node_00666,node_00356,0.0,20.0,20.0,254.653,direct_source_sink,runtime_direct_fallback
2050,edge_02338,node_00367,node_00579,39.92795059853905,0.0,39.92795059853905,327.515,direct_source_sink,runtime_direct_fallback
2050,edge_02404,node_00382,node_00598,9.2,0.0,9.2,33.295,direct_source_sink,runtime_direct_fallback
2050,edge_02466,node_00395,node_00601,7.2610901927999985,0.0,7.2610901927999985,362.187,direct_source_sink,runtime_direct_fallback
2050,edge_02571,node_00622,node_00419,0.0,20.63756324,20.63756324,96.771,direct_source_sink,runtime_direct_fallback
2050,edge_02615,node_00428,node_00581,17.8687003887,0.0,17.8687003887,153.078,direct_source_sink,runtime_direct_fallback
2050,edge_02716,node_00451,node_00580,13.984321852799997,0.0,13.984321852799997,398.28,direct_source_sink,runtime_direct_fallback
2050,edge_02743,node_00457,node_00591,10.05571914,0.0,10.05571914,126.304,direct_source_sink,runtime_direct_fallback
2050,edge_02757,node_00460,node_00580,29.250146063400006,0.0,29.250146063400006,261.398,direct_source_sink,runtime_direct_fallback
2050,edge_02833,node_00477,node_00588,19.960000000000015,0.0,19.960000000000015,516.052,direct_source_sink,runtime_direct_fallback
2050,edge_02870,node_00485,node_00580,40.0,0.0,40.0,245.322,direct_source_sink,runtime_direct_fallback
2050,edge_02871,node_00613,node_00485,0.0,20.0,20.0,471.612,direct_source_sink,runtime_direct_fallback
2050,edge_02872,node_00590,node_00485,0.0,16.862491891999998,16.862491891999998,487.601,direct_source_sink,runtime_direct_fallback
2050,edge_02951,node_00659,node_00503,0.0,20.0,20.0,212.591,direct_source_sink,runtime_direct_fallback
2050,edge_02968,node_00507,node_00583,5.693395316399999,0.0,5.693395316399999,103.03,direct_source_sink,runtime_direct_fallback
2050,edge_03119,node_00541,node_00600,5.124280859999999,0.0,5.124280859999999,324.009,direct_source_sink,runtime_direct_fallback
2050,edge_03156,node_00623,node_00549,0.0,4.029779382800001,4.029779382800001,31.672,direct_source_sink,runtime_direct_fallback
2050,edge_03195,node_00557,node_00588,27.190196451999988,0.0,27.190196451999988,497.278,direct_source_sink,runtime_direct_fallback
2050,edge_03234,node_00566,node_00579,14.650552319770973,0.0,14.650552319770973,373.818,direct_source_sink,runtime_direct_fallback
2050,edge_03247,node_00569,node_00578,24.710475918599997,0.0,24.710475918599997,370.497,direct_source_sink,runtime_direct_fallback
2050,edge_03279,node_00576,node_00579,34.27026830039737,0.0,34.27026830039737,402.826,direct_source_sink,runtime_direct_fallback
2060,edge_00005,node_00018,node_00009,0.0,3.354277397760022,3.354277397760022,445.455,gas,existing_main_corridor
2060,edge_00050,node_00078,node_00099,5.106244341551575,0.0,5.106244341551575,368.961,gas,existing_main_corridor
2060,edge_00080,node_00217,node_00221,40.0,0.0,40.0,169.848,gas,existing_main_corridor
2060,edge_00098,node_00204,node_00224,5.42321300553509,0.0,5.42321300553509,371.075,oil,existing_main_corridor
2060,edge_00101,node_00102,node_00100,5.0487350855759985,0.0,5.0487350855759985,193.265,oil,existing_main_corridor
2060,edge_00116,node_00190,node_00228,0.0,35.83855149134399,35.83855149134399,75.565,gas,hub_to_corridor_branch
2060,edge_00161,node_00273,node_00217,40.0,0.0,40.0,110.087,gas,hub_to_corridor_branch
2060,edge_00178,node_00290,node_00062,6.9160344247493395,0.0,6.9160344247493395,24.605,gas,hub_to_corridor_branch
2060,edge_00181,node_00293,node_00190,35.83855149134399,0.0,35.83855149134399,120.657,gas,hub_to_corridor_branch
2060,edge_00194,node_00306,node_00078,5.106244341551575,0.0,5.106244341551575,26.58,gas,hub_to_corridor_branch
2060,edge_00204,node_00316,node_00062,1.4877262013741128,0.0,1.4877262013741128,71.595,gas,hub_to_corridor_branch
2060,edge_00223,node_00100,node_00335,0.0,5.0487350855759985,5.0487350855759985,10.675,oil,hub_to_corridor_branch
2060,edge_00224,node_00076,node_00336,0.0,11.865044929240016,11.865044929240016,99.141,gas,hub_to_corridor_branch
2060,edge_00226,node_00338,node_00102,5.0487350855759985,0.0,5.0487350855759985,84.372,oil,hub_to_corridor_branch
2060,edge_00264,node_00376,node_00085,14.378562239999997,0.0,14.378562239999997,136.227,oil,hub_to_corridor_branch
2060,edge_00286,node_00398,node_00076,9.348796537240016,0.0,9.348796537240016,64.145,gas,hub_to_corridor_branch
2060,edge_00293,node_00405,node_00085,5.391960839999999,0.0,5.391960839999999,25.045,oil,hub_to_corridor_branch
2060,edge_00296,node_00009,node_00408,0.0,3.354277397760022,3.354277397760022,58.533,gas,hub_to_corridor_branch
2060,edge_00322,node_00434,node_00018,3.354277397760022,0.0,3.354277397760022,48.289,gas,hub_to_corridor_branch
2060,edge_00378,node_00490,node_00076,2.516248391999999,0.0,2.516248391999999,28.765,gas,hub_to_corridor_branch
2060,edge_00406,node_00139,node_00518,0.0,10.942214736200002,10.942214736200002,146.65,gas,hub_to_corridor_branch
2060,edge_00447,node_00559,node_00139,10.942214736200002,0.0,10.942214736200002,62.523,gas,hub_to_corridor_branch
2060,edge_00451,node_00563,node_00204,5.42321300553509,0.0,5.42321300553509,172.554,oil,hub_to_corridor_branch
2060,edge_00454,node_00099,node_00566,0.0,5.106244341551573,5.106244341551573,30.928,gas,hub_to_corridor_branch
2060,edge_00462,node_00062,node_00574,0.0,8.403760626123454,8.403760626123454,53.426,gas,hub_to_corridor_branch
2060,edge_00463,node_00575,node_00188,33.14946156479999,0.0,33.14946156479999,20.693,gas,hub_to_corridor_branch
2060,edge_00466,node_00221,node_00578,40.0,0.0,40.0,79.206,gas,corridor_to_storage_branch
2060,edge_00469,node_00224,node_00581,39.17307960971322,0.0,39.17307960971322,12.691,oil,corridor_to_storage_branch
2060,edge_00471,node_00188,node_00583,33.14946156479999,0.0,33.14946156479999,39.255,gas,corridor_to_storage_branch
2060,edge_00510,node_00085,node_00622,19.770523079999997,0.0,19.770523079999997,35.489,oil,corridor_to_storage_branch
2060,edge_00513,node_00625,node_00224,0.0,33.74986660417813,33.74986660417813,119.483,oil,corridor_to_storage_branch
2060,edge_00516,node_00195,node_00628,13.779766472532053,0.0,13.779766472532053,41.0,gas,corridor_to_storage_branch
2060,edge_00522,node_00067,node_00634,5.491989834354121,0.0,5.491989834354121,70.339,oil,corridor_to_storage_branch
2060,edge_00526,node_00638,node_00070,0.0,20.060000000000002,20.060000000000002,55.704,oil,corridor_to_storage_branch
2060,edge_00540,node_00652,node_00067,0.0,5.491989834354121,5.491989834354121,93.227,oil,corridor_to_storage_branch
2060,edge_00550,node_00662,node_00195,0.0,13.779766472532053,13.779766472532053,42.516,gas,corridor_to_storage_branch
2060,edge_00554,node_00070,node_00666,20.060000000000002,0.0,20.060000000000002,35.675,oil,corridor_to_storage_branch
2060,edge_00555,node_00228,node_00295,35.83855149134399,0.0,35.83855149134399,167.644,triangulation,triangulation_candidate
2060,edge_00571,node_00432,node_00231,0.0,16.28075868218212,16.28075868218212,130.995,triangulation,triangulation_candidate
2060,edge_00572,node_00533,node_00231,0.0,2.6304641747999993,2.6304641747999993,193.576,triangulation,triangulation_candidate
2060,edge_00573,node_00231,node_00593,24.142323572193877,0.0,24.142323572193877,283.554,triangulation,triangulation_candidate
2060,edge_00579,node_00232,node_00520,13.501299933658549,0.0,13.501299933658549,111.559,triangulation,triangulation_candidate
2060,edge_00586,node_00381,node_00234,0.0,18.28317998981438,18.28317998981438,93.195,triangulation,triangulation_candidate
2060,edge_00589,node_00234,node_00582,18.28317998981438,0.0,18.28317998981438,116.494,triangulation,triangulation_candidate
2060,edge_00604,node_00241,node_00238,0.0,9.415124061839999,9.415124061839999,166.572,triangulation,triangulation_candidate
2060,edge_00607,node_00522,node_00238,0.0,11.768905077299998,11.768905077299998,125.658,triangulation,triangulation_candidate
2060,edge_00638,node_00244,node_00594,16.12,0.0,16.12,308.507,triangulation,triangulation_candidate
2060,edge_00639,node_00244,node_00605,3.68,0.0,3.68,198.19,triangulation,triangulation_candidate
2060,edge_00640,node_00244,node_00628,17.227221655199994,0.0,17.227221655199994,193.991,triangulation,triangulation_candidate
2060,edge_00652,node_00247,node_00273,30.246988127732045,0.0,30.246988127732045,116.028,triangulation,triangulation_candidate
2060,edge_00681,node_00643,node_00252,0.0,1.8732650228799994,1.8732650228799994,67.074,triangulation,triangulation_candidate
2060,edge_00683,node_00253,node_00444,8.368660666799999,0.0,8.368660666799999,129.088,triangulation,triangulation_candidate
2060,edge_00698,node_00257,node_00256,0.0,12.854122072007998,12.854122072007998,99.04,triangulation,triangulation_candidate
2060,edge_00699,node_00256,node_00305,13.198352076167998,0.0,13.198352076167998,149.158,triangulation,triangulation_candidate
2060,edge_00706,node_00258,node_00361,19.252377584999998,0.0,19.252377584999998,143.901,triangulation,triangulation_candidate
2060,edge_00712,node_00598,node_00258,0.0,1.2834918389999999,1.2834918389999999,129.91,triangulation,triangulation_candidate
2060,edge_00735,node_00369,node_00263,0.0,26.4990953262,26.4990953262,81.371,triangulation,triangulation_candidate
2060,edge_00742,node_00347,node_00266,0.0,6.146762293898783,6.146762293898783,372.254,triangulation,triangulation_candidate
2060,edge_00758,node_00559,node_00268,0.0,2.009044701879995,2.009044701879995,72.16,triangulation,triangulation_candidate
2060,edge_00760,node_00268,node_00585,14.0,0.0,14.0,75.093,triangulation,triangulation_candidate
2060,edge_00775,node_00271,node_00611,0.02,0.0,0.02,5.929,triangulation,triangulation_candidate
2060,edge_00776,node_00612,node_00271,0.0,31.8778242639,31.8778242639,63.967,triangulation,triangulation_candidate
2060,edge_00784,node_00552,node_00273,0.0,30.436458870743998,30.436458870743998,128.527,triangulation,triangulation_candidate
2060,edge_00797,node_00518,node_00275,0.0,14.499320690000001,14.499320690000001,165.688,triangulation,triangulation_candidate
2060,edge_00798,node_00276,node_00289,13.432149693920003,0.0,13.432149693920003,261.709,triangulation,triangulation_candidate
2060,edge_00803,node_00549,node_00276,0.0,7.742801658080005,7.742801658080005,115.208,triangulation,triangulation_candidate
2060,edge_00820,node_00280,node_00380,7.715090376000009,0.0,7.715090376000009,200.772,triangulation,triangulation_candidate
2060,edge_00835,node_00464,node_00283,0.0,10.194014073599998,10.194014073599998,101.12,triangulation,triangulation_candidate
2060,edge_00836,node_00283,node_00560,26.455893667199998,0.0,26.455893667199998,209.872,triangulation,triangulation_candidate
2060,edge_00839,node_00284,node_00328,37.13256520600001,0.0,37.13256520600001,219.846,triangulation,triangulation_candidate
2060,edge_00853,node_00288,node_00397,13.54169696544,0.0,13.54169696544,66.471,triangulation,triangulation_candidate
2060,edge_00859,node_00503,node_00289,0.0,22.5100064864,22.5100064864,183.995,triangulation,triangulation_candidate
2060,edge_00872,node_00292,node_00613,11.669644829120006,0.0,11.669644829120006,124.315,triangulation,triangulation_candidate
2060,edge_00879,node_00294,node_00582,18.419007201804384,0.0,18.419007201804384,150.266,triangulation,triangulation_candidate
2060,edge_00881,node_00295,node_00358,34.519706317610044,0.0,34.519706317610044,94.787,triangulation,triangulation_candidate
2060,edge_00884,node_00295,node_00578,19.05464050035394,0.0,19.05464050035394,518.549,triangulation,triangulation_candidate
2060,edge_00887,node_00296,node_00376,14.378562239999997,0.0,14.378562239999997,116.123,triangulation,triangulation_candidate
2060,edge_00897,node_00299,node_00595,3.84,0.0,3.84,76.339,triangulation,triangulation_candidate
2060,edge_00916,node_00423,node_00304,0.0,0.5020012972799999,0.5020012972799999,216.092,triangulation,triangulation_candidate
2060,edge_00926,node_00527,node_00306,0.0,5.362351394399999,5.362351394399999,156.279,triangulation,triangulation_candidate
2060,edge_00951,node_00315,node_00528,12.496172232599998,0.0,12.496172232599998,80.52,triangulation,triangulation_candidate
2060,edge_00954,node_00316,node_00597,21.49371661050001,0.0,21.49371661050001,144.576,triangulation,triangulation_candidate
2060,edge_00963,node_00318,node_00560,28.245372185519997,0.0,28.245372185519997,188.595,triangulation,triangulation_candidate
2060,edge_00979,node_00321,node_00558,5.4817634844,0.0,5.4817634844,75.52,triangulation,triangulation_candidate
2060,edge_00985,node_00322,node_00583,7.826046040432063,0.0,7.826046040432063,161.268,triangulation,triangulation_candidate
2060,edge_00991,node_00323,node_00558,17.771022766815875,0.0,17.771022766815875,132.634,triangulation,triangulation_candidate
2060,edge_00997,node_00324,node_00634,7.035571818239999,0.0,7.035571818239999,216.556,triangulation,triangulation_candidate
2060,edge_01006,node_00326,node_00589,3.9577483679999985,0.0,3.9577483679999985,152.66,triangulation,triangulation_candidate
2060,edge_01011,node_00476,node_00328,0.0,1.9911995711999997,1.9911995711999997,127.827,triangulation,triangulation_candidate
2060,edge_01013,node_00328,node_00535,39.12376477720001,0.0,39.12376477720001,78.891,triangulation,triangulation_candidate
2060,edge_01029,node_00332,node_00455,2.7126482192000085,0.0,2.7126482192000085,106.556,triangulation,triangulation_candidate
2060,edge_01037,node_00335,node_00367,5.0487350855759985,0.0,5.0487350855759985,136.932,triangulation,triangulation_candidate
2060,edge_01044,node_00336,node_00639,20.32,0.0,20.32,90.279,triangulation,triangulation_candidate
2060,edge_01045,node_00336,node_00652,21.524347199640008,0.0,21.524347199640008,74.533,triangulation,triangulation_candidate
2060,edge_01055,node_00506,node_00338,0.0,4.549873910399999,4.549873910399999,89.33,triangulation,triangulation_candidate
2060,edge_01058,node_00496,node_00339,0.0,23.252786251215873,23.252786251215873,112.061,triangulation,triangulation_candidate
2060,edge_01063,node_00340,node_00457,10.240000000000002,0.0,10.240000000000002,194.861,triangulation,triangulation_candidate
2060,edge_01068,node_00420,node_00341,0.0,5.194439381039999,5.194439381039999,171.813,triangulation,triangulation_candidate
2060,edge_01082,node_00430,node_00347,0.0,6.146762293898783,6.146762293898783,88.76,triangulation,triangulation_candidate
2060,edge_01087,node_00560,node_00348,0.0,37.82295152053942,37.82295152053942,110.043,triangulation,triangulation_candidate
2060,edge_01089,node_00361,node_00349,0.0,31.005495710699996,31.005495710699996,166.908,triangulation,triangulation_candidate
2060,edge_01103,node_00352,node_00590,33.01632979568002,0.0,33.01632979568002,161.063,triangulation,triangulation_candidate
2060,edge_01115,node_00540,node_00355,0.0,3.346675315199999,3.346675315199999,351.523,triangulation,triangulation_candidate
2060,edge_01117,node_00355,node_00599,7.4045191348799975,0.0,7.4045191348799975,199.944,triangulation,triangulation_candidate
2060,edge_01120,node_00574,node_00356,0.0,8.403760626123454,8.403760626123454,71.333,triangulation,triangulation_candidate
2060,edge_01121,node_00356,node_00593,28.403760626123454,0.0,28.403760626123454,290.89,triangulation,triangulation_candidate
2060,edge_01127,node_00358,node_00578,34.519706317610044,0.0,34.519706317610044,447.872,triangulation,triangulation_candidate
2060,edge_01128,node_00363,node_00359,0.0,3.507285566399999,3.507285566399999,92.988,triangulation,triangulation_candidate
2060,edge_01129,node_00536,node_00359,0.0,7.971103559999997,7.971103559999997,147.395,triangulation,triangulation_candidate
2060,edge_01130,node_00359,node_00612,16.412352519359995,0.0,16.412352519359995,166.132,triangulation,triangulation_candidate
2060,edge_01138,node_00360,node_00586,13.8,0.0,13.8,127.908,triangulation,triangulation_candidate
2060,edge_01151,node_00364,node_00659,6.275016215999998,0.0,6.275016215999998,30.853,triangulation,triangulation_candidate
2060,edge_01177,node_00374,node_00541,14.046765478182124,0.0,14.046765478182124,117.988,triangulation,triangulation_candidate
2060,edge_01178,node_00546,node_00374,0.0,1.6118439245821283,1.6118439245821283,78.096,triangulation,triangulation_candidate
2060,edge_01194,node_00380,node_00483,13.570292893500007,0.0,13.570292893500007,192.821,triangulation,triangulation_candidate
2060,edge_01214,node_00387,node_00603,13.127988531839994,0.0,13.127988531839994,24.911,triangulation,triangulation_candidate
2060,edge_01216,node_00388,node_00436,15.533129250179998,0.0,15.533129250179998,77.942,triangulation,triangulation_candidate
2060,edge_01219,node_00524,node_00388,0.0,13.450433878079998,13.450433878079998,137.787,triangulation,triangulation_candidate
2060,edge_01244,node_00397,node_00474,13.54169696544,0.0,13.54169696544,90.907,triangulation,triangulation_candidate
2060,edge_01250,node_00399,node_00655,12.902259679679995,0.0,12.902259679679995,165.374,triangulation,triangulation_candidate
2060,edge_01271,node_00403,node_00596,6.140000000000001,0.0,6.140000000000001,107.331,triangulation,triangulation_candidate
2060,edge_01276,node_00404,node_00632,5.909281738079999,0.0,5.909281738079999,158.942,triangulation,triangulation_candidate
2060,edge_01284,node_00556,node_00408,0.0,0.41833441439999974,0.41833441439999974,75.408,triangulation,triangulation_candidate
2060,edge_01285,node_00408,node_00601,21.991075559280016,0.0,21.991075559280016,263.134,triangulation,triangulation_candidate
2060,edge_01293,node_00410,node_00663,1.1295029188799994,0.0,1.1295029188799994,191.225,triangulation,triangulation_candidate
2060,edge_01302,node_00459,node_00414,0.0,4.782662135999998,4.782662135999998,240.379,triangulation,triangulation_candidate
2060,edge_01305,node_00414,node_00555,18.108572858678144,0.0,18.108572858678144,76.132,triangulation,triangulation_candidate
2060,edge_01306,node_00567,node_00414,0.0,12.471863912678145,12.471863912678145,266.991,triangulation,triangulation_candidate
2060,edge_01309,node_00415,node_00587,17.928617760000034,0.0,17.928617760000034,270.759,triangulation,triangulation_candidate
2060,edge_01313,node_00544,node_00417,0.0,5.831617144500001,5.831617144500001,78.507,triangulation,triangulation_candidate
2060,edge_01314,node_00417,node_00662,14.7308635509,0.0,14.7308635509,77.862,triangulation,triangulation_candidate
2060,edge_01319,node_00505,node_00419,0.0,6.456593883599999,6.456593883599999,166.587,triangulation,triangulation_candidate
2060,edge_01320,node_00419,node_00597,38.360787678799994,0.0,38.360787678799994,104.063,triangulation,triangulation_candidate
2060,edge_01339,node_00424,node_00524,5.359946518079999,0.0,5.359946518079999,121.464,triangulation,triangulation_candidate
2060,edge_01347,node_00427,node_00451,8.450355170879995,0.0,8.450355170879995,457.982,triangulation,triangulation_candidate
2060,edge_01349,node_00483,node_00428,0.0,15.653367295020006,15.653367295020006,98.093,triangulation,triangulation_candidate
2060,edge_01357,node_00516,node_00430,0.0,2.0326314077999994,2.0326314077999994,86.68,triangulation,triangulation_candidate
2060,edge_01360,node_00431,node_00483,1.928772594,0.0,1.928772594,112.415,triangulation,triangulation_candidate
2060,edge_01364,node_00600,node_00432,0.0,13.889427614182122,13.889427614182122,366.788,triangulation,triangulation_candidate
2060,edge_01371,node_00434,node_00590,34.29581989823998,0.0,34.29581989823998,108.144,triangulation,triangulation_candidate
2060,edge_01374,node_00436,node_00552,26.056221656579996,0.0,26.056221656579996,186.684,triangulation,triangulation_candidate
2060,edge_01395,node_00441,node_00580,4.036927098959999,0.0,4.036927098959999,290.959,triangulation,triangulation_candidate
2060,edge_01403,node_00444,node_00566,9.5641836192,0.0,9.5641836192,103.592,triangulation,triangulation_candidate
2060,edge_01409,node_00445,node_00645,1.0720114681600017,0.0,1.0720114681600017,95.796,triangulation,triangulation_candidate
2060,edge_01410,node_00624,node_00446,0.0,14.088173505279999,14.088173505279999,16.33,triangulation,triangulation_candidate
2060,edge_01411,node_00446,node_00625,33.86986660417813,0.0,33.86986660417813,60.736,triangulation,triangulation_candidate
2060,edge_01412,node_00632,node_00446,0.0,17.45814057081813,17.45814057081813,92.132,triangulation,triangulation_candidate
2060,edge_01419,node_00551,node_00448,0.0,11.430956980799998,11.430956980799998,126.518,triangulation,triangulation_candidate
2060,edge_01420,node_00448,node_00652,11.430956980799998,0.0,11.430956980799998,73.94,triangulation,triangulation_candidate
2060,edge_01434,node_00455,node_00592,5.659999999999999,0.0,5.659999999999999,136.066,triangulation,triangulation_candidate
2060,edge_01449,node_00601,node_00460,0.0,28.489673860080014,28.489673860080014,81.66,triangulation,triangulation_candidate
2060,edge_01457,node_00465,node_00589,8.480889359999997,0.0,8.480889359999997,230.708,triangulation,triangulation_candidate
2060,edge_01462,node_00467,node_00584,7.654572407999996,0.0,7.654572407999996,41.772,triangulation,triangulation_candidate
2060,edge_01468,node_00469,node_00623,8.085842997279972,0.0,8.085842997279972,183.359,triangulation,triangulation_candidate
2060,edge_01469,node_00469,node_00659,9.581639640000002,0.0,9.581639640000002,96.674,triangulation,triangulation_candidate
2060,edge_01471,node_00471,node_00477,40.0,0.0,40.0,106.003,triangulation,triangulation_candidate
2060,edge_01473,node_00535,node_00471,0.0,40.0,40.0,439.197,triangulation,triangulation_candidate
2060,edge_01481,node_00474,node_00609,18.397812808381243,0.0,18.397812808381243,102.905,triangulation,triangulation_candidate
2060,edge_01485,node_00477,node_00557,21.9911995712,0.0,21.9911995712,99.488,triangulation,triangulation_candidate
2060,edge_01492,node_00478,node_00635,0.16,0.0,0.16,22.225,triangulation,triangulation_candidate
2060,edge_01506,node_00487,node_00634,10.473881159279998,0.0,10.473881159279998,99.246,triangulation,triangulation_candidate
2060,edge_01509,node_00571,node_00488,0.0,12.873850717279993,12.873850717279993,136.152,triangulation,triangulation_candidate
2060,edge_01510,node_00488,node_00580,16.01135882527999,0.0,16.01135882527999,430.71,triangulation,triangulation_candidate
2060,edge_01516,node_00491,node_00655,4.749298041599998,0.0,4.749298041599998,90.109,triangulation,triangulation_candidate
2060,edge_01526,node_00558,node_00496,0.0,23.252786251215873,23.252786251215873,79.928,triangulation,triangulation_candidate
2060,edge_01529,node_00497,node_00663,2.510006486399999,0.0,2.510006486399999,95.606,triangulation,triangulation_candidate
2060,edge_01530,node_00499,node_00588,4.589803547999999,0.0,4.589803547999999,216.083,triangulation,triangulation_candidate
2060,edge_01548,node_00508,node_00613,8.450355170879995,0.0,8.450355170879995,10.542,triangulation,triangulation_candidate
2060,edge_01557,node_00591,node_00515,0.0,2.14,2.14,175.203,triangulation,triangulation_candidate
2060,edge_01559,node_00515,node_00604,2.14,0.0,2.14,192.269,triangulation,triangulation_candidate
2060,edge_01564,node_00520,node_00589,14.26081627445854,0.0,14.26081627445854,186.242,triangulation,triangulation_candidate
2060,edge_01571,node_00525,node_00659,4.183344143999999,0.0,4.183344143999999,67.308,triangulation,triangulation_candidate
2060,edge_01574,node_00528,node_00575,12.768598142999997,0.0,12.768598142999997,105.032,triangulation,triangulation_candidate
2060,edge_01576,node_00529,node_00601,3.1375081079999987,0.0,3.1375081079999987,52.825,triangulation,triangulation_candidate
2060,edge_01580,node_00593,node_00531,0.0,16.866084198317335,16.866084198317335,349.941,triangulation,triangulation_candidate
2060,edge_01581,node_00531,node_00602,16.94,0.0,16.94,56.137,triangulation,triangulation_candidate
2060,edge_01595,node_00548,node_00643,1.8932650228799994,0.0,1.8932650228799994,55.616,triangulation,triangulation_candidate
2060,edge_01597,node_00549,node_00631,0.3,0.0,0.3,59.566,triangulation,triangulation_candidate
2060,edge_01600,node_00555,node_00632,27.55433057727814,0.0,27.55433057727814,208.259,triangulation,triangulation_candidate
2060,edge_01603,node_00557,node_00607,0.13799870272000017,0.0,0.13799870272000017,374.486,triangulation,triangulation_candidate
2060,edge_01605,node_00559,node_00630,0.6,0.0,0.6,93.872,triangulation,triangulation_candidate
2060,edge_01606,node_00560,node_00576,29.29479623519737,0.0,29.29479623519737,163.299,triangulation,triangulation_candidate
2060,edge_01607,node_00561,node_00636,0.16,0.0,0.16,56.462,triangulation,triangulation_candidate
2060,edge_01613,node_00571,node_00606,4.875480865120004,0.0,4.875480865120004,374.333,triangulation,triangulation_candidate
2060,edge_01621,node_00651,node_00578,0.0,26.2590953262,26.2590953262,17.222,triangulation,triangulation_candidate
2060,edge_01622,node_00610,node_00579,0.0,39.27573777175529,39.27573777175529,278.132,triangulation,triangulation_candidate
2060,edge_01624,node_00609,node_00582,0.0,12.077812808381243,12.077812808381243,12.65,triangulation,triangulation_candidate
2060,edge_01625,node_00662,node_00583,0.0,0.5310970783679476,0.5310970783679476,51.052,triangulation,triangulation_candidate
2060,edge_01626,node_00615,node_00584,0.0,21.345427592000004,21.345427592000004,82.264,triangulation,triangulation_candidate
2060,edge_01629,node_00623,node_00587,0.0,2.831382239999968,2.831382239999968,32.195,triangulation,triangulation_candidate
2060,edge_01631,node_00588,node_00644,0.039999999999984936,0.0,0.039999999999984936,210.432,triangulation,triangulation_candidate
2060,edge_01632,node_00655,node_00589,0.0,17.631557721279993,17.631557721279993,50.996,triangulation,triangulation_candidate
2060,edge_01635,node_00642,node_00590,0.0,3.5995094052799987,3.5995094052799987,68.978,triangulation,triangulation_candidate
2060,edge_01642,node_00596,node_00637,0.28,0.0,0.28,41.278,triangulation,triangulation_candidate
2060,edge_01645,node_00606,node_00599,0.0,2.3954808651200032,2.3954808651200032,301.3,triangulation,triangulation_candidate
2060,edge_01647,node_00645,node_00603,0.0,0.7120114681600018,0.7120114681600018,37.435,triangulation,triangulation_candidate
2060,edge_01655,node_00664,node_00612,0.0,15.885471744540004,15.885471744540004,95.013,triangulation,triangulation_candidate
2060,edge_01660,node_00616,node_00638,20.12,0.0,20.12,49.846,triangulation,triangulation_candidate
2060,edge_01661,node_00639,node_00616,0.0,20.3,20.3,89.842,triangulation,triangulation_candidate
2060,edge_01682,node_00632,node_00658,15.925471744540005,0.0,15.925471744540005,64.226,triangulation,triangulation_candidate
2060,edge_01695,node_00663,node_00642,0.0,3.6195094052799988,3.6195094052799988,56.184,triangulation,triangulation_candidate
2060,edge_01703,node_00658,node_00664,15.905471744540005,0.0,15.905471744540005,30.76,triangulation,triangulation_candidate
2060,edge_01715,node_00230,node_00589,25.69064022756,0.0,25.69064022756,194.882,direct_source_sink,runtime_direct_fallback
2060,edge_01753,node_00238,node_00579,21.184029139139994,0.0,21.184029139139994,334.623,direct_source_sink,runtime_direct_fallback
2060,edge_01793,node_00628,node_00247,0.0,30.246988127732045,30.246988127732045,293.654,direct_source_sink,runtime_direct_fallback
2060,edge_01817,node_00252,node_00624,14.208173505279998,0.0,14.208173505279998,187.955,direct_source_sink,runtime_direct_fallback
2060,edge_01870,node_00263,node_00651,26.4990953262,0.0,26.4990953262,512.154,direct_source_sink,runtime_direct_fallback
2060,edge_01876,node_00265,node_00589,19.472121970559996,0.0,19.472121970559996,100.09,direct_source_sink,runtime_direct_fallback
2060,edge_01883,node_00266,node_00581,12.070849546898781,0.0,12.070849546898781,167.887,direct_source_sink,runtime_direct_fallback
2060,edge_01901,node_00271,node_00581,40.0,0.0,40.0,28.337,direct_source_sink,runtime_direct_fallback
2060,edge_01909,node_00273,node_00578,20.683446998476043,0.0,20.683446998476043,360.476,direct_source_sink,runtime_direct_fallback
2060,edge_01923,node_00275,node_00597,20.0,0.0,20.0,321.908,direct_source_sink,runtime_direct_fallback
2060,edge_01963,node_00652,node_00284,0.0,27.442060626160007,27.442060626160007,395.452,direct_source_sink,runtime_direct_fallback
2060,edge_01988,node_00289,node_00580,40.0,0.0,40.0,337.415,direct_source_sink,runtime_direct_fallback
2060,edge_02055,node_00304,node_00607,0.5020012972799999,0.0,0.5020012972799999,13.634,direct_source_sink,runtime_direct_fallback
2060,edge_02061,node_00305,node_00581,27.553930954367996,0.0,27.553930954367996,149.968,direct_source_sink,runtime_direct_fallback
2060,edge_02064,node_00306,node_00615,22.205427592000003,0.0,22.205427592000003,128.884,direct_source_sink,runtime_direct_fallback
2060,edge_02117,node_00634,node_00316,0.0,22.981442811874118,22.981442811874118,182.262,direct_source_sink,runtime_direct_fallback
2060,edge_02216,node_00339,node_00610,23.252786251215873,0.0,23.252786251215873,256.861,direct_source_sink,runtime_direct_fallback
2060,edge_02227,node_00341,node_00579,27.969386332675775,0.0,27.969386332675775,500.618,direct_source_sink,runtime_direct_fallback
2060,edge_02257,node_00348,node_00610,17.822951520539416,0.0,17.822951520539416,225.679,direct_source_sink,runtime_direct_fallback
2060,edge_02258,node_00348,node_00579,20.0,0.0,20.0,470.404,direct_source_sink,runtime_direct_fallback
2060,edge_02263,node_00349,node_00597,31.005495710699996,0.0,31.005495710699996,180.041,direct_source_sink,runtime_direct_fallback
2060,edge_02291,node_00666,node_00356,0.0,20.0,20.0,254.653,direct_source_sink,runtime_direct_fallback
2060,edge_02338,node_00367,node_00579,40.0,0.0,40.0,327.515,direct_source_sink,runtime_direct_fallback
2060,edge_02404,node_00382,node_00598,10.483491839,0.0,10.483491839,33.295,direct_source_sink,runtime_direct_fallback
2060,edge_02466,node_00395,node_00601,7.2610901927999985,0.0,7.2610901927999985,362.187,direct_source_sink,runtime_direct_fallback
2060,edge_02571,node_00622,node_00419,0.0,19.610523079999997,19.610523079999997,96.771,direct_source_sink,runtime_direct_fallback
2060,edge_02615,node_00428,node_00581,17.582139889020006,0.0,17.582139889020006,153.078,direct_source_sink,runtime_direct_fallback
2060,edge_02716,node_00451,node_00580,13.052033729279993,0.0,13.052033729279993,398.28,direct_source_sink,runtime_direct_fallback
2060,edge_02743,node_00457,node_00591,10.240000000000002,0.0,10.240000000000002,126.304,direct_source_sink,runtime_direct_fallback
2060,edge_02757,node_00460,node_00580,30.999680346480012,0.0,30.999680346480012,261.398,direct_source_sink,runtime_direct_fallback
2060,edge_02833,node_00477,node_00588,20.0,0.0,20.0,516.052,direct_source_sink,runtime_direct_fallback
2060,edge_02870,node_00485,node_00580,40.0,0.0,40.0,245.322,direct_source_sink,runtime_direct_fallback
2060,edge_02871,node_00613,node_00485,0.0,20.0,20.0,471.612,direct_source_sink,runtime_direct_fallback
2060,edge_02872,node_00590,node_00485,0.0,17.071659099199998,17.071659099199998,487.601,direct_source_sink,runtime_direct_fallback
2060,edge_02951,node_00659,node_00503,0.0,20.0,20.0,212.591,direct_source_sink,runtime_direct_fallback
2060,edge_02968,node_00507,node_00583,5.693395316399999,0.0,5.693395316399999,103.03,direct_source_sink,runtime_direct_fallback
2060,edge_03119,node_00541,node_00600,18.829427614182123,0.0,18.829427614182123,324.009,direct_source_sink,runtime_direct_fallback
2060,edge_03156,node_00623,node_00549,0.0,5.114460757280005,5.114460757280005,31.672,direct_source_sink,runtime_direct_fallback
2060,edge_03195,node_00557,node_00588,27.190196451999988,0.0,27.190196451999988,497.278,direct_source_sink,runtime_direct_fallback
2060,edge_03234,node_00566,node_00579,17.300578456031573,0.0,17.300578456031573,373.818,direct_source_sink,runtime_direct_fallback
2060,edge_03247,node_00569,node_00578,23.063110857359987,0.0,23.063110857359987,370.497,direct_source_sink,runtime_direct_fallback
2060,edge_03279,node_00576,node_00579,34.27026830039737,0.0,34.27026830039737,402.826,direct_source_sink,runtime_direct_fallback
