node_id,lon,lat,node_type,degree,source,year_basis,plant_id,plant_index,storage_hub_id,storage_hub_index,province
node_00001,74.271574,39.120394,corridor_endpoint,1,data/油气管道源数据矢量化/gas_pipelines.shp,static_source_layer,,,,,
node_00002,76.262766,36.686472,corridor_junction,2,data/油气管道源数据矢量化/oil_pipeline.shp,static_source_layer,,,,,
node_00003,76.392919,39.352408,corridor_junction,2,data/油气管道源数据矢量化/oil_pipeline.shp,static_source_layer,,,,,
node_00004,76.399823,39.347661,corridor_endpoint,1,data/油气管道源数据矢量化/oil_pipeline.shp,static_source_layer,,,,,
node_00005,77.985334,39.89544,corridor_endpoint,1,data/油气管道源数据矢量化/gas_pipelines.shp,static_source_layer,,,,,
node_00006,77.987341,39.893242,corridor_junction,2,data/油气管道源数据矢量化/gas_pipelines.shp,static_source_layer,,,,,
node_00007,79.623529,40.594938,corridor_endpoint,1,data/油气管道源数据矢量化/gas_pipelines.shp,static_source_layer,,,,,
node_00008,79.630017,40.592146,corridor_junction,4,data/油气管道源数据矢量化/gas_pipelines.shp,static_source_layer,,,,,
node_00009,80.901649,44.378915,corridor_junction,4,data/油气管道源数据矢量化/gas_pipelines.shp,static_source_layer,,,,,
node_00010,84.365192,41.365248,corridor_junction,4,data/油气管道源数据矢量化/gas_pipelines.shp,static_source_layer,,,,,
node_00011,84.37103,41.356365,corridor_endpoint,1,data/油气管道源数据矢量化/gas_pipelines.shp,static_source_layer,,,,,
node_00012,84.545809,39.08697,corridor_junction,4,data/油气管道源数据矢量化/gas_pipelines.shp,static_source_layer,,,,,
node_00013,84.679059,41.409324,corridor_junction,2,data/油气管道源数据矢量化/gas_pipelines.shp,static_source_layer,,,,,
node_00014,84.980045,45.489387,corridor_junction,3,data/油气管道源数据矢量化/oil_pipeline.shp,static_source_layer,,,,,
node_00015,84.987659,43.098504,corridor_endpoint,1,data/油气管道源数据矢量化/oil_pipeline.shp,static_source_layer,,,,,
node_00016,84.987659,45.466544,corridor_junction,2,data/油气管道源数据矢量化/oil_pipeline.shp,static_source_layer,,,,,
node_00017,84.989436,43.091017,corridor_endpoint,1,data/油气管道源数据矢量化/oil_pipeline.shp,static_source_layer,,,,,
node_00018,86.24687,44.01343,corridor_junction,2,data/油气管道源数据矢量化/gas_pipelines.shp,static_source_layer,,,,,
node_00019,86.256388,44.01343,corridor_junction,2,data/油气管道源数据矢量化/gas_pipelines.shp,static_source_layer,,,,,
node_00020,87.591741,43.722875,corridor_junction,4,data/油气管道源数据矢量化/oil_pipeline.shp,static_source_layer,,,,,
node_00021,87.599356,43.692418,corridor_endpoint,1,data/油气管道源数据矢量化/oil_pipeline.shp,static_source_layer,,,,,
node_00022,87.60697,43.669575,corridor_junction,2,data/油气管道源数据矢量化/oil_pipeline.shp,static_source_layer,,,,,
node_00023,88.069791,48.383524,corridor_junction,2,data/油气管道源数据矢量化/gas_pipelines.shp,static_source_layer,,,,,
node_00024,90.395698,42.971861,corridor_junction,4,data/油气管道源数据矢量化/gas_pipelines.shp,static_source_layer,,,,,
node_00025,90.785264,43.03214,corridor_junction,3,data/油气管道源数据矢量化/gas_pipelines.shp,static_source_layer,,,,,
node_00026,90.817339,43.01596,corridor_endpoint,1,data/油气管道源数据矢量化/gas_pipelines.shp,static_source_layer,,,,,
node_00027,90.880553,38.124462,corridor_junction,4,data/油气管道源数据矢量化/gas_pipelines.shp,static_source_layer,,,,,
node_00028,91.210505,29.830772,corridor_endpoint,1,data/油气管道源数据矢量化/gas_pipelines.shp,static_source_layer,,,,,
node_00029,92.614562,42.625229,corridor_junction,5,data/油气管道源数据矢量化/gas_pipelines.shp,static_source_layer,,,,,
node_00030,94.352663,37.86177,corridor_junction,2,data/油气管道源数据矢量化/gas_pipelines.shp,static_source_layer,,,,,
node_00031,94.408501,37.262304,corridor_endpoint,1,data/油气管道源数据矢量化/gas_pipelines.shp,static_source_layer,,,,,
node_00032,94.414592,37.260401,corridor_endpoint,1,data/油气管道源数据矢量化/gas_pipelines.shp,static_source_layer,,,,,
node_00033,94.649619,40.134631,corridor_junction,3,data/油气管道源数据矢量化/gas_pipelines.shp,static_source_layer,,,,,
node_00034,94.911424,36.466612,corridor_junction,2,data/油气管道源数据矢量化/gas_pipelines.shp,static_source_layer,,,,,
node_00035,98.257794,24.154488,corridor_endpoint,1,data/油气管道源数据矢量化/gas_pipelines.shp,static_source_layer,,,,,
node_00036,101.369582,38.441525,corridor_junction,4,data/油气管道源数据矢量化/gas_pipelines.shp,static_source_layer,,,,,
node_00037,101.384335,38.448347,corridor_junction,5,data/油气管道源数据矢量化/gas_pipelines.shp,static_source_layer,,,,,
node_00038,101.488151,25.323279,corridor_endpoint,1,data/油气管道源数据矢量化/gas_pipelines.shp,static_source_layer,,,,,
node_00039,101.726097,26.484456,corridor_junction,2,data/油气管道源数据矢量化/gas_pipelines.shp,static_source_layer,,,,,
node_00040,101.821275,25.228101,corridor_junction,2,data/油气管道源数据矢量化/gas_pipelines.shp,static_source_layer,,,,,
node_00041,102.525635,24.286327,corridor_junction,3,data/油气管道源数据矢量化/oil_pipeline.shp,static_source_layer,,,,,
node_00042,102.769252,23.469203,corridor_junction,2,data/油气管道源数据矢量化/gas_pipelines.shp,static_source_layer,,,,,
node_00043,102.901955,37.851419,corridor_junction,2,data/油气管道源数据矢量化/gas_pipelines.shp,static_source_layer,,,,,
node_00044,102.906714,37.845272,corridor_junction,2,data/油气管道源数据矢量化/gas_pipelines.shp,static_source_layer,,,,,
node_00045,103.638271,36.022922,corridor_junction,3,data/油气管道源数据矢量化/gas_pipelines.shp,static_source_layer,,,,,
node_00046,103.847112,36.009689,corridor_junction,2,data/油气管道源数据矢量化/oil_pipeline.shp,static_source_layer,,,,,
node_00047,103.912467,35.943699,corridor_endpoint,1,data/油气管道源数据矢量化/oil_pipeline.shp,static_source_layer,,,,,
node_00048,104.01526,30.644163,corridor_endpoint,1,data/油气管道源数据矢量化/oil_pipeline.shp,static_source_layer,,,,,
node_00049,104.074998,37.586926,corridor_endpoint,1,data/油气管道源数据矢量化/gas_pipelines.shp,static_source_layer,,,,,
node_00050,104.181954,30.9883,corridor_junction,2,data/油气管道源数据矢量化/gas_pipelines.shp,static_source_layer,,,,,
node_00051,104.184239,30.973071,corridor_junction,2,data/油气管道源数据矢量化/gas_pipelines.shp,static_source_layer,,,,,
node_00052,104.228401,30.311518,corridor_endpoint,1,data/油气管道源数据矢量化/gas_pipelines.shp,static_source_layer,,,,,
node_00053,104.339292,37.540193,corridor_junction,2,data/油气管道源数据矢量化/gas_pipelines.shp,static_source_layer,,,,,
node_00054,104.377364,35.712767,corridor_junction,2,data/油气管道源数据矢量化/gas_pipelines.shp,static_source_layer,,,,,
node_00055,104.502515,29.748061,corridor_junction,4,data/油气管道源数据矢量化/gas_pipelines.shp,static_source_layer,,,,,
node_00056,104.729532,37.530295,corridor_junction,2,data/油气管道源数据矢量化/gas_pipelines.shp,static_source_layer,,,,,
node_00057,105.126783,37.52506,corridor_junction,2,data/油气管道源数据矢量化/gas_pipelines.shp,static_source_layer,,,,,
node_00058,106.012934,31.453485,corridor_endpoint,1,data/油气管道源数据矢量化/gas_pipelines.shp,static_source_layer,,,,,
node_00059,106.014441,31.448393,corridor_endpoint,1,data/油气管道源数据矢量化/gas_pipelines.shp,static_source_layer,,,,,
node_00060,106.019913,31.459386,corridor_junction,3,data/油气管道源数据矢量化/gas_pipelines.shp,static_source_layer,,,,,
node_00061,106.051444,37.700058,corridor_junction,2,data/油气管道源数据矢量化/oil_pipeline.shp,static_source_layer,,,,,
node_00062,106.239355,38.571071,corridor_junction,6,data/油气管道源数据矢量化/gas_pipelines.shp,static_source_layer,,,,,
node_00063,106.537367,26.118971,corridor_junction,8,data/油气管道源数据矢量化/gas_pipelines.shp,static_source_layer,,,,,
node_00064,106.538319,26.119685,corridor_junction,2,data/油气管道源数据矢量化/gas_pipelines.shp,static_source_layer,,,,,
node_00065,106.595426,26.130392,corridor_junction,4,data/油气管道源数据矢量化/gas_pipelines.shp,static_source_layer,,,,,
node_00066,106.802026,30.844517,corridor_junction,3,data/油气管道源数据矢量化/gas_pipelines.shp,static_source_layer,,,,,
node_00067,107.456278,36.34091,corridor_junction,3,data/油气管道源数据矢量化/oil_pipeline.shp,static_source_layer,,,,,
node_00068,107.564977,31.338557,corridor_junction,2,data/油气管道源数据矢量化/gas_pipelines.shp,static_source_layer,,,,,
node_00069,107.680079,29.781437,corridor_junction,5,data/油气管道源数据矢量化/gas_pipelines.shp,static_source_layer,,,,,
node_00070,107.844606,37.323152,corridor_junction,2,data/油气管道源数据矢量化/oil_pipeline.shp,static_source_layer,,,,,
node_00071,107.859649,30.478144,corridor_endpoint,1,data/油气管道源数据矢量化/gas_pipelines.shp,static_source_layer,,,,,
node_00072,107.946008,25.11008,corridor_junction,2,data/油气管道源数据矢量化/gas_pipelines.shp,static_source_layer,,,,,
node_00073,107.965043,25.094851,corridor_endpoint,1,data/油气管道源数据矢量化/gas_pipelines.shp,static_source_layer,,,,,
node_00074,108.178238,19.689506,corridor_junction,2,data/油气管道源数据矢量化/oil_pipeline.shp,static_source_layer,,,,,
node_00075,108.240363,30.889314,corridor_junction,4,data/油气管道源数据矢量化/gas_pipelines.shp,static_source_layer,,,,,
node_00076,108.300722,34.430167,corridor_junction,9,data/油气管道源数据矢量化/gas_pipelines.shp,static_source_layer,,,,,
node_00077,108.308257,21.626549,corridor_endpoint,1,data/油气管道源数据矢量化/gas_pipelines.shp,static_source_layer,,,,,
node_00078,108.344742,21.660956,corridor_junction,2,data/油气管道源数据矢量化/gas_pipelines.shp,static_source_layer,,,,,
node_00079,108.359043,22.84093,corridor_junction,6,data/油气管道源数据矢量化/gas_pipelines.shp,static_source_layer,,,,,
node_00080,109.049062,18.06448,corridor_endpoint,1,data/油气管道源数据矢量化/gas_pipelines.shp,static_source_layer,,,,,
node_00081,109.050966,18.067018,corridor_junction,2,data/油气管道源数据矢量化/gas_pipelines.shp,static_source_layer,,,,,
node_00082,109.092947,21.419552,corridor_endpoint,1,data/油气管道源数据矢量化/oil_pipeline.shp,static_source_layer,,,,,
node_00083,109.152865,21.501703,corridor_endpoint,1,data/油气管道源数据矢量化/oil_pipeline.shp,static_source_layer,,,,,
node_00084,109.156614,21.499152,corridor_junction,2,data/油气管道源数据矢量化/gas_pipelines.shp,static_source_layer,,,,,
node_00085,109.306547,36.809188,corridor_junction,5,data/油气管道源数据矢量化/oil_pipeline.shp,static_source_layer,,,,,
node_00086,109.564041,23.096104,corridor_junction,4,data/油气管道源数据矢量化/gas_pipelines.shp,static_source_layer,,,,,
node_00087,109.582062,18.414736,corridor_endpoint,1,data/油气管道源数据矢量化/gas_pipelines.shp,static_source_layer,,,,,
node_00088,109.84201,38.465598,corridor_endpoint,1,data/油气管道源数据矢量化/gas_pipelines.shp,static_source_layer,,,,,
node_00089,109.845222,38.462028,corridor_junction,3,data/油气管道源数据矢量化/gas_pipelines.shp,static_source_layer,,,,,
node_00090,109.857714,40.353406,corridor_junction,4,data/油气管道源数据矢量化/gas_pipelines.shp,static_source_layer,,,,,
node_00091,109.859626,38.505747,corridor_endpoint,1,data/油气管道源数据矢量化/gas_pipelines.shp,static_source_layer,,,,,
node_00092,109.871047,38.494326,corridor_endpoint,1,data/油气管道源数据矢量化/gas_pipelines.shp,static_source_layer,,,,,
node_00093,109.871365,39.517145,corridor_junction,6,data/油气管道源数据矢量化/gas_pipelines.shp,static_source_layer,,,,,
node_00094,109.899886,38.492359,corridor_junction,2,data/油气管道源数据矢量化/gas_pipelines.shp,static_source_layer,,,,,
node_00095,109.968589,27.533625,corridor_junction,2,data/油气管道源数据矢量化/oil_pipeline.shp,static_source_layer,,,,,
node_00096,110.197017,25.234304,corridor_junction,3,data/油气管道源数据矢量化/oil_pipeline.shp,static_source_layer,,,,,
node_00097,110.241648,25.272026,corridor_endpoint,1,data/油气管道源数据矢量化/gas_pipelines.shp,static_source_layer,,,,,
node_00098,110.25307,25.233954,corridor_junction,2,data/油气管道源数据矢量化/gas_pipelines.shp,static_source_layer,,,,,
node_00099,110.276864,20.042922,corridor_junction,6,data/油气管道源数据矢量化/gas_pipelines.shp,static_source_layer,,,,,
node_00100,110.353066,21.211726,corridor_junction,2,data/油气管道源数据矢量化/oil_pipeline.shp,static_source_layer,,,,,
node_00101,110.37976,21.274881,corridor_endpoint,1,data/油气管道源数据矢量化/oil_pipeline.shp,static_source_layer,,,,,
node_00102,110.424449,21.897011,corridor_junction,2,data/油气管道源数据矢量化/oil_pipeline.shp,static_source_layer,,,,,
node_00103,110.927988,21.655595,corridor_junction,3,data/油气管道源数据矢量化/oil_pipeline.shp,static_source_layer,,,,,
node_00104,111.159256,37.877316,corridor_junction,7,data/油气管道源数据矢量化/gas_pipelines.shp,static_source_layer,,,,,
node_00105,111.625094,40.898054,corridor_junction,5,data/油气管道源数据矢量化/oil_pipeline.shp,static_source_layer,,,,,
node_00106,112.195368,30.38544,corridor_junction,3,data/油气管道源数据矢量化/gas_pipelines.shp,static_source_layer,,,,,
node_00107,112.200127,30.402572,corridor_junction,2,data/油气管道源数据矢量化/gas_pipelines.shp,static_source_layer,,,,,
node_00108,112.359686,30.386772,corridor_junction,3,data/油气管道源数据矢量化/gas_pipelines.shp,static_source_layer,,,,,
node_00109,112.469538,33.012008,corridor_junction,5,data/油气管道源数据矢量化/gas_pipelines.shp,static_source_layer,,,,,
node_00110,112.590081,30.343894,corridor_endpoint,1,data/油气管道源数据矢量化/gas_pipelines.shp,static_source_layer,,,,,
node_00111,112.695475,30.250604,corridor_endpoint,1,data/油气管道源数据矢量化/gas_pipelines.shp,static_source_layer,,,,,
node_00112,112.822967,33.528985,corridor_junction,4,data/油气管道源数据矢量化/gas_pipelines.shp,static_source_layer,,,,,
node_00113,112.867621,21.046103,corridor_endpoint,1,data/油气管道源数据矢量化/gas_pipelines.shp,static_source_layer,,,,,
node_00114,112.870001,21.046103,corridor_junction,2,data/油气管道源数据矢量化/gas_pipelines.shp,static_source_layer,,,,,
node_00115,112.891416,26.794881,corridor_junction,4,data/油气管道源数据矢量化/gas_pipelines.shp,static_source_layer,,,,,
node_00116,112.904765,31.974253,corridor_junction,2,data/油气管道源数据矢量化/gas_pipelines.shp,static_source_layer,,,,,
node_00117,112.905019,31.973397,corridor_junction,2,data/油气管道源数据矢量化/gas_pipelines.shp,static_source_layer,,,,,
node_00118,112.931098,28.217275,corridor_junction,3,data/油气管道源数据矢量化/gas_pipelines.shp,static_source_layer,,,,,
node_00119,113.068155,27.813718,corridor_junction,2,data/油气管道源数据矢量化/gas_pipelines.shp,static_source_layer,,,,,
node_00120,113.109748,27.811656,corridor_junction,2,data/油气管道源数据矢量化/gas_pipelines.shp,static_source_layer,,,,,
node_00121,113.18662,23.747791,corridor_junction,2,data/油气管道源数据矢量化/gas_pipelines.shp,static_source_layer,,,,,
node_00122,113.189428,29.26968,corridor_junction,4,data/油气管道源数据矢量化/oil_pipeline.shp,static_source_layer,,,,,
node_00123,113.231314,39.807614,corridor_junction,2,data/油气管道源数据矢量化/gas_pipelines.shp,static_source_layer,,,,,
node_00124,113.232948,39.808994,corridor_endpoint,1,data/油气管道源数据矢量化/gas_pipelines.shp,static_source_layer,,,,,
node_00125,113.233852,39.810469,corridor_endpoint,1,data/油气管道源数据矢量化/gas_pipelines.shp,static_source_layer,,,,,
node_00126,113.354007,23.175958,corridor_junction,5,data/油气管道源数据矢量化/gas_pipelines.shp,static_source_layer,,,,,
node_00127,113.357497,30.402572,corridor_endpoint,1,data/油气管道源数据矢量化/gas_pipelines.shp,static_source_layer,,,,,
node_00128,113.359329,40.193792,corridor_junction,2,data/油气管道源数据矢量化/gas_pipelines.shp,static_source_layer,,,,,
node_00129,113.360281,40.193507,corridor_endpoint,1,data/油气管道源数据矢量化/gas_pipelines.shp,static_source_layer,,,,,
node_00130,113.367895,40.201121,corridor_junction,2,data/油气管道源数据矢量化/gas_pipelines.shp,static_source_layer,,,,,
node_00131,113.369037,40.201216,corridor_junction,3,data/油气管道源数据矢量化/gas_pipelines.shp,static_source_layer,,,,,
node_00132,113.583744,24.850195,corridor_junction,4,data/油气管道源数据矢量化/gas_pipelines.shp,static_source_layer,,,,,
node_00133,113.785514,27.735513,corridor_junction,2,data/油气管道源数据矢量化/gas_pipelines.shp,static_source_layer,,,,,
node_00134,113.91211,30.36293,corridor_junction,5,data/油气管道源数据矢量化/gas_pipelines.shp,static_source_layer,,,,,
node_00135,113.983589,22.311024,corridor_junction,4,data/油气管道源数据矢量化/gas_pipelines.shp,static_source_layer,,,,,
node_00136,114.012388,34.414629,corridor_junction,3,data/油气管道源数据矢量化/gas_pipelines.shp,static_source_layer,,,,,
node_00137,114.026022,34.404627,corridor_endpoint,1,data/油气管道源数据矢量化/gas_pipelines.shp,static_source_layer,,,,,
node_00138,114.090744,34.48077,corridor_junction,3,data/油气管道源数据矢量化/gas_pipelines.shp,static_source_layer,,,,,
node_00139,114.227079,38.407333,corridor_junction,6,data/油气管道源数据矢量化/gas_pipelines.shp,static_source_layer,,,,,
node_00140,114.548179,37.786515,corridor_junction,6,data/油气管道源数据矢量化/gas_pipelines.shp,static_source_layer,,,,,
node_00141,114.744691,33.72211,corridor_junction,4,data/油气管道源数据矢量化/gas_pipelines.shp,static_source_layer,,,,,
node_00142,114.779177,27.153021,corridor_junction,3,data/油气管道源数据矢量化/gas_pipelines.shp,static_source_layer,,,,,
node_00143,114.785491,27.165839,corridor_endpoint,1,data/油气管道源数据矢量化/gas_pipelines.shp,static_source_layer,,,,,
node_00144,114.805098,40.892822,corridor_junction,3,data/油气管道源数据矢量化/gas_pipelines.shp,static_source_layer,,,,,
node_00145,114.846151,32.29786,corridor_junction,3,data/油气管道源数据矢量化/gas_pipelines.shp,static_source_layer,,,,,
node_00146,114.85624,32.295576,corridor_junction,3,data/油气管道源数据矢量化/gas_pipelines.shp,static_source_layer,,,,,
node_00147,115.181433,21.043961,corridor_junction,2,data/油气管道源数据矢量化/gas_pipelines.shp,static_source_layer,,,,,
node_00148,115.279816,27.92587,corridor_junction,3,data/油气管道源数据矢量化/gas_pipelines.shp,static_source_layer,,,,,
node_00149,115.516588,30.082868,corridor_junction,2,data/油气管道源数据矢量化/gas_pipelines.shp,static_source_layer,,,,,
node_00150,115.54051,30.06031,corridor_endpoint,1,data/油气管道源数据矢量化/gas_pipelines.shp,static_source_layer,,,,,
node_00151,115.637309,35.322501,corridor_junction,6,data/油气管道源数据矢量化/oil_pipeline.shp,static_source_layer,,,,,
node_00152,115.912404,28.688694,corridor_junction,2,data/油气管道源数据矢量化/gas_pipelines.shp,static_source_layer,,,,,
node_00153,116.033124,29.759638,corridor_junction,3,data/油气管道源数据矢量化/oil_pipeline.shp,static_source_layer,,,,,
node_00154,116.049461,24.379014,corridor_endpoint,1,data/油气管道源数据矢量化/gas_pipelines.shp,static_source_layer,,,,,
node_00155,116.174684,37.490986,corridor_junction,3,data/油气管道源数据矢量化/gas_pipelines.shp,static_source_layer,,,,,
node_00156,116.242752,24.33582,corridor_junction,2,data/油气管道源数据矢量化/oil_pipeline.shp,static_source_layer,,,,,
node_00157,116.512591,39.721422,corridor_junction,2,data/油气管道源数据矢量化/gas_pipelines.shp,static_source_layer,,,,,
node_00158,116.521546,23.297787,corridor_junction,4,data/油气管道源数据矢量化/gas_pipelines.shp,static_source_layer,,,,,
node_00159,116.52893,39.719098,corridor_endpoint,1,data/油气管道源数据矢量化/gas_pipelines.shp,static_source_layer,,,,,
node_00160,116.529382,39.747223,corridor_endpoint,1,data/油气管道源数据矢量化/gas_pipelines.shp,static_source_layer,,,,,
node_00161,116.54908,39.759303,corridor_endpoint,1,data/油气管道源数据矢量化/gas_pipelines.shp,static_source_layer,,,,,
node_00162,116.683539,36.642566,corridor_junction,3,data/油气管道源数据矢量化/gas_pipelines.shp,static_source_layer,,,,,
node_00163,116.689916,36.630668,corridor_endpoint,1,data/油气管道源数据矢量化/gas_pipelines.shp,static_source_layer,,,,,
node_00164,116.814917,40.100145,corridor_junction,2,data/油气管道源数据矢量化/gas_pipelines.shp,static_source_layer,,,,,
node_00165,116.814917,40.106997,corridor_junction,2,data/油气管道源数据矢量化/gas_pipelines.shp,static_source_layer,,,,,
node_00166,116.831415,38.70927,corridor_junction,4,data/油气管道源数据矢量化/gas_pipelines.shp,static_source_layer,,,,,
node_00167,116.954893,36.303572,corridor_junction,2,data/油气管道源数据矢量化/gas_pipelines.shp,static_source_layer,,,,,
node_00168,116.993631,25.079527,corridor_junction,2,data/油气管道源数据矢量化/gas_pipelines.shp,static_source_layer,,,,,
node_00169,117.021169,36.27156,corridor_junction,2,data/油气管道源数据矢量化/gas_pipelines.shp,static_source_layer,,,,,
node_00170,117.039725,38.962778,corridor_junction,2,data/油气管道源数据矢量化/gas_pipelines.shp,static_source_layer,,,,,
node_00171,117.044008,38.955997,corridor_endpoint,1,data/油气管道源数据矢量化/gas_pipelines.shp,static_source_layer,,,,,
node_00172,117.146107,39.846716,corridor_endpoint,1,data/油气管道源数据矢量化/gas_pipelines.shp,static_source_layer,,,,,
node_00173,117.150493,39.839451,corridor_endpoint,1,data/油气管道源数据矢量化/gas_pipelines.shp,static_source_layer,,,,,
node_00174,117.205117,39.656359,corridor_endpoint,1,data/油气管道源数据矢量化/gas_pipelines.shp,static_source_layer,,,,,
node_00175,117.267745,28.292751,corridor_junction,6,data/油气管道源数据矢量化/gas_pipelines.shp,static_source_layer,,,,,
node_00176,117.365711,38.850943,corridor_junction,4,data/油气管道源数据矢量化/gas_pipelines.shp,static_source_layer,,,,,
node_00177,117.511401,24.576985,corridor_junction,4,data/油气管道源数据矢量化/gas_pipelines.shp,static_source_layer,,,,,
node_00178,117.580152,43.663625,corridor_junction,11,data/油气管道源数据矢量化/gas_pipelines.shp,static_source_layer,,,,,
node_00179,117.73561,39.662958,corridor_junction,2,data/油气管道源数据矢量化/gas_pipelines.shp,static_source_layer,,,,,
node_00180,117.751822,39.65931,corridor_junction,5,data/油气管道源数据矢量化/gas_pipelines.shp,static_source_layer,,,,,
node_00181,117.813403,36.385742,corridor_junction,2,data/油气管道源数据矢量化/gas_pipelines.shp,static_source_layer,,,,,
node_00182,117.817432,36.555573,corridor_junction,4,data/油气管道源数据矢量化/gas_pipelines.shp,static_source_layer,,,,,
node_00183,117.818606,36.554811,corridor_junction,2,data/油气管道源数据矢量化/gas_pipelines.shp,static_source_layer,,,,,
node_00184,118.180561,26.613479,corridor_junction,2,data/油气管道源数据矢量化/gas_pipelines.shp,static_source_layer,,,,,
node_00185,118.253381,34.957336,corridor_junction,6,data/油气管道源数据矢量化/gas_pipelines.shp,static_source_layer,,,,,
node_00186,118.283838,32.414168,corridor_junction,4,data/油气管道源数据矢量化/gas_pipelines.shp,static_source_layer,,,,,
node_00187,118.438408,49.656314,corridor_junction,6,data/油气管道源数据矢量化/gas_pipelines.shp,static_source_layer,,,,,
node_00188,118.736475,32.357252,corridor_junction,4,data/油气管道源数据矢量化/gas_pipelines.shp,static_source_layer,,,,,
node_00189,118.964903,32.408648,corridor_junction,2,data/油气管道源数据矢量化/gas_pipelines.shp,static_source_layer,,,,,
node_00190,119.071432,26.173754,corridor_junction,3,data/油气管道源数据矢量化/gas_pipelines.shp,static_source_layer,,,,,
node_00191,119.181148,30.818407,corridor_junction,3,data/油气管道源数据矢量化/gas_pipelines.shp,static_source_layer,,,,,
node_00192,119.23038,34.604502,corridor_junction,4,data/油气管道源数据矢量化/gas_pipelines.shp,static_source_layer,,,,,
node_00193,119.259674,34.880239,corridor_junction,2,data/油气管道源数据矢量化/oil_pipeline.shp,static_source_layer,,,,,
node_00194,119.269318,34.85803,corridor_endpoint,1,data/油气管道源数据矢量化/oil_pipeline.shp,static_source_layer,,,,,
node_00195,119.358942,32.819819,corridor_junction,2,data/油气管道源数据矢量化/gas_pipelines.shp,static_source_layer,,,,,
node_00196,119.52157,29.373979,corridor_junction,3,data/油气管道源数据矢量化/gas_pipelines.shp,static_source_layer,,,,,
node_00197,119.98712,31.717652,corridor_junction,2,data/油气管道源数据矢量化/gas_pipelines.shp,static_source_layer,,,,,
node_00198,120.141721,32.155283,corridor_endpoint,1,data/油气管道源数据矢量化/gas_pipelines.shp,static_source_layer,,,,,
node_00199,120.175573,32.026031,corridor_junction,2,data/油气管道源数据矢量化/gas_pipelines.shp,static_source_layer,,,,,
node_00200,120.192705,32.168798,corridor_endpoint,1,data/油气管道源数据矢量化/gas_pipelines.shp,static_source_layer,,,,,
node_00201,120.281157,36.171718,corridor_junction,2,data/油气管道源数据矢量化/gas_pipelines.shp,static_source_layer,,,,,
node_00202,120.292706,36.202841,corridor_endpoint,1,data/油气管道源数据矢量化/gas_pipelines.shp,static_source_layer,,,,,
node_00203,120.374369,28.20138,corridor_junction,3,data/油气管道源数据矢量化/gas_pipelines.shp,static_source_layer,,,,,
node_00204,120.389077,46.9962,corridor_junction,5,data/油气管道源数据矢量化/oil_pipeline.shp,static_source_layer,,,,,
node_00205,120.483951,31.432117,corridor_junction,2,data/油气管道源数据矢量化/gas_pipelines.shp,static_source_layer,,,,,
node_00206,120.55819,30.80965,corridor_junction,2,data/油气管道源数据矢量化/gas_pipelines.shp,static_source_layer,,,,,
node_00207,120.738173,31.323106,corridor_junction,2,data/油气管道源数据矢量化/gas_pipelines.shp,static_source_layer,,,,,
node_00208,120.999977,30.935508,corridor_endpoint,1,data/油气管道源数据矢量化/gas_pipelines.shp,static_source_layer,,,,,
node_00209,121.026468,32.50573,corridor_junction,3,data/油气管道源数据矢量化/gas_pipelines.shp,static_source_layer,,,,,
node_00210,121.041126,37.223725,corridor_endpoint,1,data/油气管道源数据矢量化/gas_pipelines.shp,static_source_layer,,,,,
node_00211,121.042712,37.225787,corridor_junction,3,data/油气管道源数据矢量化/gas_pipelines.shp,static_source_layer,,,,,
node_00212,121.227168,30.805462,corridor_junction,2,data/油气管道源数据矢量化/gas_pipelines.shp,static_source_layer,,,,,
node_00213,121.274236,41.285494,corridor_junction,6,data/油气管道源数据矢量化/oil_pipeline.shp,static_source_layer,,,,,
node_00214,121.606644,39.032591,corridor_junction,5,data/油气管道源数据矢量化/gas_pipelines.shp,static_source_layer,,,,,
node_00215,122.070639,37.480866,corridor_junction,3,data/油气管道源数据矢量化/gas_pipelines.shp,static_source_layer,,,,,
node_00216,122.478542,41.671604,corridor_junction,4,data/油气管道源数据矢量化/gas_pipelines.shp,static_source_layer,,,,,
node_00217,122.679813,29.505198,corridor_junction,4,data/油气管道源数据矢量化/gas_pipelines.shp,static_source_layer,,,,,
node_00218,122.689109,29.495807,corridor_endpoint,1,data/油气管道源数据矢量化/gas_pipelines.shp,static_source_layer,,,,,
node_00219,123.119981,41.868909,corridor_junction,5,data/油气管道源数据矢量化/gas_pipelines.shp,static_source_layer,,,,,
node_00220,123.418144,41.81361,corridor_junction,10,data/油气管道源数据矢量化/gas_pipelines.shp,static_source_layer,,,,,
node_00221,124.212186,28.867502,corridor_junction,2,data/油气管道源数据矢量化/gas_pipelines.shp,static_source_layer,,,,,
node_00222,124.592899,29.962054,corridor_endpoint,1,data/油气管道源数据矢量化/gas_pipelines.shp,static_source_layer,,,,,
node_00223,125.157517,53.163763,corridor_endpoint,1,data/油气管道源数据矢量化/oil_pipeline.shp,static_source_layer,,,,,
node_00224,125.205051,46.551342,corridor_junction,9,data/油气管道源数据矢量化/oil_pipeline.shp,static_source_layer,,,,,
node_00225,126.098369,47.356803,corridor_junction,5,data/油气管道源数据矢量化/gas_pipelines.shp,static_source_layer,,,,,
node_00226,127.316653,49.945656,corridor_junction,2,data/油气管道源数据矢量化/gas_pipelines.shp,static_source_layer,,,,,
node_00227,130.793331,44.275686,corridor_junction,8,data/油气管道源数据矢量化/gas_pipelines.shp,static_source_layer,,,,,
node_00228,119.69716297777778,26.37928888888889,plant,1,inputs/plants_unit.csv,2025,P0001,1,,,Fujian
node_00229,112.5059534875,39.44562280625,plant,1,inputs/plants_unit.csv,2025,P0002,2,,,Shanxi
node_00230,106.56065670588237,29.095265411764704,plant,1,inputs/plants_unit.csv,2025,P0003,3,,,Chongqing
node_00231,107.40690754545452,40.72295445454545,plant,1,inputs/plants_unit.csv,2025,P0004,4,,,Inner Mongolia
node_00232,104.9672844,28.61919437777778,plant,1,inputs/plants_unit.csv,2025,P0005,5,,,Sichuan
node_00233,118.25929270666668,39.741398106666665,plant,1,inputs/plants_unit.csv,2025,P0006,6,,,Hebei
node_00234,118.36966382222224,39.17751832222221,plant,1,inputs/plants_unit.csv,2025,P0007,7,,,Hebei
node_00235,122.11088608695654,37.34379926086956,plant,1,inputs/plants_unit.csv,2025,P0008,8,,,Shandong
node_00236,109.97652060625,40.5446828,plant,1,inputs/plants_unit.csv,2025,P0009,9,,,Inner Mongolia
node_00237,104.82352106666669,27.534283966666663,plant,1,inputs/plants_unit.csv,2025,P0010,10,,,Yunnan
node_00238,113.01274548571428,22.019859071428574,plant,1,inputs/plants_unit.csv,2025,P0011,11,,,Guangdong
node_00239,123.77717060769234,42.46554086923077,plant,1,inputs/plants_unit.csv,2025,P0012,12,,,Liaoning
node_00240,113.16431352926828,40.1414594,plant,1,inputs/plants_unit.csv,2025,P0013,13,,,Shanxi
node_00241,112.024739125,22.974058575,plant,1,inputs/plants_unit.csv,2025,P0014,14,,,Guangdong
node_00242,113.088394,26.08946423333333,plant,1,inputs/plants_unit.csv,2025,P0015,15,,,Hunan
node_00243,113.8259234888889,30.660474866666668,plant,1,inputs/plants_unit.csv,2025,P0016,16,,,Hubei
node_00244,120.33350572000002,34.11185295999999,plant,1,inputs/plants_unit.csv,2025,P0017,17,,,Jiangsu
node_00245,129.9301436,42.9040347,plant,1,inputs/plants_unit.csv,2025,P0018,18,,,Jilin
node_00246,111.5750416714286,27.544403028571427,plant,1,inputs/plants_unit.csv,2025,P0019,19,,,Hunan
node_00247,121.14102242857142,30.68855748571428,plant,1,inputs/plants_unit.csv,2025,P0020,20,,,Zhejiang
node_00248,116.69009585,35.4451589,plant,1,inputs/plants_unit.csv,2025,P0021,21,,,Shandong
node_00249,120.11881293333334,35.99860965,plant,1,inputs/plants_unit.csv,2025,P0022,22,,,Shandong
node_00250,113.21201491428567,33.7993222857143,plant,1,inputs/plants_unit.csv,2025,P0023,23,,,Henan
node_00251,107.31146671428574,29.655601142857147,plant,1,inputs/plants_unit.csv,2025,P0024,24,,,Chongqing
node_00252,125.24796920000004,43.81222732,plant,1,inputs/plants_unit.csv,2025,P0025,25,,,Jilin
node_00253,108.65169856666664,18.879123466666663,plant,1,inputs/plants_unit.csv,2025,P0026,26,,,Hainan
node_00254,116.036756325,36.48592403125,plant,1,inputs/plants_unit.csv,2025,P0027,27,,,Shandong
node_00255,113.13893942,27.64443306,plant,1,inputs/plants_unit.csv,2025,P0028,28,,,Hunan
node_00256,127.02565466666664,44.58916933333334,plant,1,inputs/plants_unit.csv,2025,P0029,29,,,Jilin
node_00257,126.50366462499998,43.90009873333333,plant,1,inputs/plants_unit.csv,2025,P0030,30,,,Jilin
node_00258,111.5960795,36.44789901666667,plant,1,inputs/plants_unit.csv,2025,P0031,31,,,Shanxi
node_00259,114.94455282857145,35.69333081428572,plant,1,inputs/plants_unit.csv,2025,P0032,32,,,Henan
node_00260,112.2235970526316,34.61218205263158,plant,1,inputs/plants_unit.csv,2025,P0033,33,,,Henan
node_00261,116.80496215,36.2049641,plant,1,inputs/plants_unit.csv,2025,P0034,34,,,Shandong
node_00262,117.78143773571428,30.986382207142857,plant,1,inputs/plants_unit.csv,2025,P0035,35,,,Anhui
node_00263,121.25921157285715,31.52313884714286,plant,1,inputs/plants_unit.csv,2025,P0036,36,,,Jiangsu
node_00264,111.63531936666668,40.73734619444445,plant,1,inputs/plants_unit.csv,2025,P0037,37,,,Inner Mongolia
node_00265,106.77105626666668,30.466155083333334,plant,1,inputs/plants_unit.csv,2025,P0038,38,,,Sichuan
node_00266,123.69026015555556,47.216015733333336,plant,1,inputs/plants_unit.csv,2025,P0039,39,,,Heilongjiang
node_00267,112.39579644705884,37.87612592941177,plant,1,inputs/plants_unit.csv,2025,P0040,40,,,Shanxi
node_00268,115.42118525333336,38.861997093333336,plant,1,inputs/plants_unit.csv,2025,P0041,41,,,Hebei
node_00269,117.7747333,36.10888457777778,plant,1,inputs/plants_unit.csv,2025,P0042,42,,,Shandong
node_00270,116.754942764,33.761710992,plant,1,inputs/plants_unit.csv,2025,P0043,43,,,Anhui
node_00271,124.97499467692306,46.49802851538463,plant,1,inputs/plants_unit.csv,2025,P0044,44,,,Heilongjiang
node_00272,112.67363529032258,35.190280632258066,plant,1,inputs/plants_unit.csv,2025,P0045,45,,,Henan
node_00273,121.86577418444443,30.01492672666668,plant,1,inputs/plants_unit.csv,2025,P0046,46,,,Zhejiang
node_00274,120.95330144285712,41.001320185714285,plant,1,inputs/plants_unit.csv,2025,P0047,47,,,Liaoning
node_00275,111.1116265,38.213208,plant,1,inputs/plants_unit.csv,2025,P0048,48,,,Shanxi
node_00276,88.9060775,42.808315,plant,1,inputs/plants_unit.csv,2025,P0049,49,,,Xinjiang
node_00277,115.4996139,34.5444303,plant,1,inputs/plants_unit.csv,2025,P0050,50,,,Henan
node_00278,114.29729676999996,38.11601805999999,plant,1,inputs/plants_unit.csv,2025,P0051,51,,,Hebei
node_00279,120.36732789473685,31.886977849122808,plant,1,inputs/plants_unit.csv,2025,P0052,52,,,Jiangsu
node_00280,130.88350004444445,45.52289057777777,plant,1,inputs/plants_unit.csv,2025,P0053,53,,,Heilongjiang
node_00281,114.86662302857142,40.658597571428565,plant,1,inputs/plants_unit.csv,2025,P0054,54,,,Hebei
node_00282,110.291820675,34.722310675,plant,1,inputs/plants_unit.csv,2025,P0055,55,,,Shanxi
node_00283,114.6474855,25.235139166666663,plant,1,inputs/plants_unit.csv,2025,P0056,56,,,Jiangxi
node_00284,103.63660057777776,36.10173662222222,plant,1,inputs/plants_unit.csv,2025,P0057,57,,,Gansu
node_00285,119.50311133333334,34.54334577777778,plant,1,inputs/plants_unit.csv,2025,P0058,58,,,Jiangsu
node_00286,111.26340109523812,39.86658994761905,plant,1,inputs/plants_unit.csv,2025,P0059,59,,,Inner Mongolia
node_00287,119.34751615999998,35.25980932000001,plant,1,inputs/plants_unit.csv,2025,P0060,60,,,Shandong
node_00288,118.8704271357143,36.916450514285714,plant,1,inputs/plants_unit.csv,2025,P0061,61,,,Shandong
node_00289,86.38826449999999,41.9057335,plant,1,inputs/plants_unit.csv,2025,P0062,62,,,Xinjiang
node_00290,105.99086423333333,38.5674425,plant,1,inputs/plants_unit.csv,2025,P0063,63,,,Ningxia
node_00291,116.30790365,37.390696166666665,plant,1,inputs/plants_unit.csv,2025,P0064,64,,,Shandong
node_00292,84.88765941000001,44.51353533,plant,1,inputs/plants_unit.csv,2025,P0065,65,,,Xinjiang
node_00293,119.05258655555556,25.21517051111111,plant,1,inputs/plants_unit.csv,2025,P0066,66,,,Fujian
node_00294,119.67226051428575,39.97792042857143,plant,1,inputs/plants_unit.csv,2025,P0067,67,,,Hebei
node_00295,120.60543628,27.43325004,plant,1,inputs/plants_unit.csv,2025,P0068,68,,,Zhejiang
node_00296,109.10067892,34.81815216,plant,1,inputs/plants_unit.csv,2025,P0069,69,,,Shaanxi
node_00297,115.56860472222225,35.294208722222216,plant,1,inputs/plants_unit.csv,2025,P0070,70,,,Shandong
node_00298,104.54053204,26.182950060000003,plant,1,inputs/plants_unit.csv,2025,P0071,71,,,Guizhou
node_00299,131.41872039999998,46.6215169,plant,1,inputs/plants_unit.csv,2025,P0072,72,,,Heilongjiang
node_00300,123.4034578352941,41.25218117647059,plant,1,inputs/plants_unit.csv,2025,P0073,73,,,Liaoning
node_00301,110.42589608333331,39.17701975,plant,1,inputs/plants_unit.csv,2025,P0074,74,,,Shaanxi
node_00302,114.316042,33.5464985,plant,1,inputs/plants_unit.csv,2025,P0075,75,,,Henan
node_00303,109.2172239,23.73486028181818,plant,1,inputs/plants_unit.csv,2025,P0076,76,,,Guangxi
node_00304,93.31052133333334,42.51244766666667,plant,1,inputs/plants_unit.csv,2025,P0077,77,,,Xinjiang
node_00305,126.63870604615386,45.738477292307685,plant,1,inputs/plants_unit.csv,2025,P0078,78,,,Heilongjiang
node_00306,108.5689820142857,21.687818557142855,plant,1,inputs/plants_unit.csv,2025,P0079,79,,,Guangxi
node_00307,117.27766755263158,34.90857122631579,plant,1,inputs/plants_unit.csv,2025,P0080,80,,,Shandong
node_00308,103.91035866666664,36.588604333333336,plant,1,inputs/plants_unit.csv,2025,P0081,81,,,Gansu
node_00309,121.61303683333335,41.93595583333334,plant,1,inputs/plants_unit.csv,2025,P0082,82,,,Liaoning
node_00310,111.14797504615385,39.20309480769231,plant,1,inputs/plants_unit.csv,2025,P0083,83,,,Shaanxi
node_00311,109.748516175,35.0326723,plant,1,inputs/plants_unit.csv,2025,P0084,84,,,Shaanxi
node_00312,117.38812471428572,34.37115052380951,plant,1,inputs/plants_unit.csv,2025,P0085,85,,,Jiangsu
node_00313,110.0859333375,38.66187655,plant,1,inputs/plants_unit.csv,2025,P0086,86,,,Shaanxi
node_00314,117.62799128888888,39.96386984444444,plant,1,inputs/plants_unit.csv,2025,P0087,87,,,Hebei
node_00315,119.906331,31.112822777777776,plant,1,inputs/plants_unit.csv,2025,P0088,88,,,Zhejiang
node_00316,106.63083476923076,38.09433597948717,plant,1,inputs/plants_unit.csv,2025,P0089,89,,,Ningxia
node_00317,113.5348139151515,22.942231745454546,plant,1,inputs/plants_unit.csv,2025,P0090,90,,,Guangdong
node_00318,113.56754175384616,24.69749064615385,plant,1,inputs/plants_unit.csv,2025,P0091,91,,,Guangdong
node_00319,114.79901501111112,27.92697431111111,plant,1,inputs/plants_unit.csv,2025,P0092,92,,,Jiangxi
node_00320,113.08135288,29.48292738,plant,1,inputs/plants_unit.csv,2025,P0093,93,,,Hunan
node_00321,117.65712922941177,23.87389818235294,plant,1,inputs/plants_unit.csv,2025,P0094,94,,,Fujian
node_00322,117.48208799999998,31.780410714285715,plant,1,inputs/plants_unit.csv,2025,P0095,95,,,Anhui
node_00323,116.39166080000004,24.39771004,plant,1,inputs/plants_unit.csv,2025,P0096,96,,,Guangdong
node_00324,104.7610385,36.7300795,plant,1,inputs/plants_unit.csv,2025,P0097,97,,,Gansu
node_00325,89.16161844384615,44.78648652673076,plant,1,inputs/plants_unit.csv,2025,P0098,98,,,Xinjiang
node_00326,105.03624913333331,29.5345342,plant,1,inputs/plants_unit.csv,2025,P0099,99,,,Sichuan
node_00327,117.10249263333333,28.3432053,plant,1,inputs/plants_unit.csv,2025,P0100,100,,,Jiangxi
node_00328,101.65731172727271,36.79799763636363,plant,1,inputs/plants_unit.csv,2025,P0101,101,,,Qinghai
node_00329,111.3662008,29.594144733333334,plant,1,inputs/plants_unit.csv,2025,P0102,102,,,Hunan
node_00330,109.88846628571426,39.71318328571429,plant,1,inputs/plants_unit.csv,2025,P0103,103,,,Inner Mongolia
node_00331,118.61048795,44.8662699,plant,1,inputs/plants_unit.csv,2025,P0104,104,,,Inner Mongolia
node_00332,124.23231075,39.97204075,plant,1,inputs/plants_unit.csv,2025,P0105,105,,,Liaoning
node_00333,114.611121304,30.616741076000004,plant,1,inputs/plants_unit.csv,2025,P0106,106,,,Hubei
node_00334,121.7068036210526,39.02835461052631,plant,1,inputs/plants_unit.csv,2025,P0107,107,,,Liaoning
node_00335,110.43623373846152,21.178269200000003,plant,1,inputs/plants_unit.csv,2025,P0108,108,,,Guangdong
node_00336,107.89730960769232,35.14298256153846,plant,1,inputs/plants_unit.csv,2025,P0109,109,,,Shaanxi
node_00337,104.76878606666668,25.310301483333333,plant,1,inputs/plants_unit.csv,2025,P0110,110,,,Guizhou
node_00338,109.99253175,22.4336885,plant,1,inputs/plants_unit.csv,2025,P0111,111,,,Guangxi
node_00339,115.7273668,22.7571696,plant,1,inputs/plants_unit.csv,2025,P0112,112,,,Guangdong
node_00340,116.21173066666664,42.22019666666666,plant,1,inputs/plants_unit.csv,2025,P0113,113,,,Inner Mongolia
node_00341,109.61024596666668,21.59652003333333,plant,1,inputs/plants_unit.csv,2025,P0114,114,,,Guangxi
node_00342,118.2819026,34.988247133333324,plant,1,inputs/plants_unit.csv,2025,P0115,115,,,Shandong
node_00343,122.04982786666666,41.17928143333334,plant,1,inputs/plants_unit.csv,2025,P0116,116,,,Liaoning
node_00344,112.59986043333332,33.21598703333334,plant,1,inputs/plants_unit.csv,2025,P0117,117,,,Henan
node_00345,123.71805184166664,41.817224116666665,plant,1,inputs/plants_unit.csv,2025,P0118,118,,,Liaoning
node_00346,105.02177205882354,26.63320383529412,plant,1,inputs/plants_unit.csv,2025,P0119,119,,,Guizhou
node_00347,119.81555575,48.5947915,plant,1,inputs/plants_unit.csv,2025,P0120,120,,,Inner Mongolia
node_00348,114.86316415,22.7171561,plant,1,inputs/plants_unit.csv,2025,P0121,121,,,Guangdong
node_00349,109.62005655238094,38.22282690476191,plant,1,inputs/plants_unit.csv,2025,P0122,122,,,Shaanxi
node_00350,114.46096423333331,36.70211735555555,plant,1,inputs/plants_unit.csv,2025,P0123,123,,,Hebei
node_00351,113.31786984347823,34.562298121739126,plant,1,inputs/plants_unit.csv,2025,P0124,124,,,Henan
node_00352,87.58797759459459,44.02529907567568,plant,1,inputs/plants_unit.csv,2025,P0125,125,,,Xinjiang
node_00353,119.5260382647059,32.21680167647058,plant,1,inputs/plants_unit.csv,2025,P0126,126,,,Jiangsu
node_00354,117.81527714285714,40.78629914285714,plant,1,inputs/plants_unit.csv,2025,P0127,127,,,Hebei
node_00355,79.94897945,37.21687335,plant,1,inputs/plants_unit.csv,2025,P0128,128,,,Xinjiang
node_00356,106.8149754842105,39.44216274385965,plant,1,inputs/plants_unit.csv,2025,P0129,129,,,Inner Mongolia
node_00357,116.8487413,39.9527554,plant,1,inputs/plants_unit.csv,2025,P0130,130,,,Hebei
node_00358,121.01437992352942,28.09249827647059,plant,1,inputs/plants_unit.csv,2025,P0131,131,,,Zhejiang
node_00359,122.82737375,45.5797501,plant,1,inputs/plants_unit.csv,2025,P0132,132,,,Jilin
node_00360,116.06149366666666,32.906693999999995,plant,1,inputs/plants_unit.csv,2025,P0133,133,,,Anhui
node_00361,111.00816366153846,37.48729852307692,plant,1,inputs/plants_unit.csv,2025,P0134,134,,,Shanxi
node_00362,120.3721705,41.560774,plant,1,inputs/plants_unit.csv,2025,P0135,135,,,Liaoning
node_00363,122.04553733333334,46.07332433333334,plant,1,inputs/plants_unit.csv,2025,P0136,136,,,Inner Mongolia
node_00364,89.43194749999999,44.005311000000006,plant,1,inputs/plants_unit.csv,2025,P0137,137,,,Xinjiang
node_00365,126.1607947,41.841904666666665,plant,1,inputs/plants_unit.csv,2025,P0138,138,,,Jilin
node_00366,129.6441606666667,44.627998,plant,1,inputs/plants_unit.csv,2025,P0139,139,,,Heilongjiang
node_00367,111.54342933333332,21.508771,plant,1,inputs/plants_unit.csv,2025,P0140,140,,,Guangdong
node_00368,120.34899307142857,37.63422128571428,plant,1,inputs/plants_unit.csv,2025,P0141,141,,,Shandong
node_00369,121.67171711111112,32.064600444444444,plant,1,inputs/plants_unit.csv,2025,P0142,142,,,Jiangsu
node_00370,103.20416861428572,23.831920442857147,plant,1,inputs/plants_unit.csv,2025,P0143,143,,,Yunnan
node_00371,113.53523736363633,37.83865712727273,plant,1,inputs/plants_unit.csv,2025,P0144,144,,,Shanxi
node_00372,122.111451375,40.336695375000005,plant,1,inputs/plants_unit.csv,2025,P0145,145,,,Liaoning
node_00373,110.60157317,35.60675549,plant,1,inputs/plants_unit.csv,2025,P0146,146,,,Shanxi
node_00374,112.9491444,40.9942226,plant,1,inputs/plants_unit.csv,2025,P0147,147,,,Inner Mongolia
node_00375,121.17031739999996,37.58648391999999,plant,1,inputs/plants_unit.csv,2025,P0148,148,,,Shandong
node_00376,109.11732799999996,35.73940914285714,plant,1,inputs/plants_unit.csv,2025,P0149,149,,,Shaanxi
node_00377,107.028961,27.13609633333333,plant,1,inputs/plants_unit.csv,2025,P0150,150,,,Guizhou
node_00378,117.24917,36.84487961052631,plant,1,inputs/plants_unit.csv,2025,P0151,151,,,Shandong
node_00379,110.8766253,21.674481614285718,plant,1,inputs/plants_unit.csv,2025,P0152,152,,,Guangdong
node_00380,130.29474041818182,47.05959753636363,plant,1,inputs/plants_unit.csv,2025,P0153,153,,,Heilongjiang
node_00381,117.49515763809524,38.89308288571428,plant,1,inputs/plants_unit.csv,2025,P0154,154,,,Tianjin
node_00382,113.0482917,36.9563088,plant,1,inputs/plants_unit.csv,2025,P0155,155,,,Shanxi
node_00383,102.3335597,25.0149171,plant,1,inputs/plants_unit.csv,2025,P0156,156,,,Yunnan
node_00384,105.61257831999998,26.32126902000001,plant,1,inputs/plants_unit.csv,2025,P0157,157,,,Guizhou
node_00385,106.45162566666669,23.29812266666666,plant,1,inputs/plants_unit.csv,2025,P0158,158,,,Guangxi
node_00386,118.63520546666663,24.687213566666667,plant,1,inputs/plants_unit.csv,2025,P0159,159,,,Fujian
node_00387,112.36138973333333,30.151720266666665,plant,1,inputs/plants_unit.csv,2025,P0160,160,,,Hubei
node_00388,118.8811483,28.9022094,plant,1,inputs/plants_unit.csv,2025,P0161,161,,,Zhejiang
node_00389,117.7606535,35.409393550000004,plant,1,inputs/plants_unit.csv,2025,P0162,162,,,Shandong
node_00390,116.90355235,39.31496365,plant,1,inputs/plants_unit.csv,2025,P0163,163,,,Hebei
node_00391,112.9124966,28.5953512,plant,1,inputs/plants_unit.csv,2025,P0164,164,,,Hunan
node_00392,113.6907271,36.5985437,plant,1,inputs/plants_unit.csv,2025,P0165,165,,,Hebei
node_00393,106.9209267,23.73388806,plant,1,inputs/plants_unit.csv,2025,P0166,166,,,Guangxi
node_00394,117.967045252,36.863153202,plant,1,inputs/plants_unit.csv,2025,P0167,167,,,Shandong
node_00395,82.08918665,44.86349865,plant,1,inputs/plants_unit.csv,2025,P0168,168,,,Xinjiang
node_00396,105.49295496666667,27.159312466666663,plant,1,inputs/plants_unit.csv,2025,P0169,169,,,Guizhou
node_00397,118.63321123,37.40831771999999,plant,1,inputs/plants_unit.csv,2025,P0170,170,,,Shandong
node_00398,108.8980685142857,34.31278957142858,plant,1,inputs/plants_unit.csv,2025,P0171,171,,,Shaanxi
node_00399,104.81546613333336,31.82574306666667,plant,1,inputs/plants_unit.csv,2025,P0172,172,,,Sichuan
node_00400,105.9749642,37.94774005,plant,1,inputs/plants_unit.csv,2025,P0173,173,,,Ningxia
node_00401,113.02755668571427,36.34547512380952,plant,1,inputs/plants_unit.csv,2025,P0174,174,,,Shanxi
node_00402,108.8925723,27.2103544,plant,1,inputs/plants_unit.csv,2025,P0175,175,,,Guizhou
node_00403,112.16024828,31.92788278,plant,1,inputs/plants_unit.csv,2025,P0176,176,,,Hubei
node_00404,123.4633255,43.5282178,plant,1,inputs/plants_unit.csv,2025,P0177,177,,,Jilin
node_00405,109.52639,36.7187265,plant,1,inputs/plants_unit.csv,2025,P0178,178,,,Shaanxi
node_00406,118.0379032625,24.419180087500003,plant,1,inputs/plants_unit.csv,2025,P0179,179,,,Fujian
node_00407,117.568398,49.461172000000005,plant,1,inputs/plants_unit.csv,2025,P0180,180,,,Inner Mongolia
node_00408,81.232426,43.9809660952381,plant,1,inputs/plants_unit.csv,2025,P0181,181,,,Xinjiang
node_00409,116.15259249090909,29.75556527272727,plant,1,inputs/plants_unit.csv,2025,P0182,182,,,Jiangxi
node_00410,87.7296623,47.28983,plant,1,inputs/plants_unit.csv,2025,P0183,183,,,Xinjiang
node_00411,117.83290064347824,37.425986234782606,plant,1,inputs/plants_unit.csv,2025,P0184,184,,,Shandong
node_00412,106.9379912,28.00455835,plant,1,inputs/plants_unit.csv,2025,P0185,185,,,Guizhou
node_00413,105.39427115384616,37.59225300000001,plant,1,inputs/plants_unit.csv,2025,P0186,186,,,Ningxia
node_00414,121.331659,43.585098,plant,1,inputs/plants_unit.csv,2025,P0187,187,,,Inner Mongolia
node_00415,92.926001,44.53792,plant,1,inputs/plants_unit.csv,2025,P0188,188,,,Xinjiang
node_00416,103.0278556,24.9631234,plant,1,inputs/plants_unit.csv,2025,P0189,189,,,Yunnan
node_00417,119.00320116666668,33.51324183333334,plant,1,inputs/plants_unit.csv,2025,P0190,190,,,Jiangsu
node_00418,111.492692,26.56672,plant,1,inputs/plants_unit.csv,2025,P0191,191,,,Hunan
node_00419,108.98365166666666,37.822902,plant,1,inputs/plants_unit.csv,2025,P0192,192,,,Shaanxi
node_00420,108.93004633333334,22.806623733333332,plant,1,inputs/plants_unit.csv,2025,P0193,193,,,Guangxi
node_00421,106.141932,33.346156,plant,1,inputs/plants_unit.csv,2025,P0194,194,,,Shaanxi
node_00422,107.491416,31.324767,plant,1,inputs/plants_unit.csv,2025,P0195,195,,,Sichuan
node_00423,94.9857948,43.7063773,plant,1,inputs/plants_unit.csv,2025,P0196,196,,,Xinjiang
node_00424,117.4607848,27.3866923,plant,1,inputs/plants_unit.csv,2025,P0197,197,,,Fujian
node_00425,105.1007823,34.7548032,plant,1,inputs/plants_unit.csv,2025,P0198,198,,,Gansu
node_00426,116.786405,43.063974,plant,1,inputs/plants_unit.csv,2025,P0199,199,,,Inner Mongolia
node_00427,76.0498524,39.4815702,plant,1,inputs/plants_unit.csv,2025,P0200,200,,,Xinjiang
node_00428,127.035146,46.658416,plant,1,inputs/plants_unit.csv,2025,P0201,201,,,Heilongjiang
node_00429,115.02031085,27.04720645,plant,1,inputs/plants_unit.csv,2025,P0202,202,,,Jiangxi
node_00430,119.7869442,49.2971288,plant,1,inputs/plants_unit.csv,2025,P0203,203,,,Inner Mongolia
node_00431,128.750564,47.738549,plant,1,inputs/plants_unit.csv,2025,P0204,204,,,Heilongjiang
node_00432,108.767778,40.651111,plant,1,inputs/plants_unit.csv,2025,P0205,205,,,Inner Mongolia
node_00433,110.737906,32.683566,plant,1,inputs/plants_unit.csv,2025,P0206,206,,,Hubei
node_00434,86.14399902857143,44.38875934285716,plant,1,inputs/plants_unit.csv,2025,P0207,207,,,Xinjiang
node_00435,101.504877,26.600634,plant,1,inputs/plants_unit.csv,2025,P0208,208,,,Sichuan
node_00436,119.5068449,29.1866175,plant,1,inputs/plants_unit.csv,2025,P0209,209,,,Zhejiang
node_00437,118.865,30.86956,plant,1,inputs/plants_unit.csv,2025,P0210,210,,,Anhui
node_00438,114.4450842,34.8060821,plant,1,inputs/plants_unit.csv,2025,P0211,211,,,Henan
node_00439,100.462929,39.071222,plant,1,inputs/plants_unit.csv,2025,P0212,212,,,Gansu
node_00440,115.22746642857145,30.139824142857144,plant,1,inputs/plants_unit.csv,2025,P0213,213,,,Hubei
node_00441,81.22118188571429,40.57628974285715,plant,1,inputs/plants_unit.csv,2025,P0214,214,,,Xinjiang
node_00442,115.6012217,37.7526565,plant,1,inputs/plants_unit.csv,2025,P0215,215,,,Hebei
node_00443,126.5290168,48.2323268,plant,1,inputs/plants_unit.csv,2025,P0216,216,,,Heilongjiang
node_00444,109.18408,19.772636,plant,1,inputs/plants_unit.csv,2025,P0217,217,,,Hainan
node_00445,112.2396082,31.04729105,plant,1,inputs/plants_unit.csv,2025,P0218,218,,,Hubei
node_00446,124.713103425,45.18673232500001,plant,1,inputs/plants_unit.csv,2025,P0219,219,,,Jilin
node_00447,114.636465,39.812212,plant,1,inputs/plants_unit.csv,2025,P0220,220,,,Hebei
node_00448,106.7692569,35.395936240000005,plant,1,inputs/plants_unit.csv,2025,P0221,221,,,Gansu
node_00449,116.5644289,27.7844943,plant,1,inputs/plants_unit.csv,2025,P0222,222,,,Jiangxi
node_00450,118.48500455789474,31.722853400000005,plant,1,inputs/plants_unit.csv,2025,P0223,223,,,Anhui
node_00451,80.284606,41.116463,plant,1,inputs/plants_unit.csv,2025,P0224,224,,,Xinjiang
node_00452,132.54726,46.250035,plant,1,inputs/plants_unit.csv,2025,P0225,225,,,Heilongjiang
node_00453,116.491363,31.656523,plant,1,inputs/plants_unit.csv,2025,P0226,226,,,Anhui
node_00454,112.01524108333336,37.256315066666666,plant,1,inputs/plants_unit.csv,2025,P0227,227,,,Shanxi
node_00455,123.2061971,39.6759023,plant,1,inputs/plants_unit.csv,2025,P0228,228,,,Liaoning
node_00456,111.0107946818182,34.80419690909091,plant,1,inputs/plants_unit.csv,2025,P0229,229,,,Henan
node_00457,115.1452,43.5503,plant,1,inputs/plants_unit.csv,2025,P0230,230,,,Inner Mongolia
node_00458,117.27690395,25.2826263,plant,1,inputs/plants_unit.csv,2025,P0231,231,,,Fujian
node_00459,118.711438,43.589584,plant,1,inputs/plants_unit.csv,2025,P0232,232,,,Inner Mongolia
node_00460,82.88791,41.73815,plant,1,inputs/plants_unit.csv,2025,P0233,233,,,Xinjiang
node_00461,112.643208,26.99216,plant,1,inputs/plants_unit.csv,2025,P0234,234,,,Hunan
node_00462,116.7196555,44.587344,plant,1,inputs/plants_unit.csv,2025,P0235,235,,,Inner Mongolia
node_00463,114.17151851428574,35.9368248,plant,1,inputs/plants_unit.csv,2025,P0236,236,,,Henan
node_00464,115.10297395,25.92432775,plant,1,inputs/plants_unit.csv,2025,P0237,237,,,Jiangxi
node_00465,105.57982345,32.331679699999995,plant,1,inputs/plants_unit.csv,2025,P0238,238,,,Sichuan
node_00466,106.45517692,27.52040356,plant,1,inputs/plants_unit.csv,2025,P0239,239,,,Guizhou
node_00467,109.82803,20.51161,plant,1,inputs/plants_unit.csv,2025,P0240,240,,,Guangdong
node_00468,111.693474,23.985332,plant,1,inputs/plants_unit.csv,2025,P0241,241,,,Guangxi
node_00469,90.22066,44.50694375,plant,1,inputs/plants_unit.csv,2025,P0242,242,,,Xinjiang
node_00470,116.88456934999998,32.72965889545455,plant,1,inputs/plants_unit.csv,2025,P0243,243,,,Anhui
node_00471,98.30868356666667,39.79236645,plant,1,inputs/plants_unit.csv,2025,P0244,244,,,Gansu
node_00472,111.494179,30.3951102,plant,1,inputs/plants_unit.csv,2025,P0245,245,,,Hubei
node_00473,119.571302776,45.461377824,plant,1,inputs/plants_unit.csv,2025,P0246,246,,,Inner Mongolia
node_00474,118.9042265,38.096445,plant,1,inputs/plants_unit.csv,2025,P0247,247,,,Shandong
node_00475,113.55311391818182,35.28212610000001,plant,1,inputs/plants_unit.csv,2025,P0248,248,,,Henan
node_00476,102.86741,36.519356,plant,1,inputs/plants_unit.csv,2025,P0249,249,,,Gansu
node_00477,97.359004,40.208093,plant,1,inputs/plants_unit.csv,2025,P0250,250,,,Gansu
node_00478,116.94265595000002,38.3476141,plant,1,inputs/plants_unit.csv,2025,P0251,251,,,Hebei
node_00479,111.34667,24.73609,plant,1,inputs/plants_unit.csv,2025,P0252,252,,,Guangxi
node_00480,107.502443,23.339667,plant,1,inputs/plants_unit.csv,2025,P0253,253,,,Guangxi
node_00481,114.005752,27.641968,plant,1,inputs/plants_unit.csv,2025,P0254,254,,,Jiangxi
node_00482,117.05617661538456,30.56392938461539,plant,1,inputs/plants_unit.csv,2025,P0255,255,,,Anhui
node_00483,128.065134,46.980043,plant,1,inputs/plants_unit.csv,2025,P0256,256,,,Heilongjiang
node_00484,122.390042,42.970016,plant,1,inputs/plants_unit.csv,2025,P0257,257,,,Inner Mongolia
node_00485,84.003586,41.821533,plant,1,inputs/plants_unit.csv,2025,P0258,258,,,Xinjiang
node_00486,106.08843133333332,26.953804166666668,plant,1,inputs/plants_unit.csv,2025,P0259,259,,,Guizhou
node_00487,106.291944,36.044444,plant,1,inputs/plants_unit.csv,2025,P0260,260,,,Ningxia
node_00488,88.32697,38.950112,plant,1,inputs/plants_unit.csv,2025,P0261,261,,,Xinjiang
node_00489,107.5423551,26.6304173,plant,1,inputs/plants_unit.csv,2025,P0262,262,,,Guizhou
node_00490,108.118848,34.258855,plant,1,inputs/plants_unit.csv,2025,P0263,263,,,Shaanxi
node_00491,104.5803369,30.7056052,plant,1,inputs/plants_unit.csv,2025,P0264,264,,,Sichuan
node_00492,102.685854,37.901104,plant,1,inputs/plants_unit.csv,2025,P0265,265,,,Gansu
node_00493,124.169753,50.427253,plant,1,inputs/plants_unit.csv,2025,P0266,266,,,Heilongjiang
node_00494,113.87296000000002,29.665230000000005,plant,1,inputs/plants_unit.csv,2025,P0267,267,,,Hubei
node_00495,119.341125,41.560504,plant,1,inputs/plants_unit.csv,2025,P0268,268,,,Inner Mongolia
node_00496,116.60407514736842,23.12340687368421,plant,1,inputs/plants_unit.csv,2025,P0269,269,,,Guangdong
node_00497,86.5936,46.6088,plant,1,inputs/plants_unit.csv,2025,P0270,270,,,Xinjiang
node_00498,113.06552,25.25886,plant,1,inputs/plants_unit.csv,2025,P0271,271,,,Guangdong
node_00499,94.883333,36.416667,plant,1,inputs/plants_unit.csv,2025,P0272,272,,,Qinghai
node_00500,117.37926,26.00357,plant,1,inputs/plants_unit.csv,2025,P0273,273,,,Fujian
node_00501,116.15334,38.74469,plant,1,inputs/plants_unit.csv,2025,P0274,274,,,Hebei
node_00502,102.157971575,38.433599375,plant,1,inputs/plants_unit.csv,2025,P0275,275,,,Gansu
node_00503,87.914977,42.82463,plant,1,inputs/plants_unit.csv,2025,P0276,276,,,Xinjiang
node_00504,109.6934879,24.4560027,plant,1,inputs/plants_unit.csv,2025,P0277,277,,,Guangxi
node_00505,109.4795544,39.0850986,plant,1,inputs/plants_unit.csv,2025,P0278,278,,,Inner Mongolia
node_00506,109.7658333,23.1119444,plant,1,inputs/plants_unit.csv,2025,P0279,279,,,Guangxi
node_00507,117.6878713,32.9337496,plant,1,inputs/plants_unit.csv,2025,P0280,280,,,Anhui
node_00508,85.0218233,45.54546385,plant,1,inputs/plants_unit.csv,2025,P0281,281,,,Xinjiang
node_00509,118.7059434,35.7063058,plant,1,inputs/plants_unit.csv,2025,P0282,282,,,Shandong
node_00510,113.522017,31.640073,plant,1,inputs/plants_unit.csv,2025,P0283,283,,,Hubei
node_00511,117.91056765294118,38.10652717647059,plant,1,inputs/plants_unit.csv,2025,P0284,284,,,Shandong
node_00512,104.0667928,25.6622058,plant,1,inputs/plants_unit.csv,2025,P0285,285,,,Yunnan
node_00513,115.9378971,28.81613945,plant,1,inputs/plants_unit.csv,2025,P0286,286,,,Jiangxi
node_00514,104.169048,37.232754,plant,1,inputs/plants_unit.csv,2025,P0287,287,,,Gansu
node_00515,113.180878,44.018566,plant,1,inputs/plants_unit.csv,2025,P0288,288,,,Inner Mongolia
node_00516,120.835657,49.283636,plant,1,inputs/plants_unit.csv,2025,P0289,289,,,Inner Mongolia
node_00517,106.24904266666664,28.29239933333333,plant,1,inputs/plants_unit.csv,2025,P0290,290,,,Guizhou
node_00518,112.75008345,38.4604465,plant,1,inputs/plants_unit.csv,2025,P0291,291,,,Shanxi
node_00519,108.456944,31.269167,plant,1,inputs/plants_unit.csv,2025,P0292,292,,,Chongqing
node_00520,105.85501600000002,29.0363,plant,1,inputs/plants_unit.csv,2025,P0293,293,,,Chongqing
node_00521,117.08502,29.18719,plant,1,inputs/plants_unit.csv,2025,P0294,294,,,Jiangxi
node_00522,112.89723415555557,23.012968666666666,plant,1,inputs/plants_unit.csv,2025,P0295,295,,,Guangdong
node_00523,114.140877,32.109018,plant,1,inputs/plants_unit.csv,2025,P0296,296,,,Henan
node_00524,117.857259,28.28488,plant,1,inputs/plants_unit.csv,2025,P0297,297,,,Jiangxi
node_00525,88.51703900000001,44.087246,plant,1,inputs/plants_unit.csv,2025,P0298,298,,,Xinjiang
node_00526,121.254736,39.574197000000005,plant,1,inputs/plants_unit.csv,2025,P0299,299,,,Liaoning
node_00527,107.555455,22.494869,plant,1,inputs/plants_unit.csv,2025,P0300,300,,,Guangxi
node_00528,119.303398,31.487864,plant,1,inputs/plants_unit.csv,2025,P0301,301,,,Jiangsu
node_00529,81.66835,41.720435,plant,1,inputs/plants_unit.csv,2025,P0302,302,,,Xinjiang
node_00530,114.0485942,32.9569897,plant,1,inputs/plants_unit.csv,2025,P0303,303,,,Henan
node_00531,101.042068,41.913656,plant,1,inputs/plants_unit.csv,2025,P0304,304,,,Inner Mongolia
node_00532,117.630486,44.562956,plant,1,inputs/plants_unit.csv,2025,P0305,305,,,Inner Mongolia
node_00533,109.115512,39.91998,plant,1,inputs/plants_unit.csv,2025,P0306,306,,,Inner Mongolia
node_00534,113.465393,28.935746,plant,1,inputs/plants_unit.csv,2025,P0307,307,,,Hunan
node_00535,100.9098322,36.974299,plant,1,inputs/plants_unit.csv,2025,P0308,308,,,Qinghai
node_00536,121.41631999999998,44.97107,plant,1,inputs/plants_unit.csv,2025,P0309,309,,,Inner Mongolia
node_00537,110.0629,33.807099,plant,1,inputs/plants_unit.csv,2025,P0310,310,,,Shaanxi
node_00538,111.7,29.031,plant,1,inputs/plants_unit.csv,2025,P0311,311,,,Hunan
node_00539,111.376042,35.590983,plant,1,inputs/plants_unit.csv,2025,P0312,312,,,Shanxi
node_00540,78.967921,39.895939,plant,1,inputs/plants_unit.csv,2025,P0313,313,,,Xinjiang
node_00541,112.162201,40.27631,plant,1,inputs/plants_unit.csv,2025,P0314,314,,,Inner Mongolia
node_00542,115.69073736,28.160454680000004,plant,1,inputs/plants_unit.csv,2025,P0315,315,,,Jiangxi
node_00543,109.447256,31.118822,plant,1,inputs/plants_unit.csv,2025,P0316,316,,,Chongqing
node_00544,118.36866000000002,33.839984,plant,1,inputs/plants_unit.csv,2025,P0317,317,,,Jiangsu
node_00545,124.4014418,43.15431715,plant,1,inputs/plants_unit.csv,2025,P0318,318,,,Jilin
node_00546,113.747689,40.86604,plant,1,inputs/plants_unit.csv,2025,P0319,319,,,Inner Mongolia
node_00547,107.489232,25.226875,plant,1,inputs/plants_unit.csv,2025,P0320,320,,,Guizhou
node_00548,125.1600082,42.8720236,plant,1,inputs/plants_unit.csv,2025,P0321,321,,,Jilin
node_00549,90.126799,42.974907,plant,1,inputs/plants_unit.csv,2025,P0322,322,,,Xinjiang
node_00550,111.90004,33.086416,plant,1,inputs/plants_unit.csv,2025,P0323,323,,,Henan
node_00551,107.237001675,34.46888477500001,plant,1,inputs/plants_unit.csv,2025,P0324,324,,,Shaanxi
node_00552,120.717248,30.22652,plant,1,inputs/plants_unit.csv,2025,P0325,325,,,Zhejiang
node_00553,121.57206112,29.49122172,plant,1,inputs/plants_unit.csv,2025,P0326,326,,,Zhejiang
node_00554,108.333304,30.60260700000001,plant,1,inputs/plants_unit.csv,2025,P0327,327,,,Chongqing
node_00555,122.1535206,43.6713737,plant,1,inputs/plants_unit.csv,2025,P0328,328,,,Inner Mongolia
node_00556,80.437165,44.148549,plant,1,inputs/plants_unit.csv,2025,P0329,329,,,Xinjiang
node_00557,96.51300000000002,40.6599,plant,1,inputs/plants_unit.csv,2025,P0330,330,,,Gansu
node_00558,117.0972,23.56645,plant,1,inputs/plants_unit.csv,2025,P0331,331,,,Guangdong
node_00559,114.8433969,38.5122064,plant,1,inputs/plants_unit.csv,2025,P0332,332,,,Hebei
node_00560,114.640278,23.567222,plant,1,inputs/plants_unit.csv,2025,P0333,333,,,Guangdong
node_00561,115.999182,39.563323,plant,1,inputs/plants_unit.csv,2025,P0334,334,,,Hebei
node_00562,114.8921871,31.1420662,plant,1,inputs/plants_unit.csv,2025,P0335,335,,,Hubei
node_00563,119.106454,45.955947,plant,1,inputs/plants_unit.csv,2025,P0336,336,,,Inner Mongolia
node_00564,105.776871,25.377552,plant,1,inputs/plants_unit.csv,2025,P0337,337,,,Guizhou
node_00565,110.06851,25.10107,plant,1,inputs/plants_unit.csv,2025,P0338,338,,,Guangxi
node_00566,110.0319297,19.9600112,plant,1,inputs/plants_unit.csv,2025,P0339,339,,,Hainan
node_00567,119.0763143846154,42.26995515384616,plant,1,inputs/plants_unit.csv,2025,P0340,340,,,Inner Mongolia
node_00568,114.879269,37.64045,plant,1,inputs/plants_unit.csv,2025,P0341,341,,,Hebei
node_00569,121.5744765125,28.854719537500003,plant,1,inputs/plants_unit.csv,2025,P0342,342,,,Zhejiang
node_00570,112.2686111,28.596666700000004,plant,1,inputs/plants_unit.csv,2025,P0343,343,,,Hunan
node_00571,88.181922,37.876453,plant,1,inputs/plants_unit.csv,2025,P0344,344,,,Xinjiang
node_00572,102.473117,38.949575,plant,1,inputs/plants_unit.csv,2025,P0345,345,,,Gansu
node_00573,116.1394932,43.997505,plant,1,inputs/plants_unit.csv,2025,P0346,346,,,Inner Mongolia
node_00574,106.40747515,38.9737633,plant,1,inputs/plants_unit.csv,2025,P0347,347,,,Ningxia
node_00575,118.86002289473684,32.23087336842106,plant,1,inputs/plants_unit.csv,2025,P0348,348,,,Jiangsu
node_00576,113.8715649,22.4815686,plant,1,inputs/plants_unit.csv,2025,P0349,349,,,Guangdong
node_00577,110.943891,23.290635,plant,1,inputs/plants_unit.csv,2025,P0350,350,,,Guangxi
node_00578,124.9161,28.978,storage_hub,1,封存汇图层-Fan,Fan_raster_5km,,,S001,1,nan
node_00579,113.1052,19.3611,storage_hub,1,封存汇图层-Fan,Fan_raster_5km,,,S002,2,nan
node_00580,84.0895,39.878,storage_hub,1,封存汇图层-Fan,Fan_raster_5km,,,S003,3,nan
node_00581,125.293,46.4711,storage_hub,1,封存汇图层-Fan,Fan_raster_5km,,,S004,4,nan
node_00582,119.4515,38.7978,storage_hub,1,封存汇图层-Fan,Fan_raster_5km,,,S005,5,nan
node_00583,118.5939,32.6443,storage_hub,1,封存汇图层-Fan,Fan_raster_5km,,,S006,6,nan
node_00584,109.5257,20.3398,storage_hub,1,封存汇图层-Fan,Fan_raster_5km,,,S007,7,nan
node_00585,116.1741,38.7676,storage_hub,1,封存汇图层-Fan,Fan_raster_5km,,,S008,8,nan
node_00586,115.0295,33.4334,storage_hub,1,封存汇图层-Fan,Fan_raster_5km,,,S009,9,nan
node_00587,90.7918,43.0487,storage_hub,1,封存汇图层-Fan,Fan_raster_5km,,,S010,10,nan
node_00588,93.3294,37.5934,storage_hub,1,封存汇图层-Fan,Fan_raster_5km,,,S011,11,nan
node_00589,105.8549,30.5153,storage_hub,1,封存汇图层-Fan,Fan_raster_5km,,,S012,12,nan
node_00590,86.7068,45.1448,storage_hub,1,封存汇图层-Fan,Fan_raster_5km,,,S013,13,nan
node_00591,114.971,44.5434,storage_hub,1,封存汇图层-Fan,Fan_raster_5km,,,S014,14,nan
node_00592,123.5795,38.6369,storage_hub,1,封存汇图层-Fan,Fan_raster_5km,,,S015,15,nan
node_00593,104.4555,40.8709,storage_hub,1,封存汇图层-Fan,Fan_raster_5km,,,S016,16,nan
node_00594,122.7215,35.5668,storage_hub,1,封存汇图层-Fan,Fan_raster_5km,,,S017,17,nan
node_00595,131.3162,47.2219,storage_hub,1,封存汇图层-Fan,Fan_raster_5km,,,S018,18,nan
node_00596,112.6552,32.6692,storage_hub,1,封存汇图层-Fan,Fan_raster_5km,,,S019,19,nan
node_00597,111.7645,42.7137,storage_hub,1,封存汇图层-Fan,Fan_raster_5km,,,S020,20,nan
node_00598,107.9666,37.6034,storage_hub,1,封存汇图层-Fan,Fan_raster_5km,,,S021,21,nan
node_00599,112.7198,36.9409,storage_hub,1,封存汇图层-Fan,Fan_raster_5km,,,S022,22,nan
node_00600,81.7325,36.5368,storage_hub,1,封存汇图层-Fan,Fan_raster_5km,,,S023,23,nan
node_00601,82.0925,41.9938,storage_hub,1,封存汇图层-Fan,Fan_raster_5km,,,S024,24,nan
node_00602,100.8123,41.5034,storage_hub,1,封存汇图层-Fan,Fan_raster_5km,,,S025,25,nan
node_00603,112.4539,30.3336,storage_hub,1,封存汇图层-Fan,Fan_raster_5km,,,S026,26,nan
node_00604,122.1384,33.6558,storage_hub,1,封存汇图层-Fan,Fan_raster_5km,,,S027,27,nan
node_00605,84.4855,37.4511,storage_hub,1,封存汇图层-Fan,Fan_raster_5km,,,S028,28,nan
node_00606,93.3167,42.4045,storage_hub,1,封存汇图层-Fan,Fan_raster_5km,,,S029,29,nan
node_00607,115.3057,21.1915,storage_hub,1,封存汇图层-Fan,Fan_raster_5km,,,S030,30,nan
node_00608,117.4594,48.1257,storage_hub,1,封存汇图层-Fan,Fan_raster_5km,,,S031,31,nan
node_00609,115.2849,35.6839,storage_hub,1,封存汇图层-Fan,Fan_raster_5km,,,S032,32,nan
node_00610,90.9983,38.064,storage_hub,1,封存汇图层-Fan,Fan_raster_5km,,,S033,33,nan
node_00611,122.995,41.692,storage_hub,1,封存汇图层-Fan,Fan_raster_5km,,,S034,34,nan
node_00612,124.8488,43.4594,storage_hub,1,封存汇图层-Fan,Fan_raster_5km,,,S035,35,nan
