plant_id,plant_index,plant_site,unit_count,total_capacity_mw,mean_commission_year,retirement_year,province_mode,dominant_combustion,dominant_cooling_technology,combustion_mix,capacity_mw_once_through,capacity_mw_recirculating,capacity_mw_air,weighted_water_intensity_m3_per_mwh,quota_intensity_m3_per_mwh,air_consumption_intensity_m3_per_mwh,air_consumption_ccs_intensity_m3_per_mwh,already_air_share,requires_water_supply,centroid_latitude,centroid_longitude,source,year_basis,coast_distance_km,seawater_cooled,freshwater_intensity_m3_per_mwh,withdrawal_intensity_m3_per_mwh,consumption_intensity_m3_per_mwh,withdrawal_ccs_intensity_m3_per_mwh,consumption_ccs_intensity_m3_per_mwh,quota_ccs_intensity_m3_per_mwh
P0001,1,H350_000,18,12260.0,2011.1666666666667,2051,Fujian,supercritical,once-through,supercritical:0.444;ultra-supercritical:0.444;subcritical:0.111,12260.0,0.0,0.0,0.35,0.4012,0.1406,0.2804,0.0,False,26.37928888888889,119.69716297777778,inputs/plants_unit.csv,2025,3.48,True,0.0,0.0,0.0,0.0,0.0,0.4012
P0002,2,H350_001,32,14030.0,2013.46875,2053,Shanxi,supercritical,Air,supercritical:0.500;subcritical:0.438;ultra-supercritical:0.062,0.0,1910.0,12120.0,0.5715,0.8413,0.1673,0.3177,0.8639,True,39.44562280625,112.5059534875,inputs/plants_unit.csv,2025,446.91,False,0.5715,0.4911,0.4137,0.9658,0.7656,1.1932
P0003,3,H350_002,17,6765.0,2008.4117647058824,2048,Chongqing,subcritical,recirculating,subcritical:0.765;supercritical:0.235,2640.0,4125.0,0.0,1.2646,1.7052,0.1844,0.3405,0.0,True,29.095265411764704,106.56065670588235,inputs/plants_unit.csv,2025,818.09,False,1.2646,46.8173,1.5534,80.3071,2.6861,2.8379
P0004,4,H350_003,11,2160.0,2014.8181818181818,2054,Inner Mongolia,subcritical,recirculating,subcritical:1.000,0.0,1500.0,660.0,1.3978,2.1186,0.2,0.36,0.3056,True,40.72295445454545,107.40690754545453,inputs/plants_unit.csv,2025,901.68,False,1.3978,1.6744,1.4569,3.2694,2.6447,3.3064
P0005,5,H350_004,9,3765.0,2010.6666666666667,2050,Sichuan,subcritical,recirculating,subcritical:0.556;supercritical:0.444,0.0,3765.0,0.0,1.85,2.3873,0.1745,0.3281,0.0,True,28.61919437777778,104.9672844,inputs/plants_unit.csv,2025,821.76,False,1.85,2.2335,1.755,4.2741,3.2739,3.9062
P0006,6,H350_005,15,5140.0,2010.2666666666667,2050,Hebei,subcritical,recirculating,subcritical:0.600;supercritical:0.267;ultra-supercritical:0.133,400.0,4740.0,0.0,1.7333,2.4774,0.1686,0.3181,0.0,True,39.741398106666665,118.25929270666668,inputs/plants_unit.csv,2025,59.87,False,1.7333,10.9747,1.6485,19.2784,3.0554,3.8843
P0007,7,H350_006,18,8696.0,2010.5,2050,Hebei,subcritical,recirculating,subcritical:0.667;ultra-supercritical:0.333,1200.0,7496.0,0.0,1.643,1.9194,0.1448,0.2841,0.0,True,39.17751832222221,118.36966382222224,inputs/plants_unit.csv,2025,10.93,True,1.5947,1.4876,1.2152,3.1494,2.3736,3.0778
P0008,8,H350_007,23,2736.0,2010.5217391304348,2050,Shandong,subcritical,recirculating,subcritical:0.913;ultra-supercritical:0.087,2000.0,736.0,0.0,0.7535,1.1842,0.1602,0.3053,0.0,True,37.34379926086956,122.11088608695654,inputs/plants_unit.csv,2025,10.01,True,0.4977,0.6214,0.5407,1.2132,0.9819,1.6254
P0009,9,H350_008,64,21340.0,2008.984375,2048,Inner Mongolia,subcritical,recirculating,subcritical:0.750;supercritical:0.141;ultra-supercritical/CCS:0.062;ultra-supercritical:0.047,0.0,14820.0,6520.0,1.3978,1.8933,0.1683,0.3174,0.3055,True,40.544682800000004,109.97652060625,inputs/plants_unit.csv,2025,685.26,False,1.3978,1.4433,1.1872,2.9083,2.2436,2.9497
P0010,10,H350_009,6,3720.0,2016.1666666666667,2056,Yunnan,supercritical,recirculating,supercritical:0.667;ultra-supercritical:0.333,0.0,3720.0,0.0,1.85,2.35,0.1458,0.2887,0.0,True,27.534283966666663,104.82352106666667,inputs/plants_unit.csv,2025,723.1,False,1.85,1.9735,1.4858,3.8916,2.8719,3.7361
P0011,11,H350_010,14,8530.0,2006.5714285714287,2046,Guangdong,subcritical,once-through,subcritical:0.643;supercritical:0.214;ultra-supercritical:0.143,7630.0,900.0,0.0,0.5083,0.6371,0.1728,0.3237,0.0,True,22.019859071428574,113.01274548571429,inputs/plants_unit.csv,2025,0.13,True,0.1952,0.2353,0.1839,0.4498,0.3436,0.7968
P0012,12,H350_011,13,5600.0,2002.8461538461538,2042,Liaoning,subcritical,recirculating,subcritical:0.538;supercritical:0.308;ultra-supercritical:0.154,600.0,5000.0,0.0,1.6893,2.2861,0.1657,0.315,0.0,True,42.46554086923077,123.77717060769234,inputs/plants_unit.csv,2025,230.49,False,1.6893,11.3925,1.5793,20.9811,2.9204,3.6272
P0013,13,H350_012,41,17570.0,2007.6097560975609,2047,Shanxi,subcritical,recirculating,subcritical:0.756;supercritical:0.146;ultra-supercritical:0.098,1260.0,7670.0,8640.0,1.0146,1.3271,0.1742,0.3255,0.4917,True,40.141459399999995,113.16431352926828,inputs/plants_unit.csv,2025,412.14,False,1.0146,9.3047,0.8864,16.2177,1.6328,2.0735
P0014,14,H350_013,8,2460.0,2009.875,2049,Guangdong,subcritical,recirculating,subcritical:0.750;ultra-supercritical:0.250,1320.0,1140.0,0.0,1.0451,1.5863,0.1571,0.301,0.0,True,22.974058575,112.024739125,inputs/plants_unit.csv,2025,107.11,False,1.0451,45.4998,1.0538,78.929,1.876,2.4085
P0015,15,H350_014,6,2530.0,2004.6666666666667,2044,Hunan,subcritical,once-through,subcritical:1.000,1930.0,600.0,0.0,0.7057,0.9781,0.2,0.36,0.0,True,26.08946423333333,113.088394,inputs/plants_unit.csv,2025,372.34,False,0.7057,89.4041,1.4226,152.9598,2.2158,1.7713
P0016,16,H350_015,18,8480.0,2014.388888888889,2054,Hubei,ultra-supercritical,once-through,ultra-supercritical:0.444;subcritical:0.333;CFB:0.111;supercritical:0.111,7960.0,520.0,0.0,0.442,0.5477,0.1355,0.2715,0.0,True,30.660474866666668,113.8259234888889,inputs/plants_unit.csv,2025,663.64,False,0.442,83.1013,0.4759,143.3809,0.7409,0.8127
P0017,17,H350_016,10,9320.0,2020.5,2060,Jiangsu,ultra-supercritical,once-through,ultra-supercritical:1.000,9320.0,0.0,0.0,0.35,0.3599,0.12,0.25,0.0,False,34.11185295999999,120.33350572000002,inputs/plants_unit.csv,2025,0.37,True,0.0,0.0,0.0,0.0,0.0,0.3599
P0018,18,H350_017,4,1060.0,2008.0,2048,Jilin,subcritical,recirculating,subcritical:1.000,0.0,1060.0,0.0,1.85,2.8887,0.2,0.36,0.0,True,42.9040347,129.9301436,inputs/plants_unit.csv,2025,566.41,False,1.85,2.31,2.01,4.51,3.65,4.5287
P0019,19,H350_018,7,3870.0,2008.857142857143,2048,Hunan,subcritical,once-through,subcritical:0.571;supercritical:0.429,3270.0,600.0,0.0,0.5826,0.7735,0.1796,0.3345,0.0,True,27.544403028571427,111.5750416714286,inputs/plants_unit.csv,2025,567.12,False,0.5826,84.7398,1.0794,149.7892,1.5932,1.2873
P0020,20,H350_019,35,12197.0,2010.6571428571428,2050,Zhejiang,subcritical,recirculating,subcritical:0.714;ultra-supercritical:0.229;CFB:0.057,11030.0,1167.0,0.0,0.4935,0.6437,0.1475,0.2879,0.0,True,30.68855748571428,121.14102242857142,inputs/plants_unit.csv,2025,5.28,True,0.177,0.221,0.1923,0.4315,0.3492,0.8006
P0021,21,H350_020,36,10375.0,2007.388888888889,2047,Shandong,subcritical,recirculating,subcritical:0.722;CFB:0.111;ultra-supercritical:0.111;supercritical:0.056,990.0,9385.0,0.0,1.7069,2.3488,0.1724,0.3224,0.0,True,35.4451589,116.69009585,inputs/plants_unit.csv,2025,237.89,False,1.7069,11.1162,1.6659,20.2077,3.0599,3.7428
P0022,22,H350_021,12,3645.0,2007.1666666666667,2047,Shandong,subcritical,recirculating,subcritical:0.667;supercritical:0.333,905.0,2740.0,0.0,1.4776,2.0995,0.1774,0.3317,0.0,True,35.99860965,120.11881293333334,inputs/plants_unit.csv,2025,4.52,True,1.3907,1.691,1.3595,3.2502,2.5204,3.2604
P0023,23,H350_022,14,5560.0,2006.7857142857142,2046,Henan,subcritical,recirculating,subcritical:0.571;supercritical:0.286;ultra-supercritical:0.143,0.0,5560.0,0.0,1.85,2.4514,0.1567,0.3022,0.0,True,33.7993222857143,113.21201491428569,inputs/plants_unit.csv,2025,567.62,False,1.85,1.9985,1.5954,3.9871,3.0334,3.8894
P0024,24,H350_023,14,1229.0,2014.5,2054,Chongqing,subcritical,recirculating,subcritical:0.643;CFB:0.286;supercritical:0.071,0.0,1229.0,0.0,1.85,2.9356,0.1886,0.3458,0.0,True,29.655601142857147,107.31146671428574,inputs/plants_unit.csv,2025,865.02,False,1.85,2.2758,1.8961,4.4046,3.482,4.5215
P0025,25,H350_024,20,4300.0,2010.45,2050,Jilin,subcritical,recirculating,subcritical:0.700;supercritical:0.300,0.0,4300.0,0.0,1.85,2.886,0.1805,0.3356,0.0,True,43.81222732,125.24796920000003,inputs/plants_unit.csv,2025,419.46,False,1.85,2.2514,1.8147,4.3293,3.3619,4.4332
P0026,26,H350_025,6,2100.0,2012.0,2052,Hainan,supercritical,once-through,supercritical:1.000,2100.0,0.0,0.0,0.35,0.49,0.16,0.31,0.0,False,18.879123466666666,108.65169856666665,inputs/plants_unit.csv,2025,1.12,True,0.0,0.0,0.0,0.0,0.0,0.49
P0027,27,H350_026,32,13365.0,2012.9375,2052,Shandong,subcritical,recirculating,subcritical:0.406;ultra-supercritical:0.344;supercritical:0.250,680.0,12685.0,0.0,1.7737,2.3621,0.1462,0.2874,0.0,True,36.48592403125,116.036756325,inputs/plants_unit.csv,2025,242.99,False,1.7737,6.9723,1.4565,12.7591,2.7855,3.6911
P0028,28,H350_027,10,5740.0,2010.2,2050,Hunan,supercritical,once-through,supercritical:0.400;subcritical:0.400;ultra-supercritical:0.200,3880.0,1860.0,0.0,0.8361,1.0659,0.155,0.3002,0.0,True,27.64443306,113.13893942,inputs/plants_unit.csv,2025,544.38,False,0.8361,61.9568,0.9341,108.6246,1.5605,1.6923
P0029,29,H350_028,3,120.0,2018.0,2058,Jilin,subcritical,recirculating,subcritical:1.000,0.0,120.0,0.0,1.85,3.2,0.2,0.36,0.0,True,44.58916933333334,127.02565466666665,inputs/plants_unit.csv,2025,548.95,False,1.85,2.31,2.01,4.51,3.65,4.84
P0030,30,H350_029,24,4481.0,2008.6666666666667,2048,Jilin,subcritical,recirculating,subcritical:0.833;supercritical:0.167,0.0,3141.0,1340.0,1.4074,2.1988,0.1818,0.3372,0.299,True,43.90009873333333,126.50366462499998,inputs/plants_unit.csv,2025,458.8,False,1.4074,1.6633,1.3943,3.2261,2.559,3.3635
P0031,31,H350_030,12,4900.0,2011.1666666666667,2051,Shanxi,supercritical,Air,supercritical:0.500;subcritical:0.500,0.0,1200.0,3700.0,0.7324,1.0524,0.1747,0.3284,0.7551,True,36.44789901666667,111.59607949999999,inputs/plants_unit.csv,2025,580.72,False,0.7324,0.7267,0.618,1.419,1.1341,1.5685
P0032,32,H350_031,7,2370.0,2015.857142857143,2055,Henan,subcritical,recirculating,subcritical:0.429;supercritical:0.286;ultra-supercritical:0.286,0.0,2370.0,0.0,1.85,2.6219,0.1477,0.2895,0.0,True,35.693330814285716,114.94455282857143,inputs/plants_unit.csv,2025,375.55,False,1.85,1.9049,1.5121,3.8589,2.9086,4.0184
P0033,33,H350_032,19,6270.0,2010.5263157894738,2050,Henan,subcritical,recirculating,subcritical:0.579;ultra-supercritical:0.211;supercritical:0.211,0.0,6270.0,0.0,1.85,2.5761,0.1589,0.3046,0.0,True,34.61218205263158,112.22359705263159,inputs/plants_unit.csv,2025,638.58,False,1.85,1.9898,1.6193,3.9973,3.0681,4.0249
P0034,34,H350_033,16,4220.0,2009.25,2049,Shandong,subcritical,recirculating,subcritical:0.625;supercritical:0.125;ultra-supercritical:0.125;CFB:0.125,0.0,4220.0,0.0,1.85,2.6237,0.1683,0.3173,0.0,True,36.2049641,116.80496215,inputs/plants_unit.csv,2025,218.63,False,1.85,2.0618,1.7091,4.1139,3.2018,4.1164
P0035,35,H350_034,14,9120.0,2012.857142857143,2052,Anhui,ultra-supercritical,once-through,ultra-supercritical:0.643;subcritical:0.214;supercritical:0.143,5600.0,3520.0,0.0,0.9289,1.1186,0.1337,0.2695,0.0,True,30.986382207142857,117.78143773571428,inputs/plants_unit.csv,2025,286.78,False,0.9289,55.0775,0.7789,95.2349,1.4076,1.7473
P0036,36,H350_035,70,27922.0,2003.642857142857,2043,Jiangsu,subcritical,once-through,subcritical:0.657;ultra-supercritical:0.186;supercritical:0.157,23550.0,4372.0,0.0,0.5849,0.7828,0.159,0.3049,0.0,True,31.52313884714286,121.25921157285715,inputs/plants_unit.csv,2025,3.89,True,0.2897,0.3617,0.3147,0.7062,0.5715,1.0396
P0037,37,H350_036,18,8340.0,2015.611111111111,2055,Inner Mongolia,subcritical,recirculating,subcritical:0.333;ultra-supercritical:0.333;supercritical:0.333,0.0,7240.0,1100.0,1.6548,2.1514,0.1454,0.2862,0.1319,True,40.73734619444445,111.63531936666669,inputs/plants_unit.csv,2025,555.89,False,1.6548,1.6077,1.2835,3.3137,2.4897,3.3576
P0038,38,H350_037,12,4920.0,2006.0833333333333,2046,Sichuan,subcritical,recirculating,subcritical:0.667;ultra-supercritical:0.167;supercritical:0.167,0.0,4920.0,0.0,1.85,2.5207,0.1688,0.3183,0.0,True,30.466155083333334,106.77105626666668,inputs/plants_unit.csv,2025,962.48,False,1.85,2.0849,1.7112,4.1327,3.2056,4.0151
P0039,39,H350_038,9,2150.0,1993.6666666666667,2033,Heilongjiang,subcritical,once-through,subcritical:0.889;supercritical:0.111,1550.0,600.0,0.0,0.7686,1.2351,0.1935,0.3519,0.0,True,47.216015733333336,123.69026015555556,inputs/plants_unit.csv,2025,718.19,False,0.7686,80.1288,1.3653,138.6788,2.1449,2.0147
P0040,40,H350_039,17,6350.0,2010.7058823529412,2050,Shanxi,subcritical,Air,subcritical:0.765;supercritical:0.235,0.0,650.0,5700.0,0.5215,0.7602,0.1841,0.3402,0.8976,True,37.87612592941177,112.39579644705883,inputs/plants_unit.csv,2025,462.46,False,0.5215,0.435,0.3694,0.8497,0.6769,1.0677
P0041,41,H350_040,15,3890.0,2017.6666666666667,2057,Hebei,subcritical,recirculating,subcritical:0.533;supercritical:0.267;ultra-supercritical:0.200,600.0,3290.0,0.0,1.6186,2.3679,0.1576,0.3035,0.0,True,38.861997093333336,115.42118525333335,inputs/plants_unit.csv,2025,186.49,False,1.6186,19.6214,1.4851,34.0182,2.7561,3.6389
P0042,42,H350_041,18,6320.0,2010.0555555555557,2050,Shandong,subcritical,recirculating,subcritical:0.667;ultra-supercritical:0.222;CFB:0.111,1595.0,4725.0,0.0,1.4714,1.884,0.1587,0.3033,0.0,True,36.10888457777778,117.77473330000001,inputs/plants_unit.csv,2025,162.18,False,1.4714,30.7469,1.4288,53.0699,2.5978,3.053
P0043,43,H350_042,25,14100.0,2013.8,2053,Anhui,ultra-supercritical,recirculating,ultra-supercritical:0.320;subcritical:0.320;supercritical:0.280;CFB:0.080,600.0,13500.0,0.0,1.7862,2.2574,0.1493,0.2917,0.0,True,33.761710992,116.75494276399999,inputs/plants_unit.csv,2025,257.29,False,1.7862,5.6049,1.489,10.5735,2.8384,3.6068
P0044,44,H350_043,26,2955.0,2000.4615384615386,2040,Heilongjiang,subcritical,recirculating,subcritical:0.923;supercritical:0.077,1600.0,1355.0,0.0,1.0378,1.7235,0.1905,0.3482,0.0,True,46.498028515384625,124.97499467692306,inputs/plants_unit.csv,2025,673.94,False,1.0378,57.5946,1.4628,100.9655,2.4141,2.6748
P0045,45,H350_044,31,13910.0,2007.3548387096773,2047,Henan,subcritical,recirculating,subcritical:0.548;supercritical:0.258;ultra-supercritical:0.129;CFB:0.065,1200.0,9410.0,3300.0,1.3695,1.7175,0.163,0.3109,0.2372,True,35.190280632258066,112.67363529032258,inputs/plants_unit.csv,2025,565.63,False,1.3695,9.0451,1.1458,16.6842,2.1506,2.7223
P0046,46,H350_045,45,18468.8,2012.3555555555556,2052,Zhejiang,subcritical,recirculating,subcritical:0.578;ultra-supercritical:0.356;CFB:0.044;supercritical:0.022,16730.0,1738.8,0.0,0.4912,0.6442,0.1413,0.2794,0.0,True,30.014926726666676,121.86577418444443,inputs/plants_unit.csv,2025,2.26,True,0.1742,0.2175,0.1892,0.4246,0.3436,0.7986
P0047,47,H350_046,14,3280.0,2012.7857142857142,2052,Liaoning,subcritical,recirculating,subcritical:0.714;supercritical:0.143;ultra-supercritical:0.143,2020.0,1260.0,0.0,0.9262,1.4114,0.1593,0.3051,0.0,True,41.001320185714285,120.95330144285712,inputs/plants_unit.csv,2025,16.01,True,0.7107,0.8874,0.7721,1.7325,1.4021,2.0414
P0048,48,H350_047,4,1400.0,2022.5,2062,Shanxi,supercritical,Air,supercritical:1.000,0.0,0.0,1400.0,0.37,0.57,0.16,0.31,1.0,True,38.213208,111.1116265,inputs/plants_unit.csv,2025,567.43,False,0.37,0.21,0.16,0.41,0.31,0.72
P0049,49,H350_048,4,1360.0,2018.25,2058,Xinjiang,supercritical,recirculating,supercritical:0.500;subcritical:0.500,0.0,1360.0,0.0,1.85,2.7,0.1794,0.3343,0.0,True,42.808315,88.9060775,inputs/plants_unit.csv,2025,2462.75,False,1.85,2.2482,1.8041,4.3196,3.3463,4.2422
P0050,50,H350_049,4,1960.0,2013.25,2053,Henan,supercritical,recirculating,supercritical:1.000,0.0,1960.0,0.0,1.85,2.475,0.16,0.31,0.0,True,34.5444303,115.4996139,inputs/plants_unit.csv,2025,342.93,False,1.85,2.19,1.61,4.14,3.06,3.925
P0051,51,H350_050,20,8180.0,2005.05,2045,Hebei,subcritical,Air,subcritical:0.700;supercritical:0.200;ultra-supercritical:0.100,3120.0,1920.0,3140.0,0.7098,1.0057,0.1752,0.3273,0.3839,True,38.11601805999999,114.29729676999997,inputs/plants_unit.csv,2025,292.42,False,0.7098,35.5742,0.7715,62.6284,1.2974,1.5316
P0052,52,H350_051,57,27370.0,2010.859649122807,2050,Jiangsu,subcritical,once-through,subcritical:0.474;ultra-supercritical:0.351;supercritical:0.140;CFB:0.035,23160.0,4210.0,0.0,0.5807,0.7513,0.1421,0.2813,0.0,True,31.886977849122808,120.36732789473683,inputs/plants_unit.csv,2025,59.49,False,0.5807,74.1451,0.6305,129.5682,1.0035,1.1243
P0053,53,H350_052,9,2800.0,2007.3333333333333,2047,Heilongjiang,subcritical,recirculating,subcritical:1.000,0.0,2800.0,0.0,1.85,2.6036,0.2,0.36,0.0,True,45.52289057777777,130.88350004444445,inputs/plants_unit.csv,2025,821.11,False,1.85,2.31,2.01,4.51,3.65,4.2436
P0054,54,H350_053,14,4420.0,2001.7857142857142,2041,Hebei,subcritical,recirculating,subcritical:1.000,0.0,4420.0,0.0,1.85,2.7,0.2,0.36,0.0,True,40.658597571428565,114.86662302857142,inputs/plants_unit.csv,2025,302.6,False,1.85,2.31,2.01,4.51,3.65,4.34
P0055,55,H350_054,8,3700.0,2010.25,2050,Shanxi,supercritical,Air,supercritical:0.500;subcritical:0.500,0.0,0.0,3700.0,0.37,0.5181,0.1795,0.3343,1.0,True,34.722310675,110.29182067500001,inputs/plants_unit.csv,2025,774.44,False,0.37,0.2197,0.1795,0.4295,0.3343,0.6729
P0056,56,H350_055,6,4020.0,2022.1666666666667,2062,Jiangxi,ultra-supercritical,recirculating,ultra-supercritical:0.667;supercritical:0.333,700.0,3320.0,0.0,1.5888,1.852,0.127,0.2604,0.0,True,25.235139166666666,114.6474855,inputs/plants_unit.csv,2025,268.43,False,1.5888,16.785,1.1607,30.9611,2.2375,2.9288
P0057,57,H350_056,9,2920.0,2010.888888888889,2050,Gansu,subcritical,Air,subcritical:0.778;supercritical:0.222,0.0,700.0,2220.0,0.7248,1.0806,0.1904,0.348,0.7603,True,36.10173662222222,103.63660057777777,inputs/plants_unit.csv,2025,1267.55,False,0.7248,0.6999,0.538,1.3346,1.0073,1.5499
P0058,58,H350_057,18,4515.0,2018.0555555555557,2058,Jiangsu,CFB,recirculating,CFB:0.500;subcritical:0.278;supercritical:0.111;ultra-supercritical:0.111,3320.0,1195.0,0.0,0.747,1.0517,0.1529,0.2967,0.0,True,34.54334577777778,119.50311133333334,inputs/plants_unit.csv,2025,7.16,True,0.4896,0.6114,0.532,1.1937,0.9661,1.4858
P0059,59,H350_058,42,20820.0,2012.6904761904761,2052,Inner Mongolia,subcritical,recirculating,subcritical:0.619;ultra-supercritical:0.333;supercritical:0.048,0.0,14220.0,6600.0,1.3808,1.7996,0.1593,0.3044,0.317,True,39.86658994761905,111.26340109523811,inputs/plants_unit.csv,2025,560.78,False,1.3808,1.4252,1.2038,2.8932,2.2624,2.8582
P0060,60,H350_059,15,4962.0,2012.2,2052,Shandong,supercritical,recirculating,supercritical:0.533;subcritical:0.467,3110.0,1852.0,0.0,0.9099,1.31,0.1721,0.3251,0.0,True,35.25980932000001,119.34751615999998,inputs/plants_unit.csv,2025,3.83,True,0.6905,0.8368,0.6656,1.605,1.2375,1.8819
P0061,61,H350_060,28,3920.0,2011.3214285714287,2051,Shandong,subcritical,recirculating,subcritical:0.929;supercritical:0.071,1340.0,2580.0,0.0,1.3372,2.1655,0.1863,0.3429,0.0,True,36.916450514285714,118.8704271357143,inputs/plants_unit.csv,2025,32.98,False,1.3372,31.9096,1.5588,58.1715,2.6929,3.2996
P0062,62,H350_061,4,970.0,2016.5,2056,Xinjiang,subcritical,recirculating,subcritical:0.500;supercritical:0.500,0.0,970.0,0.0,1.85,2.8392,0.1711,0.3239,0.0,True,41.905733500000004,86.38826449999999,inputs/plants_unit.csv,2025,2677.34,False,1.85,2.2234,1.7213,4.243,3.2242,4.3421
P0063,63,H350_062,6,1760.0,2014.1666666666667,2054,Ningxia,subcritical,Air,subcritical:0.667;supercritical:0.333,0.0,0.0,1760.0,0.37,0.6223,0.1841,0.3401,1.0,True,38.5674425,105.99086423333331,inputs/plants_unit.csv,2025,1009.54,False,0.37,0.222,0.1841,0.4341,0.3401,0.7783
P0064,64,H350_063,12,4180.0,2004.5833333333333,2044,Shandong,subcritical,recirculating,subcritical:0.750;ultra-supercritical:0.167;CFB:0.083,0.0,4180.0,0.0,1.85,2.4914,0.1747,0.3253,0.0,True,37.390696166666665,116.30790365000001,inputs/plants_unit.csv,2025,154.33,False,1.85,2.0795,1.7732,4.1721,3.2963,4.0145
P0065,65,H350_064,20,3375.0,2015.55,2055,Xinjiang,subcritical,recirculating,subcritical:0.700;supercritical:0.200;CFB:0.100,0.0,3375.0,0.0,1.85,2.9037,0.1879,0.3449,0.0,True,44.51353533,84.88765941000001,inputs/plants_unit.csv,2025,2796.83,False,1.85,2.2737,1.8891,4.3982,3.4717,4.4863
P0066,66,H350_065,18,8826.0,2015.388888888889,2055,Fujian,ultra-supercritical,once-through,ultra-supercritical:0.333;CFB:0.222;supercritical:0.222;subcritical:0.222,8566.0,260.0,0.0,0.3942,0.497,0.1464,0.2878,0.0,True,25.21517051111111,119.05258655555556,inputs/plants_unit.csv,2025,2.07,True,0.0545,0.068,0.0592,0.1329,0.1075,0.5453
P0067,67,H350_066,14,7680.0,2011.9285714285713,2051,Hebei,supercritical,recirculating,supercritical:0.429;ultra-supercritical:0.286;subcritical:0.286,3760.0,3320.0,600.0,1.0,1.339,0.149,0.2919,0.0781,True,39.97792042857143,119.67226051428575,inputs/plants_unit.csv,2025,4.64,True,0.8286,0.8692,0.6827,1.7334,1.3059,1.9622
P0068,68,H350_067,5,4045.0,2020.4,2060,Zhejiang,ultra-supercritical,once-through,ultra-supercritical:0.800;subcritical:0.200,4000.0,45.0,0.0,0.3667,0.3817,0.1209,0.2512,0.0,True,27.43325004,120.60543628,inputs/plants_unit.csv,2025,3.94,True,0.0206,0.0257,0.0224,0.0502,0.0406,0.3999
P0069,69,H350_068,10,4000.0,2016.6,2056,Shaanxi,supercritical,Air,supercritical:0.800;subcritical:0.200,0.0,0.0,4000.0,0.37,0.546,0.172,0.325,1.0,True,34.81815216,109.10067892,inputs/plants_unit.csv,2025,863.25,False,0.37,0.216,0.172,0.422,0.325,0.699
P0070,70,H350_069,18,5920.0,2012.7222222222222,2052,Shandong,subcritical,recirculating,subcritical:0.500;ultra-supercritical:0.222;CFB:0.167;supercritical:0.111,1135.0,4785.0,0.0,1.5624,2.0016,0.152,0.2946,0.0,True,35.294208722222216,115.56860472222223,inputs/plants_unit.csv,2025,336.84,False,1.5624,20.5433,1.3919,36.7926,2.5754,3.1851
P0071,71,H350_070,10,5000.0,2009.5,2049,Guizhou,subcritical,recirculating,subcritical:0.800;supercritical:0.200,0.0,5000.0,0.0,1.85,2.434,0.1888,0.346,0.0,True,26.182950060000003,104.54053203999999,inputs/plants_unit.csv,2025,618.61,False,1.85,2.2764,1.898,4.4064,3.4848,4.0208
P0072,72,H350_071,4,1600.0,2006.75,2046,Heilongjiang,subcritical,recirculating,subcritical:0.500;supercritical:0.500,0.0,1600.0,0.0,1.85,2.5625,0.17,0.3225,0.0,True,46.6215169,131.41872039999998,inputs/plants_unit.csv,2025,944.49,False,1.85,2.22,1.71,4.2325,3.2075,4.06
P0073,73,H350_072,17,2045.0,2009.4705882352941,2049,Liaoning,subcritical,recirculating,subcritical:0.647;supercritical:0.353,700.0,1345.0,0.0,1.3366,2.1257,0.1824,0.338,0.0,True,41.25218117647059,123.4034578352941,inputs/plants_unit.csv,2025,125.88,False,1.3366,31.9379,1.519,58.2078,2.6339,3.2406
P0074,74,H350_073,24,8130.0,2011.3333333333333,2051,Shaanxi,subcritical,Air,subcritical:0.667;ultra-supercritical:0.250;supercritical:0.083,0.0,990.0,7140.0,0.5502,0.8282,0.1545,0.2983,0.8782,True,39.17701975,110.42589608333333,inputs/plants_unit.csv,2025,623.04,False,0.5502,0.4411,0.3749,0.8843,0.6989,1.1522
P0075,75,H350_074,4,1980.0,2013.5,2053,Henan,subcritical,recirculating,subcritical:0.500;ultra-supercritical:0.500,0.0,1980.0,0.0,1.85,2.4667,0.1467,0.2867,0.0,True,33.5464985,114.316042,inputs/plants_unit.csv,2025,476.71,False,1.85,1.8233,1.51,3.7967,2.9033,3.86
P0076,76,H350_075,11,2840.0,2011.7272727272727,2051,Guangxi,subcritical,once-through,subcritical:0.545;CFB:0.364;supercritical:0.091,2650.0,190.0,0.0,0.4504,0.6548,0.1906,0.3482,0.0,True,23.73486028181818,109.2172239,inputs/plants_unit.csv,2025,209.85,False,0.4504,102.3353,1.1618,177.2158,1.6787,1.1717
P0077,77,H350_076,15,7820.0,2013.8666666666666,2053,Xinjiang,ultra-supercritical,recirculating,ultra-supercritical:0.400;supercritical:0.333;subcritical:0.267,0.0,7820.0,0.0,1.85,2.4219,0.1442,0.2852,0.0,True,42.51244766666667,93.31052133333334,inputs/plants_unit.csv,2025,2094.85,False,1.85,1.8945,1.4773,3.8267,2.8573,3.8019
P0078,78,H350_077,13,5210.0,2007.4615384615386,2047,Heilongjiang,subcritical,recirculating,subcritical:0.692;ultra-supercritical:0.154;supercritical:0.154,2370.0,2840.0,0.0,1.1677,1.6386,0.1744,0.3254,0.0,True,45.738477292307685,126.63870604615386,inputs/plants_unit.csv,2025,661.49,False,1.1677,42.0066,1.3294,73.8126,2.3099,2.6191
P0079,79,H350_078,14,8880.0,2015.0714285714287,2055,Guangxi,ultra-supercritical,once-through,ultra-supercritical:0.571;supercritical:0.286;subcritical:0.143,8580.0,300.0,0.0,0.4007,0.4974,0.1341,0.2707,0.0,True,21.687818557142858,108.5689820142857,inputs/plants_unit.csv,2025,0.48,True,0.0625,0.078,0.0679,0.1524,0.1233,0.5528
P0080,80,H350_079,19,4950.0,2010.0,2050,Shandong,subcritical,recirculating,subcritical:0.684;supercritical:0.211;ultra-supercritical:0.105,300.0,4650.0,0.0,1.7591,2.5313,0.1674,0.3165,0.0,True,34.90857122631579,117.27766755263158,inputs/plants_unit.csv,2025,175.75,False,1.7591,9.0008,1.6502,15.914,3.0705,3.9516
P0081,81,H350_080,6,2100.0,2022.1666666666667,2062,Gansu,supercritical,recirculating,supercritical:1.000,0.0,2100.0,0.0,1.85,2.7,0.16,0.31,0.0,True,36.588604333333336,103.91035866666665,inputs/plants_unit.csv,2025,1228.8,False,1.85,2.19,1.61,4.14,3.06,4.15
P0082,82,H350_081,12,2500.0,2010.8333333333333,2050,Liaoning,subcritical,recirculating,subcritical:0.833;supercritical:0.167,0.0,2500.0,0.0,1.85,2.92,0.1888,0.346,0.0,True,41.93595583333334,121.61303683333335,inputs/plants_unit.csv,2025,101.06,False,1.85,2.2764,1.898,4.4064,3.4848,4.5068
P0083,83,H350_082,26,12790.0,2015.1153846153845,2055,Shaanxi,subcritical,Air,subcritical:0.462;ultra-supercritical:0.385;supercritical:0.154,0.0,1070.0,11720.0,0.4938,0.6603,0.1439,0.2836,0.9163,True,39.20309480769231,111.14797504615383,inputs/plants_unit.csv,2025,560.73,False,0.4938,0.3509,0.2953,0.7147,0.5588,0.9238
P0084,84,H350_083,8,2690.0,2001.75,2041,Shaanxi,subcritical,recirculating,subcritical:0.750;supercritical:0.250,0.0,1490.0,1200.0,1.1898,1.7346,0.1822,0.3377,0.4461,True,35.0326723,109.748516175,inputs/plants_unit.csv,2025,799.76,False,1.1898,1.3732,1.1847,2.681,2.16,2.7099
P0085,85,H350_084,21,10050.0,2006.7619047619048,2046,Jiangsu,subcritical,recirculating,subcritical:0.571;ultra-supercritical:0.286;supercritical:0.143,4000.0,6050.0,0.0,1.253,1.7229,0.1544,0.2979,0.0,True,34.37115052380951,117.38812471428571,inputs/plants_unit.csv,2025,174.73,False,1.253,34.2461,1.1694,59.5436,2.1388,2.6923
P0086,86,H350_085,32,9460.0,2014.875,2054,Shaanxi,subcritical,recirculating,subcritical:0.812;ultra-supercritical:0.188,0.0,3100.0,6360.0,0.855,1.2908,0.1665,0.314,0.6723,True,38.661876549999995,110.0859333375,inputs/plants_unit.csv,2025,652.58,False,0.855,0.8781,0.7596,1.7344,1.3921,1.9233
P0087,87,H350_086,9,3050.0,2011.888888888889,2051,Hebei,supercritical,recirculating,supercritical:0.444;CFB:0.333;ultra-supercritical:0.222,0.0,3050.0,0.0,1.85,2.577,0.1473,0.2906,0.0,True,39.96386984444444,117.62799128888888,inputs/plants_unit.csv,2025,88.47,False,1.85,1.9815,1.5002,3.9076,2.8932,3.97
P0088,88,H350_087,9,2850.0,2006.888888888889,2046,Zhejiang,subcritical,once-through,subcritical:0.778;ultra-supercritical:0.222,2520.0,330.0,0.0,0.5237,0.7714,0.1629,0.3091,0.0,True,31.112822777777776,119.90633100000001,inputs/plants_unit.csv,2025,110.06,False,0.5237,87.6612,0.8604,150.6822,1.3272,1.2382
P0089,89,H350_088,39,26450.0,2015.3076923076924,2055,Ningxia,ultra-supercritical,Air,ultra-supercritical:0.564;subcritical:0.256;supercritical:0.179,0.0,1960.0,24490.0,0.4797,0.609,0.1353,0.2717,0.9259,True,38.09433597948717,106.63083476923076,inputs/plants_unit.csv,2025,959.27,False,0.4797,0.3176,0.2531,0.649,0.491,0.8469
P0090,90,H350_089,33,7236.0,2006.2727272727273,2046,Guangdong,subcritical,recirculating,subcritical:0.970;CFB:0.030,4020.0,3216.0,0.0,1.0167,1.549,0.2,0.36,0.0,True,22.942231745454542,113.5348139151515,inputs/plants_unit.csv,2025,18.02,True,0.8222,1.0267,0.8933,2.0044,1.6222,2.2779
P0091,91,H350_090,13,7380.0,2015.8461538461538,2055,Guangdong,ultra-supercritical,once-through,ultra-supercritical:0.538;subcritical:0.462,6060.0,1320.0,0.0,0.6183,0.754,0.136,0.2721,0.0,True,24.69749064615385,113.56754175384616,inputs/plants_unit.csv,2025,212.91,False,0.6183,74.4913,0.6113,128.5229,1.016,1.1587
P0092,92,H350_091,9,7650.0,2021.888888888889,2061,Jiangxi,ultra-supercritical,recirculating,ultra-supercritical:0.889;subcritical:0.111,2000.0,5650.0,0.0,1.4578,1.6592,0.1235,0.2547,0.0,True,27.92697431111111,114.79901501111112,inputs/plants_unit.csv,2025,491.06,False,1.4578,22.8455,1.0225,40.0247,2.0068,2.6435
P0093,93,H350_092,10,4625.0,2008.5,2048,Hunan,subcritical,once-through,subcritical:0.600;ultra-supercritical:0.400,3925.0,700.0,0.0,0.577,0.7566,0.1446,0.2839,0.0,True,29.48292738,113.08135288000001,inputs/plants_unit.csv,2025,714.72,False,0.577,75.8973,0.6563,130.9734,1.0679,1.1682
P0094,94,H350_093,17,1260.0,2021.764705882353,2061,Fujian,subcritical,recirculating,subcritical:0.941;CFB:0.059,0.0,1260.0,0.0,1.85,3.2,0.2,0.36,0.0,True,23.87389818235294,117.65712922941177,inputs/plants_unit.csv,2025,2.66,False,1.85,2.31,2.01,4.51,3.65,4.84
P0095,95,H350_094,7,3210.0,2006.857142857143,2046,Anhui,supercritical,recirculating,supercritical:0.429;subcritical:0.429;ultra-supercritical:0.143,0.0,3210.0,0.0,1.85,2.4396,0.1615,0.3099,0.0,True,31.780410714285715,117.48208799999998,inputs/plants_unit.csv,2025,338.2,False,1.85,2.0983,1.6348,4.0891,3.0938,3.8986
P0096,96,H350_095,10,4670.0,2012.9,2052,Guangdong,subcritical,recirculating,subcritical:0.600;ultra-supercritical:0.400,1200.0,3470.0,0.0,1.4646,1.7713,0.1452,0.2846,0.0,True,24.39771004,116.39166080000003,inputs/plants_unit.csv,2025,106.2,False,1.4646,31.1468,1.2982,53.7811,2.3995,2.8726
P0097,97,H350_096,8,2120.0,1996.0,2036,Gansu,subcritical,recirculating,subcritical:1.000,0.0,1820.0,300.0,1.6406,2.6061,0.2,0.36,0.1415,True,36.7300795,104.7610385,inputs/plants_unit.csv,2025,1151.27,False,1.6406,2.0157,1.7539,3.9355,3.1844,4.0366
P0098,98,H350_097,52,24420.0,2017.3461538461538,2057,Xinjiang,ultra-supercritical,recirculating,ultra-supercritical:0.423;subcritical:0.308;supercritical:0.269,0.0,23760.0,660.0,1.81,2.4401,0.1447,0.285,0.027,True,44.78648652673076,89.16161844384615,inputs/plants_unit.csv,2025,2451.09,False,1.81,1.7989,1.4376,3.6942,2.7808,3.7833
P0099,99,H350_098,3,1000.0,2005.0,2045,Sichuan,subcritical,recirculating,subcritical:0.667;supercritical:0.333,0.0,1000.0,0.0,1.85,2.54,0.176,0.33,0.0,True,29.5345342,105.03624913333333,inputs/plants_unit.csv,2025,911.3,False,1.85,2.238,1.77,4.288,3.296,4.066
P0100,100,H350_099,6,3180.0,2008.0,2048,Jiangxi,supercritical,recirculating,supercritical:0.667;subcritical:0.333,0.0,3180.0,0.0,1.85,2.416,0.1675,0.3194,0.0,True,28.343205299999997,117.10249263333333,inputs/plants_unit.csv,2025,304.55,False,1.85,2.2126,1.6855,4.2098,3.1713,3.9018
P0101,101,H350_100,11,4870.0,2014.7272727272727,2054,Qinghai,ultra-supercritical,recirculating,ultra-supercritical:0.455;subcritical:0.364;supercritical:0.182,0.0,4870.0,0.0,1.85,2.4906,0.14,0.2783,0.0,True,36.79799763636363,101.65731172727273,inputs/plants_unit.csv,2025,1418.35,False,1.85,1.7981,1.4443,3.7318,2.8063,3.8526
P0102,102,H350_101,6,2520.0,2009.0,2049,Hunan,subcritical,once-through,subcritical:0.667;ultra-supercritical:0.333,1920.0,600.0,0.0,0.7071,0.9795,0.1581,0.3024,0.0,True,29.594144733333334,111.3662008,inputs/plants_unit.csv,2025,790.45,False,0.7071,71.6548,0.8932,123.4905,1.4707,1.557
P0103,103,H350_102,14,3800.0,2017.4285714285713,2057,Inner Mongolia,subcritical,recirculating,subcritical:0.786;supercritical:0.214,0.0,1820.0,1980.0,1.0788,1.6229,0.1857,0.3421,0.5211,True,39.71318328571429,109.88846628571426,inputs/plants_unit.csv,2025,674.52,False,1.0788,1.2006,0.9863,2.3194,1.8184,2.455
P0104,104,H350_103,8,4540.0,2020.625,2060,Inner Mongolia,ultra-supercritical,Air,ultra-supercritical:0.500;supercritical:0.250;subcritical:0.250,0.0,0.0,4540.0,0.37,0.5023,0.1473,0.2883,1.0,True,44.8662699,118.61048794999999,inputs/plants_unit.csv,2025,491.03,False,0.37,0.1804,0.1473,0.3799,0.2883,0.6433
P0105,105,H350_104,4,1300.0,2005.0,2045,Liaoning,subcritical,recirculating,subcritical:1.000,700.0,600.0,0.0,1.0423,1.51,0.2,0.36,0.0,True,39.97204075,124.23231075,inputs/plants_unit.csv,2025,5.29,True,0.8538,1.0662,0.9277,2.0815,1.6846,2.2669
P0106,106,H350_105,25,10550.0,2009.0,2049,Hubei,subcritical,once-through,subcritical:0.680;ultra-supercritical:0.160;supercritical:0.160,8890.0,1660.0,0.0,0.586,0.813,0.1599,0.3061,0.0,True,30.616741076000004,114.61112130400001,inputs/plants_unit.csv,2025,587.54,False,0.586,79.0015,0.843,138.0924,1.3002,1.2702
P0107,107,H350_106,19,4640.0,2008.7368421052631,2048,Liaoning,subcritical,recirculating,subcritical:0.684;supercritical:0.316,820.0,3820.0,0.0,1.5849,2.3606,0.1819,0.3374,0.0,True,39.02835461052631,121.70680362105261,inputs/plants_unit.csv,2025,0.81,True,1.5231,1.8475,1.4737,3.5455,2.7379,3.6248
P0108,108,H350_107,13,4720.0,2011.5384615384614,2051,Guangdong,subcritical,once-through,subcritical:0.846;ultra-supercritical:0.154,4420.0,300.0,0.0,0.4453,0.6267,0.1797,0.332,0.0,True,21.178269200000003,110.43623373846152,inputs/plants_unit.csv,2025,0.14,True,0.1176,0.1468,0.1278,0.2867,0.232,0.7309
P0109,109,H350_108,13,8340.0,2019.2307692307693,2059,Shaanxi,supercritical,Air,supercritical:0.462;ultra-supercritical:0.231;ultra-supercritical/CCS:0.154;subcritical:0.154,0.0,400.0,7940.0,0.441,0.5931,0.1396,0.2789,0.952,True,35.14298256153846,107.89730960769232,inputs/plants_unit.csv,2025,945.89,False,0.441,0.2772,0.2264,0.5675,0.4367,0.8034
P0110,110,H350_109,24,13260.0,2014.5833333333333,2054,Guizhou,subcritical,recirculating,subcritical:0.417;supercritical:0.417;ultra-supercritical:0.167,0.0,13260.0,0.0,1.85,2.4054,0.1701,0.3207,0.0,True,25.310301483333333,104.76878606666668,inputs/plants_unit.csv,2025,532.16,False,1.85,2.1229,1.7213,4.1681,3.2214,3.9055
P0111,111,H350_110,4,122.8,2022.5,2062,Guangxi,CFB,recirculating,CFB:1.000,0.0,122.8,0.0,1.85,3.2,0.2,0.36,0.0,True,22.4336885,109.99253175,inputs/plants_unit.csv,2025,84.38,False,1.85,2.31,2.01,4.51,3.65,4.84
P0112,112,H350_111,10,8520.0,2017.4,2057,Guangdong,ultra-supercritical,once-through,ultra-supercritical:0.800;supercritical:0.200,8520.0,0.0,0.0,0.35,0.3707,0.1256,0.2585,0.0,False,22.7571696,115.7273668,inputs/plants_unit.csv,2025,7.2,True,0.0,0.0,0.0,0.0,0.0,0.3707
P0113,113,H350_112,9,4000.0,2008.6666666666667,2048,Inner Mongolia,subcritical,recirculating,subcritical:0.778;supercritical:0.222,0.0,1480.0,2520.0,0.9176,1.2377,0.1868,0.3435,0.63,True,42.22019666666666,116.21173066666665,inputs/plants_unit.csv,2025,368.53,False,0.9176,0.993,0.8565,1.939,1.5608,1.942
P0114,114,H350_113,12,6160.0,2019.5833333333333,2059,Guangxi,subcritical,once-through,subcritical:0.333;ultra-supercritical:0.333;supercritical:0.167;CFB:0.167,5960.0,200.0,0.0,0.3987,0.4721,0.1395,0.2779,0.0,True,21.59652003333333,109.61024596666668,inputs/plants_unit.csv,2025,0.18,True,0.0601,0.075,0.0653,0.1464,0.1185,0.5253
P0115,115,H350_114,15,2190.0,2011.8,2051,Shandong,subcritical,recirculating,subcritical:0.667;supercritical:0.267;CFB:0.067,700.0,1490.0,0.0,1.3705,2.174,0.1744,0.328,0.0,True,34.988247133333324,118.2819026,inputs/plants_unit.csv,2025,83.61,False,1.3705,29.9488,1.4602,54.568,2.5664,3.2802
P0116,116,H350_115,6,820.0,2011.0,2051,Liaoning,subcritical,recirculating,subcritical:0.667;supercritical:0.333,700.0,120.0,0.0,0.5695,0.8866,0.1659,0.3173,0.0,True,41.17928143333334,122.04982786666666,inputs/plants_unit.csv,2025,23.37,True,0.2707,0.338,0.2941,0.66,0.5341,1.1266
P0117,117,H350_116,6,2320.0,2004.8333333333333,2044,Henan,subcritical,recirculating,subcritical:0.667;supercritical:0.333,0.0,2320.0,0.0,1.85,2.6095,0.1793,0.3341,0.0,True,33.21598703333334,112.59986043333333,inputs/plants_unit.csv,2025,640.88,False,1.85,2.2479,1.8031,4.3186,3.3448,4.1512
P0118,118,H350_117,24,5440.0,2010.125,2050,Liaoning,subcritical,recirculating,subcritical:0.917;supercritical:0.083,700.0,4740.0,0.0,1.657,2.5517,0.1949,0.3536,0.0,True,41.817224116666665,123.71805184166665,inputs/plants_unit.csv,2025,179.09,False,1.657,13.4521,1.8401,24.7096,3.2897,4.0013
P0119,119,H350_118,17,5740.0,2010.235294117647,2050,Guizhou,subcritical,recirculating,subcritical:0.765;CFB:0.118;ultra-supercritical:0.118,0.0,5740.0,0.0,1.85,2.6,0.1816,0.3347,0.0,True,26.63320383529412,105.02177205882354,inputs/plants_unit.csv,2025,628.61,False,1.85,2.1421,1.8375,4.2639,3.3924,4.1549
P0120,120,H350_119,8,4700.0,2007.0,2047,Inner Mongolia,supercritical,Air,supercritical:0.750;subcritical:0.250,0.0,0.0,4700.0,0.37,0.5087,0.1702,0.3228,1.0,True,48.5947915,119.81555575,inputs/plants_unit.csv,2025,868.54,False,0.37,0.2151,0.1702,0.4202,0.3228,0.6613
P0121,121,H350_120,8,6760.0,2015.125,2055,Guangdong,ultra-supercritical,once-through,ultra-supercritical:0.500;subcritical:0.250;ultra-supercritical/CCS:0.250,6100.0,660.0,0.0,0.4964,0.5794,0.1278,0.2607,0.0,True,22.7171561,114.86316415,inputs/plants_unit.csv,2025,1.89,True,0.1806,0.2255,0.1962,0.4403,0.3564,0.7396
P0122,122,H350_121,21,7390.0,2014.5238095238096,2054,Shaanxi,subcritical,recirculating,subcritical:0.524;ultra-supercritical:0.286;supercritical:0.190,0.0,790.0,6600.0,0.5282,0.757,0.1361,0.2731,0.8931,True,38.22282690476191,109.62005655238094,inputs/plants_unit.csv,2025,697.27,False,0.5282,0.3923,0.3296,0.799,0.6248,1.0522
P0123,123,H350_122,18,6728.0,2013.611111111111,2053,Hebei,supercritical,recirculating,supercritical:0.500;subcritical:0.500,1800.0,4928.0,0.0,1.4487,2.0505,0.1795,0.3343,0.0,True,36.70211735555555,114.46096423333331,inputs/plants_unit.csv,2025,335.64,False,1.4487,27.8955,1.5719,49.7392,2.7853,3.2639
P0124,124,H350_123,23,11670.0,2009.2173913043478,2049,Henan,subcritical,recirculating,subcritical:0.478;ultra-supercritical:0.348;supercritical:0.174,0.0,11670.0,0.0,1.85,2.3928,0.1501,0.2925,0.0,True,34.562298121739126,113.31786984347825,inputs/plants_unit.csv,2025,543.75,False,1.85,1.9075,1.5367,3.8781,2.9448,3.8009
P0125,125,H350_124,37,11910.0,2010.8108108108108,2050,Xinjiang,subcritical,recirculating,subcritical:0.676;supercritical:0.216;ultra-supercritical:0.108,0.0,11810.0,100.0,1.8376,2.6113,0.1668,0.3156,0.0084,True,44.02529907567568,87.58797759459459,inputs/plants_unit.csv,2025,2574.22,False,1.8376,2.0482,1.6778,4.0714,3.1507,4.0842
P0126,126,H350_125,34,17212.0,2007.735294117647,2047,Jiangsu,subcritical,recirculating,subcritical:0.529;ultra-supercritical:0.324;supercritical:0.118;ultra-supercritical/CCS:0.029,13840.0,3372.0,0.0,0.6439,0.8264,0.1417,0.2805,0.0,True,32.21680167647058,119.5260382647059,inputs/plants_unit.csv,2025,136.44,False,0.6439,69.9349,0.6571,121.4353,1.092,1.2613
P0127,127,H350_126,7,1750.0,2015.142857142857,2055,Hebei,subcritical,recirculating,subcritical:0.571;supercritical:0.286;CFB:0.143,0.0,1750.0,0.0,1.85,2.7171,0.184,0.34,0.0,True,40.78629914285714,117.81527714285714,inputs/plants_unit.csv,2025,176.09,False,1.85,2.262,1.85,4.362,3.414,4.2811
P0128,128,H350_127,4,970.0,2019.75,2059,Xinjiang,supercritical,recirculating,supercritical:0.500;subcritical:0.500,0.0,970.0,0.0,1.85,2.8392,0.1711,0.3239,0.0,True,37.21687335,79.94897945,inputs/plants_unit.csv,2025,3268.49,False,1.85,2.2234,1.7213,4.243,3.2242,4.3421
P0129,129,H350_128,57,13430.0,2010.7719298245613,2050,Inner Mongolia,subcritical,recirculating,subcritical:0.895;supercritical:0.070;ultra-supercritical:0.035,0.0,7250.0,6180.0,1.169,1.8253,0.188,0.344,0.4602,True,39.44216274385965,106.8149754842105,inputs/plants_unit.csv,2025,935.79,False,1.169,1.3325,1.1275,2.5924,2.0637,2.7615
P0130,130,H350_129,4,1300.0,2003.25,2043,Hebei,subcritical,recirculating,subcritical:1.000,0.0,1300.0,0.0,1.85,2.7,0.2,0.36,0.0,True,39.9527554,116.8487413,inputs/plants_unit.csv,2025,121.95,False,1.85,2.31,2.01,4.51,3.65,4.34
P0131,131,H350_130,17,12300.0,2010.2941176470588,2050,Zhejiang,ultra-supercritical,once-through,ultra-supercritical:0.647;subcritical:0.235;supercritical:0.118,12300.0,0.0,0.0,0.35,0.3855,0.1317,0.2666,0.0,False,28.09249827647059,121.01437992352942,inputs/plants_unit.csv,2025,1.87,True,0.0,0.0,0.0,0.0,0.0,0.3855
P0132,132,H350_131,4,1720.0,2010.5,2050,Jilin,supercritical,Air,supercritical:0.500;subcritical:0.500,0.0,400.0,1320.0,0.7142,1.1202,0.1693,0.3216,0.7674,True,45.5797501,122.82737374999999,inputs/plants_unit.csv,2025,521.75,False,0.7142,0.6984,0.5902,1.3635,1.0867,1.6167
P0133,133,H350_132,12,6100.0,2017.9166666666667,2057,Anhui,ultra-supercritical,recirculating,ultra-supercritical:0.500;CFB:0.333;supercritical:0.167,3320.0,2780.0,0.0,1.0336,1.3017,0.1308,0.2658,0.0,True,32.906693999999995,116.06149366666666,inputs/plants_unit.csv,2025,365.03,False,1.0336,45.9345,0.7939,79.6846,1.4845,1.9923
P0134,134,H350_133,13,3205.0,2007.923076923077,2047,Shanxi,subcritical,recirculating,subcritical:0.846;supercritical:0.154,0.0,1305.0,1900.0,0.9726,1.5173,0.1913,0.3491,0.5928,True,37.487298523076916,111.00816366153846,inputs/plants_unit.csv,2025,592.04,False,0.9726,1.0726,0.9283,2.0944,1.6887,2.2777
P0135,135,H350_134,4,1900.0,2014.5,2054,Liaoning,supercritical,once-through,supercritical:1.000,1900.0,0.0,0.0,0.35,0.4458,0.16,0.31,0.0,True,41.560773999999995,120.3721705,inputs/plants_unit.csv,2025,95.62,False,0.35,88.9,0.69,161.49,0.85,0.6058
P0136,136,H350_135,6,880.0,2010.5,2050,Inner Mongolia,subcritical,recirculating,subcritical:1.000,0.0,880.0,0.0,1.85,2.8136,0.2,0.36,0.0,True,46.07332433333334,122.04553733333334,inputs/plants_unit.csv,2025,570.54,False,1.85,2.31,2.01,4.51,3.65,4.4536
P0137,137,H350_136,4,1400.0,2021.0,2061,Xinjiang,supercritical,recirculating,supercritical:1.000,0.0,1400.0,0.0,1.85,2.7,0.16,0.31,0.0,True,44.005311000000006,89.43194749999999,inputs/plants_unit.csv,2025,2423.2,False,1.85,2.19,1.61,4.14,3.06,4.15
P0138,138,H350_137,6,1200.0,2003.8333333333333,2043,Jilin,subcritical,recirculating,subcritical:1.000,0.0,1200.0,0.0,1.85,2.95,0.2,0.36,0.0,True,41.841904666666665,126.16079470000001,inputs/plants_unit.csv,2025,237.9,False,1.85,2.31,2.01,4.51,3.65,4.59
P0139,139,H350_138,6,1195.0,2008.0,2048,Heilongjiang,subcritical,recirculating,subcritical:1.000,200.0,995.0,0.0,1.599,2.5339,0.2,0.36,0.0,True,44.627998,129.6441606666667,inputs/plants_unit.csv,2025,674.97,False,1.599,21.4179,1.8811,37.079,3.3354,3.9882
P0140,140,H350_139,12,11480.0,2018.6666666666667,2058,Guangdong,ultra-supercritical,once-through,ultra-supercritical:1.000,11480.0,0.0,0.0,0.35,0.3654,0.12,0.25,0.0,False,21.508771,111.54342933333332,inputs/plants_unit.csv,2025,0.33,True,0.0,0.0,0.0,0.0,0.0,0.3654
P0141,141,H350_140,28,10750.0,2012.7857142857142,2052,Shandong,subcritical,recirculating,subcritical:0.714;ultra-supercritical:0.286,5460.0,5290.0,0.0,1.0881,1.3347,0.1448,0.2841,0.0,True,37.63422128571428,120.34899307142857,inputs/plants_unit.csv,2025,2.2,True,0.9104,0.8583,0.7031,1.8112,1.369,2.0006
P0142,142,H350_141,9,6670.0,2018.888888888889,2058,Jiangsu,ultra-supercritical,once-through,ultra-supercritical:0.889;CFB:0.111,6640.0,30.0,0.0,0.3567,0.3905,0.1204,0.2505,0.0,True,32.064600444444444,121.67171711111112,inputs/plants_unit.csv,2025,1.35,True,0.0083,0.0104,0.009,0.0203,0.0164,0.3979
P0143,143,H350_142,7,2500.0,2010.142857142857,2050,Yunnan,subcritical,recirculating,subcritical:0.857;ultra-supercritical:0.143,0.0,2500.0,0.0,1.85,2.602,0.1776,0.3292,0.0,True,23.831920442857147,103.20416861428573,inputs/plants_unit.csv,2025,554.49,False,1.85,2.1056,1.8,4.2104,3.3364,4.1384
P0144,144,H350_143,22,7105.0,2009.0,2049,Shanxi,subcritical,Air,subcritical:0.636;supercritical:0.182;ultra-supercritical:0.182,0.0,1105.0,6000.0,0.6002,0.9219,0.1547,0.2987,0.8445,True,37.83865712727273,113.53523736363633,inputs/plants_unit.csv,2025,365.29,False,0.6002,0.5122,0.4362,1.0221,0.8104,1.2961
P0145,145,H350_144,8,2640.0,2007.25,2047,Liaoning,subcritical,recirculating,subcritical:0.500;supercritical:0.250;ultra-supercritical:0.250,0.0,2640.0,0.0,1.85,2.5598,0.1539,0.2979,0.0,True,40.336695375000005,122.111451375,inputs/plants_unit.csv,2025,3.01,False,1.85,1.9491,1.5721,3.9339,2.9979,3.9856
P0146,146,H350_145,10,4300.0,2004.6,2044,Shanxi,subcritical,Air,subcritical:1.000,0.0,1200.0,3100.0,0.783,1.0444,0.2,0.36,0.7209,True,35.60675549,110.60157317000001,inputs/plants_unit.csv,2025,701.21,False,0.783,0.8105,0.7051,1.583,1.2781,1.6174
P0147,147,H350_146,10,3120.0,2011.5,2051,Inner Mongolia,subcritical,recirculating,subcritical:0.600;supercritical:0.200;ultra-supercritical:0.200,0.0,3120.0,0.0,1.85,2.7282,0.1572,0.3022,0.0,True,40.9942226,112.9491444,inputs/plants_unit.csv,2025,462.69,False,1.85,1.9742,1.6029,3.9743,3.0438,4.1691
P0148,148,H350_147,10,2090.0,2011.7,2051,Shandong,subcritical,recirculating,subcritical:0.800;ultra-supercritical:0.200,110.0,1980.0,0.0,1.7711,2.5245,0.1487,0.2895,0.0,True,37.58648391999999,121.17031739999997,inputs/plants_unit.csv,2025,0.16,True,1.7526,1.7204,1.4233,3.5866,2.7398,3.841
P0149,149,H350_148,14,9340.0,2020.357142857143,2060,Shaanxi,ultra-supercritical,Air,ultra-supercritical:0.714;subcritical:0.286,0.0,100.0,9240.0,0.3858,0.4792,0.126,0.2582,0.9893,True,35.73940914285714,109.11732799999997,inputs/plants_unit.csv,2025,817.84,False,0.3858,0.1783,0.1454,0.3917,0.2935,0.6273
P0150,150,H350_149,3,140.0,2024.3333333333333,2064,Guizhou,CFB,recirculating,CFB:1.000,0.0,140.0,0.0,1.85,3.2,0.2,0.36,0.0,True,27.13609633333333,107.028961,inputs/plants_unit.csv,2025,596.22,False,1.85,2.31,2.01,4.51,3.65,4.84
P0151,151,H350_150,19,3875.0,2005.6842105263158,2045,Shandong,subcritical,recirculating,subcritical:0.632;CFB:0.263;supercritical:0.105,300.0,3575.0,0.0,1.7339,2.6012,0.1928,0.351,0.0,True,36.84487961052631,117.24917,inputs/plants_unit.csv,2025,143.8,False,1.7339,11.1273,1.8781,19.509,3.3979,4.121
P0152,152,H350_151,7,1330.0,2007.0,2047,Guangdong,subcritical,recirculating,subcritical:0.857;supercritical:0.143,0.0,1330.0,0.0,1.85,2.6925,0.182,0.3374,0.0,True,21.674481614285714,110.87662530000001,inputs/plants_unit.csv,2025,22.54,False,1.85,2.2559,1.8295,4.3431,3.3838,4.2468
P0153,153,H350_152,11,2125.0,2004.5454545454545,2044,Heilongjiang,subcritical,recirculating,subcritical:0.909;supercritical:0.091,600.0,1525.0,0.0,1.4265,2.0536,0.1887,0.3459,0.0,True,47.05959753636363,130.29474041818182,inputs/plants_unit.csv,2025,928.98,False,1.4265,34.5124,1.6796,59.3514,2.9526,3.3266
P0154,154,H350_153,21,6104.0,2011.3809523809523,2051,Tianjin,subcritical,recirculating,subcritical:0.571;supercritical:0.286;ultra-supercritical:0.095;IGCC:0.048,1950.0,4154.0,0.0,1.3708,1.9963,0.1708,0.3214,0.0,True,38.89308288571428,117.49515763809525,inputs/plants_unit.csv,2025,11.22,True,1.259,1.3992,1.1559,2.7918,2.1683,3.0087
P0155,155,H350_154,6,3062.0,2007.3333333333333,2047,Shanxi,subcritical,Air,subcritical:0.667;ultra-supercritical:0.333,0.0,0.0,3062.0,0.37,0.5057,0.167,0.3147,1.0,True,36.956308799999995,113.04829170000001,inputs/plants_unit.csv,2025,438.63,False,0.37,0.197,0.167,0.4047,0.3147,0.6534
P0156,156,H350_155,2,600.0,2005.5,2045,Yunnan,subcritical,recirculating,subcritical:1.000,0.0,600.0,0.0,1.85,2.7,0.2,0.36,0.0,True,25.0149171,102.3335597,inputs/plants_unit.csv,2025,695.9,False,1.85,2.31,2.01,4.51,3.65,4.34
P0157,157,H350_156,10,5160.0,2013.3,2053,Guizhou,subcritical,recirculating,subcritical:0.400;ultra-supercritical:0.400;supercritical:0.200,600.0,4560.0,0.0,1.6756,2.1744,0.1488,0.2909,0.0,True,26.321269020000006,105.61257831999998,inputs/plants_unit.csv,2025,567.54,False,1.6756,15.1814,1.4344,26.4958,2.7074,3.4474
P0158,158,H350_157,6,1525.0,2013.8333333333333,2053,Guangxi,supercritical,once-through,supercritical:0.500;subcritical:0.500,1525.0,0.0,0.0,0.35,0.5601,0.1722,0.3252,0.0,True,23.29812266666666,106.45162566666669,inputs/plants_unit.csv,2025,251.48,False,0.35,97.3096,0.8577,172.961,1.1305,0.8329
P0159,159,H350_158,9,3410.0,2014.111111111111,2054,Fujian,subcritical,recirculating,subcritical:0.333;supercritical:0.222;ultra-supercritical:0.222;CFB:0.222,3200.0,210.0,0.0,0.4424,0.5501,0.139,0.2779,0.0,True,24.687213566666667,118.63520546666665,inputs/plants_unit.csv,2025,1.77,True,0.1139,0.1423,0.1238,0.2777,0.2248,0.6511
P0160,160,H350_159,15,4420.0,2016.2,2056,Hubei,subcritical,recirculating,subcritical:0.600;ultra-supercritical:0.267;supercritical:0.133,2640.0,1780.0,0.0,0.9541,1.3857,0.1459,0.2864,0.0,True,30.151720266666665,112.36138973333331,inputs/plants_unit.csv,2025,806.68,False,0.9541,50.3665,0.8823,87.2889,1.5819,2.0853
P0161,161,H350_160,8,475.0,2009.75,2049,Zhejiang,subcritical,recirculating,subcritical:1.000,0.0,475.0,0.0,1.85,3.2,0.2,0.36,0.0,True,28.9022094,118.8811483,inputs/plants_unit.csv,2025,220.93,False,1.85,2.31,2.01,4.51,3.65,4.84
P0162,162,H350_161,4,1370.0,2014.0,2054,Shandong,supercritical,once-through,supercritical:0.500;subcritical:0.250;CFB:0.250,1300.0,70.0,0.0,0.4266,0.562,0.162,0.3126,0.0,True,35.409393550000004,117.7606535,inputs/plants_unit.csv,2025,140.86,False,0.4266,84.4757,0.7574,153.4691,0.9931,0.7977
P0163,163,H350_162,8,2600.0,2011.75,2051,Hebei,supercritical,recirculating,supercritical:0.500;subcritical:0.500,0.0,2600.0,0.0,1.85,2.7,0.1785,0.3331,0.0,True,39.314963649999996,116.90355235,inputs/plants_unit.csv,2025,75.64,False,1.85,2.2454,1.7946,4.3108,3.3323,4.2377
P0164,164,H350_163,4,3200.0,2016.5,2056,Hunan,supercritical,once-through,supercritical:0.500;ultra-supercritical:0.500,3200.0,0.0,0.0,0.35,0.3762,0.135,0.2725,0.0,True,28.5953512,112.9124966,inputs/plants_unit.csv,2025,652.28,False,0.35,85.0875,0.4012,150.0588,0.5337,0.5087
P0165,165,H350_164,2,1200.0,2007.0,2047,Hebei,subcritical,once-through,subcritical:1.000,1200.0,0.0,0.0,0.35,0.42,0.2,0.36,0.0,True,36.5985437,113.6907271,inputs/plants_unit.csv,2025,401.87,False,0.35,116.48,1.24,199.11,1.77,0.95
P0166,166,H350_165,10,1840.0,2010.6,2050,Guangxi,subcritical,recirculating,subcritical:0.800;supercritical:0.200,1000.0,840.0,0.0,1.0348,1.7647,0.1848,0.341,0.0,True,23.733888059999998,106.9209267,inputs/plants_unit.csv,2025,256.25,False,1.0348,53.8665,1.3823,95.9589,2.2783,2.6607
P0167,167,H350_166,50,12066.0,2012.02,2052,Shandong,subcritical,recirculating,subcritical:0.840;ultra-supercritical:0.140;CFB:0.020,300.0,11766.0,0.0,1.8127,2.5759,0.1694,0.3179,0.0,True,36.863153202,117.96704525199999,inputs/plants_unit.csv,2025,89.61,False,1.8127,4.8691,1.7037,8.9387,3.1744,4.0466
P0168,168,H350_167,4,1620.0,2021.25,2061,Xinjiang,supercritical,recirculating,supercritical:0.500;ultra-supercritical:0.500,0.0,1620.0,0.0,1.85,2.5074,0.1274,0.2611,0.0,True,44.863498650000004,82.08918665,inputs/plants_unit.csv,2025,3026.57,False,1.85,1.693,1.3248,3.5696,2.6281,3.8107
P0169,169,H350_168,6,1500.0,2007.3333333333333,2047,Guizhou,subcritical,recirculating,subcritical:1.000,0.0,1500.0,0.0,1.85,2.8,0.2,0.36,0.0,True,27.159312466666666,105.49295496666667,inputs/plants_unit.csv,2025,654.13,False,1.85,2.31,2.01,4.51,3.65,4.44
P0170,170,H350_169,20,7570.0,2012.35,2052,Shandong,subcritical,recirculating,subcritical:0.700;ultra-supercritical:0.250;supercritical:0.050,600.0,6970.0,0.0,1.7311,2.1633,0.1473,0.2879,0.0,True,37.40831771999999,118.63321122999999,inputs/plants_unit.csv,2025,15.96,True,1.7034,1.6671,1.3541,3.4616,2.6198,3.429
P0171,171,H350_170,14,3350.0,2002.0714285714287,2042,Shaanxi,subcritical,recirculating,subcritical:1.000,0.0,2150.0,1200.0,1.3199,1.9893,0.2,0.36,0.3582,True,34.31278957142858,108.8980685142857,inputs/plants_unit.csv,2025,907.42,False,1.3199,1.5649,1.3616,3.0557,2.4715,3.0992
P0172,172,H350_171,6,3260.0,2005.6666666666667,2045,Sichuan,subcritical,recirculating,subcritical:0.667;ultra-supercritical:0.333,0.0,3260.0,0.0,1.85,2.2706,0.1509,0.2925,0.0,True,31.82574306666667,104.81546613333335,inputs/plants_unit.csv,2025,1156.16,False,1.85,1.8621,1.5499,3.8536,2.9629,3.6836
P0173,173,H350_172,16,5360.0,2009.25,2049,Ningxia,subcritical,recirculating,subcritical:0.625;ultra-supercritical:0.125;CFB:0.125;supercritical:0.125,0.0,4000.0,1360.0,1.4745,2.0099,0.1751,0.3264,0.2537,True,37.94774005,105.9749642,inputs/plants_unit.csv,2025,1018.55,False,1.4745,1.5999,1.3608,3.2111,2.5329,3.182
P0174,174,H350_173,21,8090.0,2007.952380952381,2047,Shanxi,subcritical,Air,subcritical:0.714;ultra-supercritical:0.190;supercritical:0.095,0.0,690.0,7400.0,0.4962,0.7324,0.1612,0.3074,0.9147,True,36.34547512380952,113.02755668571427,inputs/plants_unit.csv,2025,468.0,False,0.4962,0.3716,0.3156,0.7452,0.588,1.0048
P0175,175,H350_174,4,1800.0,2007.25,2047,Guizhou,subcritical,recirculating,subcritical:1.000,0.0,1800.0,0.0,1.85,2.4667,0.2,0.36,0.0,True,27.2103544,108.89257230000001,inputs/plants_unit.csv,2025,585.77,False,1.85,2.31,2.01,4.51,3.65,4.1067
P0176,176,H350_175,10,4700.0,2004.2,2044,Hubei,subcritical,once-through,subcritical:0.600;supercritical:0.200;ultra-supercritical:0.200,4600.0,100.0,0.0,0.3819,0.469,0.1551,0.2996,0.0,True,31.927882779999997,112.16024827999999,inputs/plants_unit.csv,2025,736.9,False,0.3819,92.2078,0.676,160.9326,0.9526,0.7456
P0177,177,H350_176,5,2060.0,2000.6,2040,Jilin,subcritical,recirculating,subcritical:0.800;supercritical:0.200,0.0,1400.0,660.0,1.3758,1.9919,0.1872,0.344,0.3204,True,43.5282178,123.4633255,inputs/plants_unit.csv,2025,315.02,False,1.3758,1.6372,1.4173,3.1964,2.5799,3.1545
P0178,178,H350_177,4,1400.0,2021.25,2061,Shaanxi,supercritical,Air,supercritical:1.000,0.0,0.0,1400.0,0.37,0.57,0.16,0.31,1.0,True,36.7187265,109.52638999999999,inputs/plants_unit.csv,2025,743.23,False,0.37,0.21,0.16,0.41,0.31,0.72
P0179,179,H350_178,16,6250.0,2006.6875,2046,Fujian,subcritical,once-through,subcritical:0.500;supercritical:0.438;ultra-supercritical:0.062,6060.0,190.0,0.0,0.3956,0.518,0.1647,0.3148,0.0,True,24.419180087500003,118.0379032625,inputs/plants_unit.csv,2025,0.83,True,0.0562,0.0702,0.0611,0.1371,0.111,0.5679
P0180,180,H350_179,6,1500.0,2015.6666666666667,2055,Inner Mongolia,subcritical,Air,subcritical:0.667;ultra-supercritical:0.333,0.0,400.0,1100.0,0.7647,1.3327,0.1627,0.3087,0.7333,True,49.461172000000005,117.568398,inputs/plants_unit.csv,2025,1001.7,False,0.7647,0.7473,0.6453,1.4813,1.186,1.8734
P0181,181,H350_180,21,4355.0,2018.857142857143,2058,Xinjiang,subcritical,recirculating,subcritical:0.571;supercritical:0.190;CFB:0.143;ultra-supercritical:0.095,0.0,3695.0,660.0,1.6257,2.3831,0.1629,0.3106,0.1515,True,43.9809660952381,81.232426,inputs/plants_unit.csv,2025,3101.15,False,1.6257,1.7349,1.3798,3.4514,2.6223,3.6256
P0182,182,H350_181,11,5813.0,2016.7272727272727,2056,Jiangxi,ultra-supercritical,once-through,ultra-supercritical:0.455;subcritical:0.364;CFB:0.182,5568.0,245.0,0.0,0.4132,0.4949,0.133,0.2679,0.0,True,29.75556527272727,116.15259249090909,inputs/plants_unit.csv,2025,443.99,False,0.4132,83.4633,0.425,144.0873,0.6551,0.725
P0183,183,H350_182,2,270.0,2016.0,2056,Xinjiang,subcritical,recirculating,subcritical:1.000,0.0,270.0,0.0,1.85,3.2,0.2,0.36,0.0,True,47.28983,87.7296623,inputs/plants_unit.csv,2025,2598.06,False,1.85,2.31,2.01,4.51,3.65,4.84
P0184,184,H350_183,23,6490.0,2015.2608695652175,2055,Shandong,subcritical,recirculating,subcritical:0.913;supercritical:0.087,0.0,6490.0,0.0,1.85,2.7123,0.1957,0.3546,0.0,True,37.425986234782606,117.83290064347824,inputs/plants_unit.csv,2025,62.23,False,1.85,2.2971,1.9669,4.4701,3.5864,4.3318
P0185,185,H350_184,4,1500.0,2015.75,2055,Guizhou,subcritical,recirculating,subcritical:0.500;supercritical:0.500,0.0,1500.0,0.0,1.85,2.52,0.168,0.32,0.0,True,28.00455835,106.9379912,inputs/plants_unit.csv,2025,691.88,False,1.85,2.214,1.69,4.214,3.178,4.008
P0186,186,H350_185,13,4850.0,2014.8461538461538,2054,Ningxia,subcritical,Air,subcritical:0.385;supercritical:0.308;ultra-supercritical:0.308,0.0,810.0,4040.0,0.6172,0.8976,0.1449,0.2857,0.833,True,37.59225300000001,105.39427115384616,inputs/plants_unit.csv,2025,1075.43,False,0.6172,0.5281,0.4472,1.0566,0.8352,1.2856
P0187,187,H350_186,2,200.0,2026.0,2066,Inner Mongolia,subcritical,recirculating,subcritical:1.000,0.0,200.0,0.0,1.85,3.2,0.2,0.36,0.0,True,43.585098,121.331659,inputs/plants_unit.csv,2025,289.84,False,1.85,2.31,2.01,4.51,3.65,4.84
P0188,188,H350_187,4,4000.0,2025.5,2065,Xinjiang,ultra-supercritical,recirculating,ultra-supercritical:1.000,0.0,4000.0,0.0,1.85,2.0,0.12,0.25,0.0,True,44.53792,92.926001,inputs/plants_unit.csv,2025,2146.78,False,1.85,1.58,1.26,3.44,2.53,3.27
P0189,189,H350_188,4,1000.0,2002.75,2042,Yunnan,subcritical,recirculating,subcritical:1.000,0.0,1000.0,0.0,1.85,2.9,0.2,0.36,0.0,True,24.9631234,103.0278556,inputs/plants_unit.csv,2025,634.5,False,1.85,2.31,2.01,4.51,3.65,4.54
P0190,190,H350_189,12,2240.0,2009.5833333333333,2049,Jiangsu,subcritical,recirculating,subcritical:0.833;CFB:0.167,0.0,2240.0,0.0,1.85,2.7536,0.2,0.36,0.0,True,33.51324183333334,119.00320116666667,inputs/plants_unit.csv,2025,122.38,False,1.85,2.31,2.01,4.51,3.65,4.3936
P0191,191,H350_190,2,2100.0,2021.0,2061,Hunan,ultra-supercritical,once-through,ultra-supercritical:1.000,2100.0,0.0,0.0,0.35,0.35,0.12,0.25,0.0,True,26.56672,111.492692,inputs/plants_unit.csv,2025,470.05,False,0.35,82.8,0.228,143.2,0.344,0.466
P0192,192,H350_191,6,3420.0,2019.5,2059,Shaanxi,ultra-supercritical,Air,ultra-supercritical:0.667;subcritical:0.333,0.0,100.0,3320.0,0.4133,0.5283,0.1223,0.2532,0.9708,True,37.822902,108.98365166666666,inputs/plants_unit.csv,2025,759.19,False,0.4133,0.2132,0.1753,0.4619,0.3494,0.7024
P0193,193,H350_192,3,1370.0,2015.6666666666667,2055,Guangxi,supercritical,once-through,supercritical:0.667;CFB:0.333,1320.0,50.0,0.0,0.4047,0.5215,0.1615,0.3118,0.0,True,22.806623733333335,108.93004633333334,inputs/plants_unit.csv,2025,102.9,False,0.4047,85.7398,0.7382,155.7608,0.9522,0.7355
P0194,194,H350_193,2,660.0,2011.0,2051,Shaanxi,subcritical,recirculating,subcritical:1.000,0.0,660.0,0.0,1.85,2.7,0.2,0.36,0.0,True,33.346156,106.141932,inputs/plants_unit.csv,2025,1181.57,False,1.85,2.31,2.01,4.51,3.65,4.34
P0195,195,H350_194,2,600.0,2007.5,2047,Sichuan,subcritical,recirculating,subcritical:1.000,0.0,600.0,0.0,1.85,2.7,0.2,0.36,0.0,True,31.324767,107.491416,inputs/plants_unit.csv,2025,1046.58,False,1.85,2.31,2.01,4.51,3.65,4.34
P0196,196,H350_195,2,120.0,2011.0,2051,Xinjiang,subcritical,recirculating,subcritical:1.000,0.0,120.0,0.0,1.85,3.2,0.2,0.36,0.0,True,43.7063773,94.9857948,inputs/plants_unit.csv,2025,1969.66,False,1.85,2.31,2.01,4.51,3.65,4.84
P0197,197,H350_196,2,1320.0,2018.5,2058,Fujian,ultra-supercritical,once-through,ultra-supercritical:1.000,1320.0,0.0,0.0,0.35,0.42,0.12,0.25,0.0,True,27.3866923,117.4607848,inputs/plants_unit.csv,2025,223.68,False,0.35,82.8,0.228,143.2,0.344,0.536
P0198,198,H350_197,2,660.0,2007.0,2047,Gansu,subcritical,Air,subcritical:1.000,0.0,0.0,660.0,0.37,0.57,0.2,0.36,1.0,True,34.7548032,105.1007823,inputs/plants_unit.csv,2025,1196.45,False,0.37,0.23,0.2,0.45,0.36,0.73
P0199,199,H350_198,4,260.0,2013.0,2053,Inner Mongolia,subcritical,recirculating,subcritical:1.000,0.0,260.0,0.0,1.85,3.2,0.2,0.36,0.0,True,43.063974,116.786405,inputs/plants_unit.csv,2025,426.74,False,1.85,2.31,2.01,4.51,3.65,4.84
P0200,200,H350_199,4,2020.0,2019.5,2059,Xinjiang,supercritical,recirculating,supercritical:0.500;ultra-supercritical:0.500,0.0,2020.0,0.0,1.85,2.4713,0.1339,0.2708,0.0,True,39.4815702,76.0498524,inputs/plants_unit.csv,2025,3625.85,False,1.85,1.7914,1.3813,3.6826,2.7137,3.8037
P0201,201,H350_200,2,700.0,2017.0,2057,Heilongjiang,supercritical,once-through,supercritical:1.000,700.0,0.0,0.0,0.35,0.49,0.16,0.31,0.0,True,46.658416,127.035146,inputs/plants_unit.csv,2025,771.95,False,0.35,88.9,0.69,161.49,0.85,0.65
P0202,202,H350_201,4,1920.0,2004.75,2044,Jiangxi,subcritical,once-through,subcritical:0.500;ultra-supercritical:0.500,1920.0,0.0,0.0,0.35,0.4419,0.145,0.2844,0.0,True,27.04720645,115.02031084999999,inputs/plants_unit.csv,2025,402.59,False,0.35,93.325,0.5442,160.6719,0.7896,0.6873
P0203,203,H350_202,5,1350.0,1998.2,2038,Inner Mongolia,subcritical,recirculating,subcritical:0.600;supercritical:0.400,0.0,150.0,1200.0,0.5344,0.7911,0.1644,0.3156,0.8889,True,49.297128799999996,119.7869442,inputs/plants_unit.csv,2025,946.91,False,0.5344,0.4433,0.3656,0.8656,0.6811,1.1066
P0204,204,H350_203,2,700.0,2015.0,2055,Heilongjiang,supercritical,once-through,supercritical:1.000,700.0,0.0,0.0,0.35,0.49,0.16,0.31,0.0,True,47.738549,128.750564,inputs/plants_unit.csv,2025,937.04,False,0.35,88.9,0.69,161.49,0.85,0.65
P0205,205,H350_204,2,600.0,2006.0,2046,Inner Mongolia,subcritical,recirculating,subcritical:1.000,0.0,600.0,0.0,1.85,2.7,0.2,0.36,0.0,True,40.651111,108.767778,inputs/plants_unit.csv,2025,787.5,False,1.85,2.31,2.01,4.51,3.65,4.34
P0206,206,H350_205,3,1050.0,2020.3333333333333,2060,Hubei,supercritical,recirculating,supercritical:1.000,0.0,1050.0,0.0,1.85,2.7,0.16,0.31,0.0,True,32.683566,110.737906,inputs/plants_unit.csv,2025,825.61,False,1.85,2.19,1.61,4.14,3.06,4.15
P0207,207,H350_206,28,9000.0,2011.75,2051,Xinjiang,subcritical,recirculating,subcritical:0.786;supercritical:0.143;ultra-supercritical:0.071,0.0,5540.0,3460.0,1.281,1.841,0.182,0.336,0.3844,True,44.388759342857156,86.14399902857143,inputs/plants_unit.csv,2025,2693.64,False,1.281,1.3844,1.141,2.7338,2.1278,2.8278
P0208,208,H350_207,1,330.0,2016.0,2056,Sichuan,subcritical,recirculating,subcritical:1.000,0.0,330.0,0.0,1.85,2.7,0.2,0.36,0.0,True,26.600634,101.504877,inputs/plants_unit.csv,2025,866.23,False,1.85,2.31,2.01,4.51,3.65,4.34
P0209,209,H350_208,4,2400.0,2008.0,2048,Zhejiang,supercritical/CCS,once-through,supercritical/CCS:1.000,2400.0,0.0,0.0,0.35,0.42,0.16,0.31,0.0,True,29.1866175,119.5068449,inputs/plants_unit.csv,2025,156.41,False,0.35,88.9,0.69,161.49,0.85,0.58
P0210,210,H350_209,2,1320.0,2011.5,2051,Anhui,ultra-supercritical,once-through,ultra-supercritical:1.000,660.0,660.0,0.0,1.1,1.385,0.12,0.25,0.0,True,30.86956,118.865,inputs/plants_unit.csv,2025,181.6,False,1.1,42.19,0.744,73.32,1.437,2.078
P0211,211,H350_210,2,1260.0,2008.5,2048,Henan,supercritical,recirculating,supercritical:1.000,0.0,1260.0,0.0,1.85,2.35,0.16,0.31,0.0,True,34.8060821,114.4450842,inputs/plants_unit.csv,2025,438.06,False,1.85,2.19,1.61,4.14,3.06,3.8
P0212,212,H350_211,4,2650.0,2015.25,2055,Gansu,subcritical,recirculating,subcritical:0.500;ultra-supercritical:0.500,0.0,2325.0,325.0,1.6685,1.9105,0.1396,0.277,0.1226,True,39.071222,100.462929,inputs/plants_unit.csv,2025,1484.89,False,1.6685,1.504,1.222,3.2045,2.4012,3.0897
P0213,213,H350_212,7,3670.0,2013.142857142857,2053,Hubei,ultra-supercritical,once-through,ultra-supercritical:0.571;subcritical:0.429,3340.0,330.0,0.0,0.4849,0.6376,0.1416,0.2797,0.0,True,30.139824142857144,115.22746642857145,inputs/plants_unit.csv,2025,528.76,False,0.4849,81.6194,0.5702,140.7839,0.8977,0.9651
P0214,214,H350_213,7,965.0,2017.4285714285713,2057,Xinjiang,CFB,recirculating,CFB:0.429;subcritical:0.286;supercritical:0.286,0.0,965.0,0.0,1.85,2.8373,0.171,0.3237,0.0,True,40.57628974285715,81.22118188571429,inputs/plants_unit.csv,2025,3140.62,False,1.85,2.223,1.7198,4.2416,3.222,4.3395
P0215,215,H350_214,4,1320.0,2000.5,2040,Hebei,subcritical,recirculating,subcritical:1.000,0.0,1320.0,0.0,1.85,2.7,0.2,0.36,0.0,True,37.7526565,115.6012217,inputs/plants_unit.csv,2025,194.17,False,1.85,2.31,2.01,4.51,3.65,4.34
P0216,216,H350_215,2,100.0,1997.0,2037,Heilongjiang,subcritical,recirculating,subcritical:1.000,0.0,100.0,0.0,1.85,3.2,0.2,0.36,0.0,True,48.2323268,126.5290168,inputs/plants_unit.csv,2025,905.59,False,1.85,2.31,2.01,4.51,3.65,4.84
P0217,217,H350_216,2,300.0,2004.0,2044,Hainan,subcritical,recirculating,subcritical:1.000,0.0,300.0,0.0,1.85,3.2,0.2,0.36,0.0,True,19.772636,109.18408,inputs/plants_unit.csv,2025,1.97,False,1.85,2.31,2.01,4.51,3.65,4.84
P0218,218,H350_217,4,1980.0,2010.0,2050,Hubei,supercritical,recirculating,supercritical:1.000,1280.0,700.0,0.0,0.8803,1.2261,0.16,0.31,0.0,True,31.047291050000002,112.23960819999999,inputs/plants_unit.csv,2025,782.51,False,0.8803,58.2449,1.0153,105.8612,1.6313,1.8421
P0219,219,H350_218,4,810.0,2005.5,2045,Jilin,subcritical,recirculating,subcritical:0.750;supercritical:0.250,0.0,150.0,660.0,0.6441,0.9919,0.1674,0.3193,0.8148,True,45.18673232500001,124.713103425,inputs/plants_unit.csv,2025,530.5,False,0.6441,0.5989,0.5026,1.1693,0.9285,1.4178
P0220,220,H350_219,2,1320.0,2018.5,2058,Hebei,ultra-supercritical,recirculating,ultra-supercritical:1.000,0.0,1320.0,0.0,1.85,2.35,0.12,0.25,0.0,True,39.812212,114.636465,inputs/plants_unit.csv,2025,280.26,False,1.85,1.58,1.26,3.44,2.53,3.62
P0221,221,H350_220,10,4130.0,2006.1,2046,Gansu,subcritical,recirculating,subcritical:0.600;supercritical:0.400,0.0,3180.0,950.0,1.5096,2.0558,0.1756,0.3295,0.23,True,35.395936240000005,106.7692569,inputs/plants_unit.csv,2025,1028.48,False,1.5096,1.7743,1.4071,3.4031,2.6195,3.2682
P0222,222,H350_221,4,4000.0,2020.75,2060,Jiangxi,ultra-supercritical,recirculating,ultra-supercritical:1.000,0.0,4000.0,0.0,1.85,2.0,0.12,0.25,0.0,True,27.7844943,116.5644289,inputs/plants_unit.csv,2025,323.51,False,1.85,1.58,1.26,3.44,2.53,3.27
P0223,223,H350_222,19,6425.0,2003.421052631579,2043,Anhui,subcritical,recirculating,subcritical:0.684;ultra-supercritical:0.211;supercritical:0.105,2640.0,3785.0,0.0,1.2337,1.6715,0.1589,0.3045,0.0,True,31.722853400000005,118.48500455789474,inputs/plants_unit.csv,2025,241.52,False,1.2337,43.2557,1.2724,76.3016,2.2283,2.6274
P0224,224,H350_223,4,1100.0,2013.75,2053,Xinjiang,supercritical,recirculating,supercritical:0.500;subcritical:0.500,0.0,1100.0,0.0,1.85,2.8818,0.1745,0.3282,0.0,True,41.116462999999996,80.284606,inputs/plants_unit.csv,2025,3213.95,False,1.85,2.2336,1.7555,4.2745,3.2745,4.4008
P0225,225,H350_224,2,1200.0,2020.0,2060,Heilongjiang,supercritical,recirculating,supercritical:1.000,0.0,1200.0,0.0,1.85,2.35,0.16,0.31,0.0,True,46.250035,132.54726,inputs/plants_unit.csv,2025,978.3,False,1.85,2.19,1.61,4.14,3.06,3.8
P0226,226,H350_225,4,2640.0,2020.0,2060,Anhui,ultra-supercritical,recirculating,ultra-supercritical:1.000,0.0,2640.0,0.0,1.85,2.35,0.12,0.25,0.0,True,31.656523,116.491363,inputs/plants_unit.csv,2025,428.19,False,1.85,1.58,1.26,3.44,2.53,3.62
P0227,227,H350_226,12,3700.0,2016.5,2056,Shanxi,supercritical,Air,supercritical:0.667;subcritical:0.333,0.0,1600.0,2100.0,1.01,1.5451,0.1708,0.3235,0.5676,True,37.256315066666666,112.01524108333335,inputs/plants_unit.csv,2025,513.56,False,1.01,1.0986,0.8951,2.123,1.6586,2.3086
P0228,228,H350_227,2,1200.0,2007.0,2047,Liaoning,supercritical,recirculating,supercritical:1.000,0.0,1200.0,0.0,1.85,2.35,0.16,0.31,0.0,True,39.6759023,123.2061971,inputs/plants_unit.csv,2025,0.24,False,1.85,2.19,1.61,4.14,3.06,3.8
P0229,229,H350_228,11,3730.0,2007.6363636363637,2047,Henan,subcritical,recirculating,subcritical:0.727;supercritical:0.182;ultra-supercritical:0.091,0.0,3730.0,0.0,1.85,2.5054,0.165,0.3136,0.0,True,34.80419690909091,111.0107946818182,inputs/plants_unit.csv,2025,714.25,False,1.85,2.0738,1.6738,4.0982,3.1504,3.982
P0230,230,H350_229,2,1320.0,2023.0,2063,Inner Mongolia,ultra-supercritical,Air,ultra-supercritical:1.000,0.0,0.0,1320.0,0.37,0.49,0.12,0.25,1.0,True,43.5503,115.1452,inputs/plants_unit.csv,2025,540.81,False,0.37,0.15,0.12,0.34,0.25,0.62
P0231,231,H350_230,4,1200.0,2010.5,2050,Fujian,subcritical,once-through,subcritical:1.000,1200.0,0.0,0.0,0.35,0.49,0.2,0.36,0.0,True,25.2826263,117.27690394999999,inputs/plants_unit.csv,2025,103.21,False,0.35,116.48,1.24,199.11,1.77,1.02
P0232,232,H350_231,2,1200.0,2013.0,2053,Inner Mongolia,subcritical,Air,subcritical:1.000,0.0,0.0,1200.0,0.37,0.49,0.2,0.36,1.0,True,43.589584,118.711438,inputs/plants_unit.csv,2025,363.51,False,0.37,0.23,0.2,0.45,0.36,0.65
P0233,233,H350_232,2,600.0,2012.5,2052,Xinjiang,subcritical,recirculating,subcritical:1.000,0.0,600.0,0.0,1.85,2.7,0.2,0.36,0.0,True,41.73815,82.88791,inputs/plants_unit.csv,2025,2979.1,False,1.85,2.31,2.01,4.51,3.65,4.34
P0234,234,H350_233,1,60.0,2023.0,2063,Hunan,subcritical,recirculating,subcritical:1.000,0.0,60.0,0.0,1.85,3.2,0.2,0.36,0.0,True,26.99216,112.643208,inputs/plants_unit.csv,2025,478.8,False,1.85,2.31,2.01,4.51,3.65,4.84
P0235,235,H350_234,4,2640.0,2018.75,2058,Inner Mongolia,ultra-supercritical,Air,ultra-supercritical:1.000,0.0,0.0,2640.0,0.37,0.49,0.12,0.25,1.0,True,44.587344,116.71965549999999,inputs/plants_unit.csv,2025,550.87,False,0.37,0.15,0.12,0.34,0.25,0.62
P0236,236,H350_235,14,5330.0,2006.9285714285713,2046,Henan,subcritical,recirculating,subcritical:0.429;supercritical:0.429;ultra-supercritical:0.143,0.0,5330.0,0.0,1.85,2.5598,0.1639,0.3124,0.0,True,35.9368248,114.17151851428574,inputs/plants_unit.csv,2025,406.78,False,1.85,2.0804,1.6614,4.0944,3.1324,4.0308
P0237,237,H350_236,4,2700.0,2014.5,2054,Jiangxi,supercritical,recirculating,supercritical:0.500;ultra-supercritical:0.500,0.0,2700.0,0.0,1.85,2.1815,0.1304,0.2656,0.0,True,25.92432775,115.10297395,inputs/plants_unit.csv,2025,318.43,False,1.85,1.7381,1.3507,3.6215,2.6674,3.4982
P0238,238,H350_237,2,2000.0,2025.5,2065,Sichuan,ultra-supercritical,Air,ultra-supercritical:1.000,0.0,0.0,2000.0,0.37,0.42,0.12,0.25,1.0,True,32.331679699999995,105.57982345,inputs/plants_unit.csv,2025,1189.03,False,0.37,0.15,0.12,0.34,0.25,0.55
P0239,239,H350_238,10,3720.0,2006.7,2046,Guizhou,subcritical,recirculating,subcritical:0.800;supercritical:0.200,0.0,3720.0,0.0,1.85,2.5758,0.1858,0.3423,0.0,True,27.52040356,106.45517692000001,inputs/plants_unit.csv,2025,653.22,False,1.85,2.2674,1.8681,4.3787,3.4406,4.1483
P0240,240,H350_239,2,2000.0,2019.5,2059,Guangdong,ultra-supercritical,once-through,ultra-supercritical:1.000,2000.0,0.0,0.0,0.35,0.35,0.12,0.25,0.0,False,20.51161,109.82803,inputs/plants_unit.csv,2025,1.02,True,0.0,0.0,0.0,0.0,0.0,0.35
P0241,241,H350_240,2,700.0,2021.0,2061,Guangxi,supercritical,once-through,supercritical:1.000,700.0,0.0,0.0,0.35,0.49,0.16,0.31,0.0,True,23.985332,111.693474,inputs/plants_unit.csv,2025,224.63,False,0.35,88.9,0.69,161.49,0.85,0.65
P0242,242,H350_241,8,5280.0,2021.875,2061,Xinjiang,ultra-supercritical,recirculating,ultra-supercritical:0.500;supercritical:0.500,0.0,5280.0,0.0,1.85,2.35,0.14,0.28,0.0,True,44.50694375,90.22066,inputs/plants_unit.csv,2025,2363.18,False,1.85,1.885,1.435,3.79,2.795,3.71
P0243,243,H350_242,44,24460.0,2012.4772727272727,2052,Anhui,ultra-supercritical,recirculating,ultra-supercritical:0.409;subcritical:0.318;supercritical:0.227;CFB:0.045,3900.0,20560.0,0.0,1.6108,2.025,0.1442,0.2846,0.0,True,32.72965889545455,116.88456934999998,inputs/plants_unit.csv,2025,319.93,False,1.6108,17.3734,1.3366,30.3501,2.5368,3.2252
P0244,244,H350_243,12,3610.0,2010.1666666666667,2050,Gansu,supercritical,recirculating,supercritical:0.500;subcritical:0.500,0.0,2700.0,910.0,1.4769,2.179,0.1767,0.3309,0.2521,True,39.792366449999996,98.30868356666669,inputs/plants_unit.csv,2025,1666.75,False,1.4769,1.7159,1.3211,3.2713,2.4775,3.3354
P0245,245,H350_244,10,1933.0,2012.4,2052,Hubei,subcritical,recirculating,subcritical:0.700;supercritical:0.300,0.0,1933.0,0.0,1.85,2.7577,0.1783,0.3328,0.0,True,30.395110199999998,111.49417899999999,inputs/plants_unit.csv,2025,873.55,False,1.85,2.2448,1.7927,4.309,3.3295,4.2945
P0246,246,H350_245,25,8170.0,2013.76,2053,Inner Mongolia,subcritical,Air,subcritical:0.840;supercritical:0.160,0.0,1950.0,6220.0,0.7232,1.0918,0.1871,0.3438,0.7613,True,45.461377824,119.571302776,inputs/plants_unit.csv,2025,526.39,False,0.7232,0.72,0.6191,1.4061,1.1291,1.6018
P0247,247,H350_246,4,2060.0,2017.0,2057,Shandong,ultra-supercritical,recirculating,ultra-supercritical:0.500;subcritical:0.500,0.0,2060.0,0.0,1.85,2.035,0.1223,0.2532,0.0,True,38.096444999999996,118.9042265,inputs/plants_unit.csv,2025,3.61,False,1.85,1.6013,1.2818,3.4712,2.5626,3.3158
P0248,248,H350_247,22,8390.0,2010.409090909091,2050,Henan,subcritical,recirculating,subcritical:0.636;ultra-supercritical:0.273;supercritical:0.091,660.0,7730.0,0.0,1.732,2.3351,0.1559,0.3002,0.0,True,35.28212610000001,113.55311391818182,inputs/plants_unit.csv,2025,497.49,False,1.732,10.9278,1.5325,19.255,2.8807,3.6833
P0249,249,H350_248,2,600.0,2004.5,2044,Gansu,subcritical,Air,subcritical:1.000,0.0,300.0,300.0,1.11,1.635,0.2,0.36,0.5,True,36.519356,102.86741,inputs/plants_unit.csv,2025,1320.98,False,1.11,1.27,1.105,2.48,2.005,2.535
P0250,250,H350_249,2,600.0,2016.5,2056,Gansu,supercritical,Air,supercritical:1.000,0.0,0.0,600.0,0.37,0.57,0.16,0.31,1.0,True,40.208093,97.359004,inputs/plants_unit.csv,2025,1747.02,False,0.37,0.21,0.16,0.41,0.31,0.72
P0251,251,H350_250,4,1360.0,2013.5,2053,Hebei,subcritical,recirculating,subcritical:0.500;supercritical:0.500,0.0,1360.0,0.0,1.85,2.7,0.1794,0.3343,0.0,True,38.3476141,116.94265595000002,inputs/plants_unit.csv,2025,61.03,False,1.85,2.2482,1.8041,4.3196,3.3463,4.2422
P0252,252,H350_251,2,2090.0,2012.0,2052,Guangxi,ultra-supercritical,once-through,ultra-supercritical:1.000,2090.0,0.0,0.0,0.35,0.35,0.12,0.25,0.0,True,24.73609,111.34667,inputs/plants_unit.csv,2025,309.24,False,0.35,82.8,0.228,143.2,0.344,0.466
P0253,253,H350_252,6,1140.0,2011.0,2051,Guangxi,supercritical,once-through,supercritical:0.500;subcritical:0.500,1050.0,90.0,0.0,0.4684,0.7039,0.1632,0.3139,0.0,True,23.339667000000002,107.50244300000001,inputs/plants_unit.csv,2025,186.04,False,0.4684,82.0639,0.7942,149.0968,1.0711,0.9808
P0254,254,H350_253,2,1320.0,2015.0,2055,Jiangxi,ultra-supercritical,recirculating,ultra-supercritical:1.000,0.0,1320.0,0.0,1.85,2.35,0.12,0.25,0.0,True,27.641968,114.005752,inputs/plants_unit.csv,2025,522.1,False,1.85,1.58,1.26,3.44,2.53,3.62
P0255,255,H350_254,13,4920.0,2014.1538461538462,2054,Anhui,subcritical,recirculating,subcritical:0.385;CFB:0.308;ultra-supercritical:0.308,4640.0,280.0,0.0,0.4354,0.5304,0.135,0.2706,0.0,True,30.56392938461539,117.05617661538457,inputs/plants_unit.csv,2025,349.83,False,0.4354,82.6004,0.4611,142.5799,0.7176,0.7869
P0256,256,H350_255,1,56.0,2020.0,2060,Heilongjiang,subcritical,recirculating,subcritical:1.000,0.0,56.0,0.0,1.85,3.2,0.2,0.36,0.0,True,46.980043,128.065134,inputs/plants_unit.csv,2025,835.18,False,1.85,2.31,2.01,4.51,3.65,4.84
P0257,257,H350_256,2,72.0,2019.5,2059,Inner Mongolia,subcritical,recirculating,subcritical:1.000,0.0,72.0,0.0,1.85,3.2,0.2,0.36,0.0,True,42.970016,122.390042,inputs/plants_unit.csv,2025,223.51,False,1.85,2.31,2.01,4.51,3.65,4.84
P0258,258,H350_257,2,700.0,2016.0,2056,Xinjiang,supercritical,recirculating,supercritical:1.000,0.0,700.0,0.0,1.85,2.7,0.16,0.31,0.0,True,41.821533,84.003586,inputs/plants_unit.csv,2025,2882.18,False,1.85,2.19,1.61,4.14,3.06,4.15
P0259,259,H350_258,9,4380.0,2010.7777777777778,2050,Guizhou,supercritical,recirculating,supercritical:0.556;subcritical:0.444,0.0,4380.0,0.0,1.85,2.4459,0.171,0.3237,0.0,True,26.953804166666668,106.08843133333333,inputs/plants_unit.csv,2025,607.77,False,1.85,2.2229,1.7196,4.2414,3.2216,3.9479
P0260,260,H350_259,4,2660.0,2018.0,2058,Ningxia,subcritical,Air,subcritical:0.500;ultra-supercritical:0.500,0.0,0.0,2660.0,0.37,0.4572,0.1398,0.2773,1.0,True,36.044444,106.291944,inputs/plants_unit.csv,2025,1042.17,False,0.37,0.1698,0.1398,0.3673,0.2773,0.5947
P0261,261,H350_260,2,700.0,2024.0,2064,Xinjiang,supercritical,recirculating,supercritical:1.000,0.0,700.0,0.0,1.85,2.7,0.16,0.31,0.0,True,38.950112,88.32697,inputs/plants_unit.csv,2025,2542.96,False,1.85,2.19,1.61,4.14,3.06,4.15
P0262,262,H350_261,2,1200.0,2012.5,2052,Guizhou,supercritical,recirculating,supercritical:1.000,0.0,1200.0,0.0,1.85,2.35,0.16,0.31,0.0,True,26.6304173,107.5423551,inputs/plants_unit.csv,2025,530.49,False,1.85,2.19,1.61,4.14,3.06,3.8
P0263,263,H350_262,2,700.0,2015.5,2055,Shaanxi,supercritical,Air,supercritical:1.000,0.0,0.0,700.0,0.37,0.57,0.16,0.31,1.0,True,34.258855,108.118848,inputs/plants_unit.csv,2025,972.34,False,0.37,0.21,0.16,0.41,0.31,0.72
P0264,264,H350_263,2,1200.0,2007.0,2047,Sichuan,supercritical,recirculating,supercritical:1.000,0.0,1200.0,0.0,1.85,2.35,0.16,0.31,0.0,True,30.7056052,104.5803369,inputs/plants_unit.csv,2025,1048.01,False,1.85,2.19,1.61,4.14,3.06,3.8
P0265,265,H350_264,2,700.0,2017.0,2057,Gansu,supercritical,recirculating,supercritical:1.000,0.0,700.0,0.0,1.85,2.7,0.16,0.31,0.0,True,37.901104,102.685854,inputs/plants_unit.csv,2025,1305.45,False,1.85,2.19,1.61,4.14,3.06,4.15
P0266,266,H350_265,2,270.0,2021.0,2061,Heilongjiang,subcritical,recirculating,subcritical:1.000,0.0,270.0,0.0,1.85,3.2,0.2,0.36,0.0,True,50.427253,124.169753,inputs/plants_unit.csv,2025,1082.68,False,1.85,2.31,2.01,4.51,3.65,4.84
P0267,267,H350_266,6,4660.0,2014.1666666666667,2054,Hubei,ultra-supercritical,once-through,ultra-supercritical:0.667;subcritical:0.333,4660.0,0.0,0.0,0.35,0.3698,0.1313,0.2656,0.0,True,29.665230000000005,113.87296000000002,inputs/plants_unit.csv,2025,654.15,False,0.35,87.5701,0.3713,151.1186,0.546,0.5445
P0268,268,H350_267,3,90.0,2024.0,2064,Inner Mongolia,CFB,recirculating,CFB:1.000,0.0,90.0,0.0,1.85,3.2,0.2,0.36,0.0,True,41.560504,119.34112499999999,inputs/plants_unit.csv,2025,162.09,False,1.85,2.31,2.01,4.51,3.65,4.84
P0269,269,H350_268,19,15976.0,2015.0526315789473,2055,Guangdong,ultra-supercritical,once-through,ultra-supercritical:0.737;supercritical:0.158;subcritical:0.105,15976.0,0.0,0.0,0.35,0.3691,0.1275,0.2609,0.0,False,23.12340687368421,116.60407514736842,inputs/plants_unit.csv,2025,5.73,True,0.0,0.0,0.0,0.0,0.0,0.3691
P0270,270,H350_269,2,600.0,2012.0,2052,Xinjiang,subcritical,recirculating,subcritical:1.000,0.0,600.0,0.0,1.85,2.7,0.2,0.36,0.0,True,46.6088,86.5936,inputs/plants_unit.csv,2025,2675.02,False,1.85,2.31,2.01,4.51,3.65,4.34
P0271,271,H350_270,2,600.0,2009.5,2049,Guangdong,subcritical,recirculating,subcritical:1.000,0.0,600.0,0.0,1.85,2.7,0.2,0.36,0.0,True,25.25886,113.06552,inputs/plants_unit.csv,2025,280.82,False,1.85,2.31,2.01,4.51,3.65,4.34
P0272,272,H350_271,2,1320.0,2025.0,2065,Qinghai,ultra-supercritical,recirculating,ultra-supercritical:1.000,0.0,1320.0,0.0,1.85,2.35,0.12,0.25,0.0,True,36.416667,94.883333,inputs/plants_unit.csv,2025,2020.21,False,1.85,1.58,1.26,3.44,2.53,3.62
P0273,273,H350_272,2,600.0,2011.0,2051,Fujian,subcritical,once-through,subcritical:1.000,600.0,0.0,0.0,0.35,0.49,0.2,0.36,0.0,True,26.00357,117.37926,inputs/plants_unit.csv,2025,168.45,False,0.35,116.48,1.24,199.11,1.77,1.02
P0274,274,H350_273,4,1400.0,2019.0,2059,Hebei,supercritical,recirculating,supercritical:0.500;ultra-supercritical:0.500,0.0,1400.0,0.0,1.85,2.7,0.14,0.28,0.0,True,38.74469,116.15334,inputs/plants_unit.csv,2025,121.45,False,1.85,1.885,1.435,3.79,2.795,4.06
P0275,275,H350_274,8,3620.0,2014.125,2054,Gansu,subcritical,Air,subcritical:0.750;ultra-supercritical:0.250,0.0,2000.0,1620.0,1.1877,1.3791,0.1558,0.2992,0.4475,True,38.433599375,102.157971575,inputs/plants_unit.csv,2025,1343.9,False,1.1877,0.9759,0.7856,2.1019,1.5589,2.1524
P0276,276,H350_275,2,600.0,2012.5,2052,Xinjiang,subcritical,recirculating,subcritical:1.000,0.0,600.0,0.0,1.85,2.7,0.2,0.36,0.0,True,42.82463,87.914977,inputs/plants_unit.csv,2025,2545.67,False,1.85,2.31,2.01,4.51,3.65,4.34
P0277,277,H350_276,2,700.0,2016.0,2056,Guangxi,supercritical,once-through,supercritical:1.000,700.0,0.0,0.0,0.35,0.49,0.16,0.31,0.0,True,24.4560027,109.6934879,inputs/plants_unit.csv,2025,298.33,False,0.35,88.9,0.69,161.49,0.85,0.65
P0278,278,H350_277,5,1620.0,2020.0,2060,Inner Mongolia,subcritical,recirculating,subcritical:0.600;ultra-supercritical:0.400,0.0,300.0,1320.0,0.6441,0.9919,0.1348,0.2704,0.8148,True,39.085098599999995,109.47955440000001,inputs/plants_unit.csv,2025,704.67,False,0.6441,0.55,0.47,1.1122,0.8796,1.4015
P0279,279,H350_278,2,1200.0,2007.0,2047,Guangxi,supercritical,once-through,supercritical:1.000,1200.0,0.0,0.0,0.35,0.42,0.16,0.31,0.0,True,23.1119444,109.7658333,inputs/plants_unit.csv,2025,149.95,False,0.35,88.9,0.69,161.49,0.85,0.58
P0280,280,H350_279,2,1320.0,2026.0,2066,Anhui,ultra-supercritical,recirculating,ultra-supercritical:1.000,0.0,1320.0,0.0,1.85,2.35,0.12,0.25,0.0,True,32.9337496,117.6878713,inputs/plants_unit.csv,2025,249.79,False,1.85,1.58,1.26,3.44,2.53,3.62
P0281,281,H350_280,4,2020.0,2019.75,2059,Xinjiang,ultra-supercritical,recirculating,ultra-supercritical:0.500;supercritical:0.500,0.0,2020.0,0.0,1.85,2.4713,0.1339,0.2708,0.0,True,45.545463850000004,85.0218233,inputs/plants_unit.csv,2025,2789.51,False,1.85,1.7914,1.3813,3.6826,2.7137,3.8037
P0282,282,H350_281,5,810.0,2016.4,2056,Shandong,subcritical,recirculating,subcritical:0.600;supercritical:0.400,0.0,810.0,0.0,1.85,2.7679,0.1654,0.3168,0.0,True,35.706305799999996,118.7059434,inputs/plants_unit.csv,2025,78.42,False,1.85,2.2063,1.6643,4.1902,3.1401,4.2437
P0283,283,H350_282,2,1320.0,2023.0,2063,Hubei,supercritical,once-through,supercritical:1.000,1320.0,0.0,0.0,0.35,0.42,0.16,0.31,0.0,True,31.640073,113.522017,inputs/plants_unit.csv,2025,644.06,False,0.35,88.9,0.69,161.49,0.85,0.58
P0284,284,H350_283,34,8800.0,2014.1176470588234,2054,Shandong,subcritical,recirculating,subcritical:0.882;supercritical:0.059;ultra-supercritical:0.059,4850.0,3950.0,0.0,1.0233,1.5014,0.182,0.336,0.0,True,38.10652717647059,117.91056765294118,inputs/plants_unit.csv,2025,0.12,True,0.8304,1.0369,0.9022,2.0244,1.6384,2.2376
P0285,285,H350_284,4,1200.0,2000.5,2040,Yunnan,subcritical,recirculating,subcritical:1.000,0.0,1200.0,0.0,1.85,2.7,0.2,0.36,0.0,True,25.6622058,104.0667928,inputs/plants_unit.csv,2025,607.74,False,1.85,2.31,2.01,4.51,3.65,4.34
P0286,286,H350_285,4,1500.0,2007.75,2047,Jiangxi,subcritical,recirculating,subcritical:0.500;ultra-supercritical:0.500,0.0,1500.0,0.0,1.85,2.4067,0.1253,0.2573,0.0,True,28.81613945,115.93789709999999,inputs/plants_unit.csv,2025,430.64,False,1.85,1.6287,1.31,3.5113,2.6047,3.7014
P0287,287,H350_286,2,1320.0,2009.0,2049,Gansu,supercritical,recirculating,supercritical:1.000,0.0,1320.0,0.0,1.85,2.35,0.16,0.31,0.0,True,37.232754,104.169048,inputs/plants_unit.csv,2025,1189.58,False,1.85,2.19,1.61,4.14,3.06,3.8
P0288,288,H350_287,2,1320.0,2025.5,2065,Inner Mongolia,ultra-supercritical,recirculating,ultra-supercritical:1.000,0.0,1320.0,0.0,1.85,2.35,0.12,0.25,0.0,True,44.018566,113.180878,inputs/plants_unit.csv,2025,668.91,False,1.85,1.58,1.26,3.44,2.53,3.62
P0289,289,H350_288,4,510.0,2008.0,2048,Inner Mongolia,subcritical,recirculating,subcritical:0.750;supercritical:0.250,0.0,160.0,350.0,0.8343,1.3951,0.1725,0.3257,0.6863,True,49.283636,120.835657,inputs/plants_unit.csv,2025,935.96,False,0.8343,0.8688,0.7404,1.6963,1.3578,2.0125
P0290,290,H350_289,6,1860.0,2006.1666666666667,2046,Guizhou,subcritical,recirculating,subcritical:1.000,0.0,1860.0,0.0,1.85,2.5968,0.2,0.36,0.0,True,28.292399333333332,106.24904266666665,inputs/plants_unit.csv,2025,740.84,False,1.85,2.31,2.01,4.51,3.65,4.2368
P0291,291,H350_290,4,970.0,2011.5,2051,Shanxi,subcritical,recirculating,subcritical:0.500;supercritical:0.500,0.0,270.0,700.0,0.782,1.3021,0.1711,0.3239,0.7216,True,38.460446499999996,112.75008345,inputs/plants_unit.csv,2025,421.37,False,0.782,0.7945,0.6749,1.5512,1.2397,1.8669
P0292,292,H350_291,2,600.0,2005.5,2045,Chongqing,subcritical,recirculating,subcritical:1.000,0.0,600.0,0.0,1.85,2.7,0.2,0.36,0.0,True,31.269167,108.456944,inputs/plants_unit.csv,2025,1035.33,False,1.85,2.31,2.01,4.51,3.65,4.34
P0293,293,H350_292,3,200.0,2008.0,2048,Chongqing,subcritical,recirculating,subcritical:1.000,0.0,200.0,0.0,1.85,3.2,0.2,0.36,0.0,True,29.0363,105.85501600000002,inputs/plants_unit.csv,2025,831.25,False,1.85,2.31,2.01,4.51,3.65,4.84
P0294,294,H350_293,2,1320.0,2010.5,2050,Jiangxi,ultra-supercritical,recirculating,ultra-supercritical:1.000,660.0,660.0,0.0,1.1,1.385,0.12,0.25,0.0,True,29.18719,117.08502,inputs/plants_unit.csv,2025,368.31,False,1.1,42.19,0.744,73.32,1.437,2.078
P0295,295,H350_294,9,3075.0,2008.3333333333333,2048,Guangdong,subcritical,recirculating,subcritical:0.556;supercritical:0.444,1900.0,1175.0,0.0,0.9232,1.3909,0.1753,0.3291,0.0,True,23.012968666666666,112.89723415555555,inputs/plants_unit.csv,2025,63.7,False,0.9232,55.8128,1.1944,101.5058,1.9199,2.1164
P0296,296,H350_295,6,3940.0,2011.8333333333333,2051,Henan,ultra-supercritical,recirculating,ultra-supercritical:0.667;subcritical:0.333,0.0,3940.0,0.0,1.85,2.2274,0.1326,0.2673,0.0,True,32.109018,114.140877,inputs/plants_unit.csv,2025,565.54,False,1.85,1.6949,1.378,3.6084,2.7062,3.5556
P0297,297,H350_296,2,2000.0,2026.0,2066,Jiangxi,ultra-supercritical,recirculating,ultra-supercritical:1.000,0.0,2000.0,0.0,1.85,2.0,0.12,0.25,0.0,True,28.28488,117.857259,inputs/plants_unit.csv,2025,241.91,False,1.85,1.58,1.26,3.44,2.53,3.27
P0298,298,H350_297,6,1000.0,2012.5,2052,Xinjiang,subcritical,recirculating,subcritical:1.000,0.0,1000.0,0.0,1.85,3.2,0.2,0.36,0.0,True,44.087246,88.51703900000001,inputs/plants_unit.csv,2025,2498.38,False,1.85,2.31,2.01,4.51,3.65,4.84
P0299,299,H350_298,10,520.0,2017.6,2057,Liaoning,subcritical,recirculating,subcritical:1.000,0.0,520.0,0.0,1.85,3.2,0.2,0.36,0.0,True,39.574197000000005,121.25473600000001,inputs/plants_unit.csv,2025,0.59,False,1.85,2.31,2.01,4.51,3.65,4.84
P0300,300,H350_299,2,1320.0,2025.0,2065,Guangxi,ultra-supercritical,once-through,ultra-supercritical:1.000,1320.0,0.0,0.0,0.35,0.42,0.12,0.25,0.0,True,22.494869,107.555455,inputs/plants_unit.csv,2025,113.81,False,0.35,82.8,0.228,143.2,0.344,0.536
P0301,301,H350_300,2,64.0,2025.5,2065,Jiangsu,CFB,recirculating,CFB:1.000,0.0,64.0,0.0,1.85,3.2,0.2,0.36,0.0,True,31.487864,119.303398,inputs/plants_unit.csv,2025,165.4,False,1.85,2.31,2.01,4.51,3.65,4.84
P0302,302,H350_301,2,700.0,2023.0,2063,Xinjiang,supercritical,recirculating,supercritical:1.000,0.0,700.0,0.0,1.85,2.7,0.16,0.31,0.0,True,41.720435,81.66835,inputs/plants_unit.csv,2025,3084.76,False,1.85,2.19,1.61,4.14,3.06,4.15
P0303,303,H350_302,4,1300.0,2008.5,2048,Henan,subcritical,recirculating,subcritical:1.000,0.0,1300.0,0.0,1.85,2.7,0.2,0.36,0.0,True,32.9569897,114.0485942,inputs/plants_unit.csv,2025,525.29,False,1.85,2.31,2.01,4.51,3.65,4.34
P0304,304,H350_303,2,100.0,2023.0,2063,Inner Mongolia,subcritical,recirculating,subcritical:1.000,0.0,100.0,0.0,1.85,3.2,0.2,0.36,0.0,True,41.913656,101.042068,inputs/plants_unit.csv,2025,1449.67,False,1.85,2.31,2.01,4.51,3.65,4.84
P0305,305,H350_304,2,300.0,2013.0,2053,Inner Mongolia,subcritical,recirculating,subcritical:1.000,0.0,300.0,0.0,1.85,3.2,0.2,0.36,0.0,True,44.562956,117.630486,inputs/plants_unit.csv,2025,503.43,False,1.85,2.31,2.01,4.51,3.65,4.84
P0306,306,H350_305,2,660.0,2016.0,2056,Inner Mongolia,subcritical,Air,subcritical:1.000,0.0,0.0,660.0,0.37,0.57,0.2,0.36,1.0,True,39.91998,109.115512,inputs/plants_unit.csv,2025,743.3,False,0.37,0.23,0.2,0.45,0.36,0.73
P0307,307,H350_306,4,4000.0,2024.75,2064,Hunan,ultra-supercritical,once-through,ultra-supercritical:1.000,4000.0,0.0,0.0,0.35,0.35,0.12,0.25,0.0,True,28.935746,113.46539299999999,inputs/plants_unit.csv,2025,656.76,False,0.35,82.8,0.228,143.2,0.344,0.466
P0308,308,H350_307,2,270.0,2007.0,2047,Qinghai,subcritical,recirculating,subcritical:1.000,0.0,270.0,0.0,1.85,3.2,0.2,0.36,0.0,True,36.974299,100.9098322,inputs/plants_unit.csv,2025,1478.98,False,1.85,2.31,2.01,4.51,3.65,4.84
P0309,309,H350_308,4,2000.0,2019.25,2059,Inner Mongolia,ultra-supercritical,Air,ultra-supercritical:0.500;subcritical:0.250;supercritical:0.250,0.0,0.0,2000.0,0.37,0.5172,0.1402,0.2786,1.0,True,44.97107,121.41631999999998,inputs/plants_unit.csv,2025,445.73,False,0.37,0.1737,0.1402,0.3704,0.2786,0.6556
P0310,310,H350_309,4,2640.0,2022.25,2062,Shaanxi,ultra-supercritical,Air,ultra-supercritical:1.000,0.0,0.0,2640.0,0.37,0.49,0.12,0.25,1.0,True,33.807099,110.0629,inputs/plants_unit.csv,2025,850.3,False,0.37,0.15,0.12,0.34,0.25,0.62
P0311,311,H350_310,2,1320.0,2015.0,2055,Hunan,ultra-supercritical,once-through,ultra-supercritical:1.000,1320.0,0.0,0.0,0.35,0.42,0.12,0.25,0.0,True,29.031,111.7,inputs/plants_unit.csv,2025,721.3,False,0.35,82.8,0.228,143.2,0.344,0.536
P0312,312,H350_311,2,600.0,2014.0,2054,Shanxi,subcritical,recirculating,subcritical:1.000,0.0,600.0,0.0,1.85,2.7,0.2,0.36,0.0,True,35.590983,111.376042,inputs/plants_unit.csv,2025,639.75,False,1.85,2.31,2.01,4.51,3.65,4.34
P0313,313,H350_312,4,800.0,2014.0,2054,Xinjiang,subcritical,recirculating,subcritical:0.500;supercritical:0.500,0.0,800.0,0.0,1.85,2.7625,0.165,0.3162,0.0,True,39.895939,78.967921,inputs/plants_unit.csv,2025,3353.57,False,1.85,2.205,1.66,4.1862,3.1338,4.2363
P0314,314,H350_313,2,1200.0,2019.0,2059,Inner Mongolia,supercritical,Air,supercritical:1.000,0.0,0.0,1200.0,0.37,0.49,0.16,0.31,1.0,True,40.27631,112.162201,inputs/plants_unit.csv,2025,498.33,False,0.37,0.21,0.16,0.41,0.31,0.64
P0315,315,H350_314,10,4820.0,2009.9,2049,Jiangxi,subcritical,once-through,subcritical:0.400;supercritical:0.200;ultra-supercritical:0.200;CFB:0.200,4760.0,60.0,0.0,0.3687,0.4453,0.1552,0.2998,0.0,True,28.160454680000004,115.69073736,inputs/plants_unit.csv,2025,420.1,False,0.3687,93.0729,0.6699,162.5615,0.9345,0.7099
P0316,316,H350_315,2,1200.0,2016.0,2056,Chongqing,supercritical,recirculating,supercritical:1.000,0.0,1200.0,0.0,1.85,2.35,0.16,0.31,0.0,True,31.118822,109.447256,inputs/plants_unit.csv,2025,1007.62,False,1.85,2.19,1.61,4.14,3.06,3.8
P0317,317,H350_316,3,1370.0,2021.0,2061,Jiangsu,ultra-supercritical,once-through,ultra-supercritical:0.667;CFB:0.333,1370.0,0.0,0.0,0.35,0.4309,0.1229,0.254,0.0,True,33.839984,118.36866000000002,inputs/plants_unit.csv,2025,133.19,False,0.35,84.0292,0.2649,145.2405,0.396,0.562
P0318,318,H350_317,4,550.0,2001.0,2041,Jilin,subcritical,recirculating,subcritical:1.000,0.0,550.0,0.0,1.85,2.8818,0.2,0.36,0.0,True,43.15431715,124.4014418,inputs/plants_unit.csv,2025,324.07,False,1.85,2.31,2.01,4.51,3.65,4.5218
P0319,319,H350_318,2,700.0,2015.5,2055,Inner Mongolia,subcritical,recirculating,subcritical:1.000,0.0,700.0,0.0,1.85,2.7,0.2,0.36,0.0,True,40.86604,113.747689,inputs/plants_unit.csv,2025,395.96,False,1.85,2.31,2.01,4.51,3.65,4.34
P0320,320,H350_319,2,300.0,2023.0,2063,Guizhou,CFB,recirculating,CFB:1.000,0.0,300.0,0.0,1.85,3.2,0.2,0.36,0.0,True,25.226875,107.489232,inputs/plants_unit.csv,2025,379.84,False,1.85,2.31,2.01,4.51,3.65,4.84
P0321,321,H350_320,2,660.0,2009.0,2049,Jilin,subcritical,recirculating,subcritical:1.000,0.0,660.0,0.0,1.85,2.7,0.2,0.36,0.0,True,42.8720236,125.1600082,inputs/plants_unit.csv,2025,311.94,False,1.85,2.31,2.01,4.51,3.65,4.34
P0322,322,H350_321,2,700.0,2018.0,2058,Xinjiang,supercritical,recirculating,supercritical:1.000,0.0,700.0,0.0,1.85,2.7,0.16,0.31,0.0,True,42.974907,90.126799,inputs/plants_unit.csv,2025,2361.6,False,1.85,2.19,1.61,4.14,3.06,4.15
P0323,323,H350_322,4,4000.0,2023.25,2063,Henan,ultra-supercritical,recirculating,ultra-supercritical:1.000,0.0,4000.0,0.0,1.85,2.0,0.12,0.25,0.0,True,33.086416,111.90004,inputs/plants_unit.csv,2025,707.72,False,1.85,1.58,1.26,3.44,2.53,3.27
P0324,324,H350_323,8,3180.0,2004.75,2044,Shaanxi,subcritical,Air,subcritical:0.750;supercritical:0.250,0.0,660.0,2520.0,0.6772,0.9789,0.1834,0.3392,0.7925,True,34.46888477500001,107.237001675,inputs/plants_unit.csv,2025,1032.72,False,0.6772,0.6534,0.5591,1.276,1.0221,1.4419
P0325,325,H350_324,9,999.0,2017.6666666666667,2057,Zhejiang,subcritical,recirculating,subcritical:0.889;CFB:0.111,0.0,999.0,0.0,1.85,2.8997,0.2,0.36,0.0,True,30.22652,120.717248,inputs/plants_unit.csv,2025,5.9,False,1.85,2.31,2.01,4.51,3.65,4.5397
P0326,326,H350_325,10,6855.0,2006.6,2046,Zhejiang,subcritical/CCS,once-through,subcritical/CCS:0.400;supercritical:0.400;ultra-supercritical/CCS:0.200,6855.0,0.0,0.0,0.35,0.399,0.162,0.3095,0.0,False,29.49122172,121.57206111999999,inputs/plants_unit.csv,2025,1.68,True,0.0,0.0,0.0,0.0,0.0,0.399
P0327,327,H350_326,6,2860.0,2017.0,2057,Chongqing,supercritical,recirculating,supercritical:0.333;subcritical:0.333;ultra-supercritical:0.333,0.0,2860.0,0.0,1.85,2.2385,0.1343,0.2708,0.0,True,30.602607000000006,108.333304,inputs/plants_unit.csv,2025,961.51,False,1.85,1.7701,1.3876,3.6712,2.7224,3.5733
P0328,328,H350_327,9,2370.0,2002.0,2042,Inner Mongolia,subcritical,recirculating,subcritical:0.778;ultra-supercritical:0.222,0.0,2370.0,0.0,1.85,2.8371,0.1764,0.3275,0.0,True,43.6713737,122.1535206,inputs/plants_unit.csv,2025,298.94,False,1.85,2.0944,1.7885,4.194,3.3192,4.3678
P0329,329,H350_328,2,100.0,2011.0,2051,Xinjiang,subcritical,recirculating,subcritical:1.000,0.0,100.0,0.0,1.85,3.2,0.2,0.36,0.0,True,44.148549,80.437165,inputs/plants_unit.csv,2025,3166.64,False,1.85,2.31,2.01,4.51,3.65,4.84
P0330,330,H350_329,6,6000.0,2022.6666666666667,2062,Gansu,ultra-supercritical,recirculating,ultra-supercritical:1.000,0.0,6000.0,0.0,1.85,2.0,0.12,0.25,0.0,True,40.6599,96.51300000000002,inputs/plants_unit.csv,2025,1818.82,False,1.85,1.58,1.26,3.44,2.53,3.27
P0331,331,H350_330,6,5260.0,2013.8333333333333,2053,Guangdong,ultra-supercritical,once-through,ultra-supercritical:0.667;supercritical:0.333,5260.0,0.0,0.0,0.35,0.3668,0.1296,0.2644,0.0,False,23.56645,117.0972,inputs/plants_unit.csv,2025,0.04,True,0.0,0.0,0.0,0.0,0.0,0.3668
P0332,332,H350_331,6,3840.0,2013.0,2053,Hebei,ultra-supercritical,once-through,ultra-supercritical:0.333;subcritical:0.333;supercritical:0.333,3840.0,0.0,0.0,0.35,0.42,0.1588,0.305,0.0,True,38.5122064,114.8433969,inputs/plants_unit.csv,2025,237.65,False,0.35,95.4219,0.7031,166.9591,0.9636,0.6805
P0333,333,H350_332,4,3244.2,2014.75,2054,Guangdong,ultra-supercritical,once-through,ultra-supercritical:1.000,3244.2,0.0,0.0,0.35,0.3768,0.12,0.25,0.0,True,23.567222,114.640278,inputs/plants_unit.csv,2025,82.25,False,0.35,82.8,0.228,143.2,0.344,0.4928
P0334,334,H350_333,2,700.0,2017.5,2057,Hebei,supercritical,recirculating,supercritical:1.000,0.0,700.0,0.0,1.85,2.7,0.16,0.31,0.0,True,39.563323,115.999182,inputs/plants_unit.csv,2025,159.2,False,1.85,2.19,1.61,4.14,3.06,4.15
P0335,335,H350_334,6,4600.0,2018.0,2058,Hubei,supercritical,once-through,supercritical:0.667;ultra-supercritical:0.333,4600.0,0.0,0.0,0.35,0.3896,0.1426,0.2839,0.0,True,31.1420662,114.8921871,inputs/plants_unit.csv,2025,565.11,False,0.35,86.2478,0.4891,153.5378,0.63,0.5305
P0336,336,H350_335,2,2000.0,2025.0,2065,Inner Mongolia,ultra-supercritical,Air,ultra-supercritical:1.000,0.0,0.0,2000.0,0.37,0.42,0.12,0.25,1.0,True,45.955947,119.106454,inputs/plants_unit.csv,2025,590.29,False,0.37,0.15,0.12,0.34,0.25,0.55
P0337,337,H350_336,2,700.0,2019.0,2059,Guizhou,supercritical,recirculating,supercritical:1.000,0.0,700.0,0.0,1.85,2.7,0.16,0.31,0.0,True,25.377552,105.776871,inputs/plants_unit.csv,2025,471.39,False,1.85,2.19,1.61,4.14,3.06,4.15
P0338,338,H350_337,2,600.0,2006.5,2046,Guangxi,subcritical,once-through,subcritical:1.000,600.0,0.0,0.0,0.35,0.49,0.2,0.36,0.0,True,25.10107,110.06851,inputs/plants_unit.csv,2025,373.08,False,0.35,116.48,1.24,199.11,1.77,1.02
P0339,339,H350_338,2,660.0,2006.5,2046,Hainan,subcritical,once-through,subcritical:1.000,660.0,0.0,0.0,0.35,0.49,0.2,0.36,0.0,False,19.9600112,110.0319297,inputs/plants_unit.csv,2025,0.48,True,0.0,0.0,0.0,0.0,0.0,0.49
P0340,340,H350_339,13,3740.0,2010.4615384615386,2050,Inner Mongolia,subcritical,recirculating,subcritical:0.846;supercritical:0.154,0.0,1940.0,1800.0,1.1377,1.7219,0.1925,0.3506,0.4813,True,42.269955153846155,119.07631438461539,inputs/plants_unit.csv,2025,228.33,False,1.1377,1.2865,1.064,2.4867,1.9561,2.614
P0341,341,H350_340,1,100.0,2019.0,2059,Hebei,subcritical,recirculating,subcritical:1.000,0.0,100.0,0.0,1.85,3.2,0.2,0.36,0.0,True,37.64045,114.879269,inputs/plants_unit.csv,2025,259.55,False,1.85,2.31,2.01,4.51,3.65,4.84
P0342,342,H350_341,8,5260.0,2011.25,2051,Zhejiang,subcritical,once-through,subcritical:0.500;ultra-supercritical:0.500,4960.0,300.0,0.0,0.4356,0.5096,0.1392,0.2763,0.0,True,28.854719537500003,121.57447651250001,inputs/plants_unit.csv,2025,4.4,True,0.1055,0.1317,0.1146,0.2572,0.2082,0.6032
P0343,343,H350_342,6,3920.0,2011.0,2051,Hunan,subcritical,once-through,subcritical:0.333;supercritical:0.333;ultra-supercritical:0.333,3920.0,0.0,0.0,0.35,0.3961,0.1463,0.2878,0.0,True,28.596666700000004,112.2686111,inputs/plants_unit.csv,2025,661.6,False,0.35,90.4313,0.5469,158.4923,0.7467,0.5959
P0344,344,H350_343,6,3960.0,2027.0,2067,Xinjiang,ultra-supercritical,recirculating,ultra-supercritical:1.000,0.0,3960.0,0.0,1.85,2.35,0.12,0.25,0.0,True,37.876453,88.181922,inputs/plants_unit.csv,2025,2576.89,False,1.85,1.58,1.26,3.44,2.53,3.62
P0345,345,H350_344,2,2000.0,2026.0,2066,Gansu,ultra-supercritical,recirculating,ultra-supercritical:1.000,0.0,2000.0,0.0,1.85,2.0,0.12,0.25,0.0,True,38.949575,102.473117,inputs/plants_unit.csv,2025,1311.78,False,1.85,1.58,1.26,3.44,2.53,3.27
P0346,346,H350_345,10,5260.0,2017.2,2057,Inner Mongolia,ultra-supercritical,Air,ultra-supercritical:0.600;subcritical:0.200;supercritical:0.200,0.0,1300.0,3960.0,0.7358,1.0362,0.1344,0.2705,0.7529,True,43.997505000000004,116.13949319999999,inputs/plants_unit.csv,2025,538.48,False,0.7358,0.6679,0.5339,1.3214,1.0118,1.5141
P0347,347,H350_346,4,760.0,2013.5,2053,Ningxia,subcritical,Air,subcritical:1.000,0.0,100.0,660.0,0.5647,0.9161,0.2,0.36,0.8684,True,38.9737633,106.40747515,inputs/plants_unit.csv,2025,970.97,False,0.5647,0.5037,0.4382,0.9842,0.7929,1.2708
P0348,348,H350_347,19,5130.0,2007.7368421052631,2047,Jiangsu,subcritical,recirculating,subcritical:0.579;supercritical:0.211;ultra-supercritical:0.105;CFB:0.105,2700.0,2430.0,0.0,1.0605,1.4602,0.1535,0.2979,0.0,True,32.23087336842106,118.86002289473684,inputs/plants_unit.csv,2025,197.45,False,1.0605,45.4061,1.0362,79.7,1.8351,2.2591
P0349,349,H350_348,4,1300.0,1999.5,2039,Guangdong,subcritical,once-through,subcritical:1.000,1300.0,0.0,0.0,0.35,0.49,0.2,0.36,0.0,False,22.4815686,113.8715649,inputs/plants_unit.csv,2025,0.16,True,0.0,0.0,0.0,0.0,0.0,0.49
P0350,350,H350_349,2,130.0,2024.5,2064,Guangxi,CFB,recirculating,CFB:1.000,0.0,130.0,0.0,1.85,3.2,0.2,0.36,0.0,True,23.290635,110.943891,inputs/plants_unit.csv,2025,184.29,False,1.85,2.31,2.01,4.51,3.65,4.84
